#,Resort,Doc type,Edition year,Status,Latest,URL
1,Six Senses Laamu,sustainability,2024,outdated,Y,https://secretparadise.mv/wp-content/uploads/2025/07/IMPACT-REPORT-2024-1.pdf
1,Six Senses Laamu,sustainability,2022,outdated,,https://letsgomaldives.com/wp-content/uploads/2022/12/Blue_Green_Laamu_November_2022_.pdf
1,Six Senses Laamu,villa_plans,2026,current,Y,https://awesomegetawaymaldives.com/wp-content/uploads/2026/03/Six-Senses-Laamu.pdf
3,Adaaran Select Hudhuranfushi,all_inclusive,2026,current,Y,https://www.adaaran.com/selecthudhuranfushi/view-download/?id=surf%20price%20list
3,Adaaran Select Hudhuranfushi,brochure,2023,outdated,Y,https://visitmaldives.s3.amazonaws.com/eY3VWxw3/o8txtj8h.pdf
159,Cinnamon Dhonveli Maldives,brochure,2023,outdated,Y,https://visitmaldives.s3.amazonaws.com/eY3VWxw3/o8txtj8h.pdf
3,Adaaran Select Hudhuranfushi,dining_menu,2025,current,Y,https://www.adaaran.com/selecthudhuranfushi/view-download/?id=menu-13
3,Adaaran Select Hudhuranfushi,dive_prices,2026,current,Y,https://www.adaaran.com/selecthudhuranfushi/view-download/?id=Menu-10
3,Adaaran Select Hudhuranfushi,dive_prices,2025,current,,https://www.adaaran.com/selecthudhuranfushi/view-download/?id=menu-11
3,Adaaran Select Hudhuranfushi,events,2027,current,Y,https://www.adaaran.com/selecthudhuranfushi/view-download/?id=hrf-mice
3,Adaaran Select Hudhuranfushi,excursions,2026,current,,https://www.adaaran.com/selecthudhuranfushi/view-download/?id=menu-15
3,Adaaran Select Hudhuranfushi,excursions,2026,current,Y,https://www.adaaran.com/selecthudhuranfushi/view-download/?id=hrf-excursion
3,Adaaran Select Hudhuranfushi,factsheet,2026,current,Y,https://www.adaaran.com/selecthudhuranfushi/view-download/?id=menu-16
3,Adaaran Select Hudhuranfushi,factsheet,2023,outdated,,https://www.neoscapesmaldives.com/wp-content/uploads/Fact-Sheet-Adaaran-Select-Hudhuran-Fushi.pdf
3,Adaaran Select Hudhuranfushi,map,2025,current,Y,https://adaaran.eme-devops.com/2025/08/Adaaran-Resorts-%E2%80%93-Sustainability-Management-Plan.pdf
3,Adaaran Select Hudhuranfushi,map,2020,outdated,,https://www.neoscapesmaldives.com/wp-content/uploads/Adaaran-Select-Huduran-Fushi-Map.pdf
3,Adaaran Select Hudhuranfushi,sustainability,2026,current,,https://adaaran.eme-devops.com/2026/06/2026-Environment-Policy-Adaaran-Resorts-Maldives.pdf
3,Adaaran Select Hudhuranfushi,sustainability,2026,current,Y,https://adaaran.eme-devops.com/2026/06/Adaaran-Resorts-SMP-2026-.pdf
3,Adaaran Select Hudhuranfushi,sustainability,2025,current,,https://adaaran.eme-devops.com/2026/05/Sustainabilty-Report-ASH-2025-26_compressed.pdf
3,Adaaran Select Hudhuranfushi,sustainability,2025,current,,https://adaaran.eme-devops.com/2025/08/Adaaran-Resorts-%E2%80%93-Sustainability-Policy.pdf
3,Adaaran Select Hudhuranfushi,sustainability,2025,current,,https://adaaran.eme-devops.com/2025/08/Adaaran-Select-Hudhuran-Fushi-%E2%80%93-Sustainability-Report-2024-2025.pdf
3,Adaaran Select Hudhuranfushi,sustainability,2023,outdated,,https://adaaran.eme-devops.com/2025/08/Adaaran-Select-Hudhuranfushi-Sustainability-Report-2023-24.pdf
3,Adaaran Select Hudhuranfushi,sustainability,2022,outdated,,https://adaaran.eme-devops.com/2025/08/Adaaran-Select-Hudhuranfushi-Sustainability-Report-2022-23.pdf
3,Adaaran Select Hudhuranfushi,sustainability,2021,outdated,,https://adaaran.eme-devops.com/2025/08/Adaaran-Select-Hudhuranfushi-Sustainability-Report-2021-22.pdf
3,Adaaran Select Hudhuranfushi,sustainability,2019,outdated,,https://adaaran.eme-devops.com/2025/08/Adaaran-Select-Hudhuranfushi-Sustainability-Report-2019-20-21.pdf
3,Adaaran Select Hudhuranfushi,wedding,2027,current,Y,https://www.adaaran.com/selecthudhuranfushi/view-download/?id=ASHW
4,Ayada Maldives,all_inclusive,2025,current,Y,https://www.ayadamaldives.com/s/Photography2025.pdf
4,Ayada Maldives,all_inclusive,2021,outdated,,https://ayada2.squarespace.com/s/Diamond-All-Inclusive.pdf
4,Ayada Maldives,brochure,2026,current,Y,https://visitmaldives.com/en/downloads/destination-guide-2026-turkish
4,Ayada Maldives,brochure,2024,outdated,,https://www.ayadamaldives.com/s/Jet-Car-zytf.pdf
4,Ayada Maldives,brochure,2021,outdated,,https://www.ayadamaldives.com/s/Ayada-Reopening-Guidelines-Revised.pdf
4,Ayada Maldives,destination_dining,2022,outdated,Y,https://www.ayadamaldives.com/s/Private-Dining-Menu-ca8b.pdf
4,Ayada Maldives,destination_dining,2020,outdated,,https://www.ayadamaldives.com/s/Russian-Beach-BBQ-Menu.pdf
4,Ayada Maldives,dining_menu,2024,outdated,,https://www.ayadamaldives.com/s/CH-Bev-List.pdf
4,Ayada Maldives,dining_menu,2024,outdated,Y,https://www.ayadamaldives.com/s/Wine-List-2024-russian.pdf
4,Ayada Maldives,dining_menu,2024,outdated,,https://www.ayadamaldives.com/s/Wine-List-2024.pdf
4,Ayada Maldives,dining_menu,2024,outdated,,https://www.ayadamaldives.com/s/Eng-Bev-List.pdf
4,Ayada Maldives,dining_menu,2024,outdated,,https://www.ayadamaldives.com/s/RU-Bev-List.pdf
4,Ayada Maldives,dining_menu,2024,outdated,,https://www.ayadamaldives.com/s/Wine-List-2024-chinese.pdf
4,Ayada Maldives,dining_menu,2024,outdated,,https://www.ayadamaldives.com/s/CigarMenu2pdf-onlynames-1.pdf
4,Ayada Maldives,dining_menu,2023,outdated,,https://www.ayadamaldives.com/s/In-Villa-Dinning-Menu-24hrs-English.pdf
4,Ayada Maldives,dining_menu,2023,outdated,,https://www.ayadamaldives.com/s/Sea-Salt-new-menu-Russian-re3m.pdf
4,Ayada Maldives,dining_menu,2023,outdated,,https://www.ayadamaldives.com/s/Sea-Salt-new-menu-p7pe.pdf
4,Ayada Maldives,dining_menu,2023,outdated,,https://www.ayadamaldives.com/s/Sea-Salt-new-menu-Chinese-mfnc.pdf
4,Ayada Maldives,dining_menu,2022,outdated,,https://www.ayadamaldives.com/s/IDJ-Bin-end-List-2022-English.pdf
4,Ayada Maldives,dining_menu,2022,outdated,,https://www.ayadamaldives.com/s/Mizu-Menu-2022-ds72.pdf
4,Ayada Maldives,dining_menu,2020,outdated,,https://www.ayadamaldives.com/s/Beverage-List-Russian.pdf
4,Ayada Maldives,dining_menu,2020,outdated,,https://www.ayadamaldives.com/s/Kai-Menu-October-Russian.pdf
4,Ayada Maldives,dining_menu,2020,outdated,,https://www.ayadamaldives.com/s/ZD-October-Menu-Russian-FINAL.pdf
4,Ayada Maldives,dining_menu,2020,outdated,,https://www.ayadamaldives.com/s/Ocean-Breeze-Russian-Menu-October-FINAL.pdf
4,Ayada Maldives,dining_menu,2019,outdated,,https://www.ayadamaldives.com/s/WineCheesepdf.pdf
4,Ayada Maldives,dive_prices,2025,current,Y,https://www.ayadamaldives.com/s/Watersports-_Prices_2025-2.pdf
4,Ayada Maldives,dive_prices,2022,outdated,,https://www.ayadamaldives.com/s/Safety-Information.pdf
4,Ayada Maldives,factsheet,2024,outdated,Y,https://www.neoscapesmaldives.com/wp-content/uploads/Ayada-Maldives-Factsheet.pdf
4,Ayada Maldives,other,2024,outdated,Y,https://www.ayadamaldives.com/s/Jet-Car-Russian.pdf
4,Ayada Maldives,press_kit,2023,outdated,Y,https://www.ayadamaldives.com/s/OttomanBevList-Eng_compressed.pdf
4,Ayada Maldives,wedding,2024,outdated,Y,https://www.ayadamaldives.com/s/Ayada-Maldives-Wedding-Package-2024.pdf
5,Bolifushi Island Resort,factsheet,2023,outdated,Y,https://www.neoscapesmaldives.com/wp-content/uploads/OZEN-RESERVE-BOLIFUSHI-Fact-Sheet.pdf
5,Bolifushi Island Resort,map,2023,outdated,Y,https://www.neoscapesmaldives.com/wp-content/uploads/OZEN-RESERVE-BOLIFUSHI-Resort-Map-1.pdf
6,Joali Being Bodufushi,factsheet,2023,outdated,Y,https://www.neoscapesmaldives.com/wp-content/uploads/JoaliBeing_Factsheet_V13.pdf
6,Joali Being Bodufushi,map,2024,outdated,Y,https://www.neoscapesmaldives.com/wp-content/uploads/Map_25x30_V3.pdf
7,Joali Muravandhoo,brochure,2026,current,Y,https://letsgomaldives.com/wp-content/uploads/2026/03/Joali-Eid-Al-Fitr-Digital-Flyer_V2-002-1.pdf
7,Joali Muravandhoo,factsheet,2023,outdated,Y,https://www.neoscapesmaldives.com/wp-content/uploads/JOALI-Maldives-Factsheet.pdf
7,Joali Muravandhoo,map,2023,outdated,Y,https://www.neoscapesmaldives.com/wp-content/uploads/JOALI-Maldives-Island-Map.pdf
7,Joali Muravandhoo,sustainability,2026,current,Y,https://so-hotels.com/wp-content/uploads/sites/19/2026/01/so_sotogrande_press-release_green-key_ES.pdf
7,Joali Muravandhoo,villa_plans,2026,current,Y,https://awesomegetawaymaldives.com/wp-content/uploads/2026/03/Joali-Maldives.pdf
8,Hilton Maldives Amingiri Resort & Spa,factsheet,2025,current,Y,https://www.neoscapesmaldives.com/wp-content/uploads/MLEAI_Factsheet-March-2025.pdf
8,Hilton Maldives Amingiri Resort & Spa,factsheet,2022,outdated,,https://maldives.ru/doc/doc/MLEAI%20Factsheet_RU.pdf
8,Hilton Maldives Amingiri Resort & Spa,map,2025,current,Y,https://www.neoscapesmaldives.com/wp-content/uploads/2025-Hilton-Maldives-Amingiri-Resort-_-Spa-Map.pdf
8,Hilton Maldives Amingiri Resort & Spa,map,2022,outdated,,https://letsgomaldives.com/wp-content/uploads/2023/06/Hilton-Maldives-Amingiri-Resort-Spa-Map.pdf
8,Hilton Maldives Amingiri Resort & Spa,map,2022,outdated,,https://maldives.ru/doc/doc/Hilton%20Maldives%20Amingiri%20Spa%20Map.pdf
9,Amilla Fushi,all_inclusive,2025,current,,https://amilla.com/wp-content/uploads/Meal-Plans-2025-Updated.pdf
9,Amilla Fushi,all_inclusive,2025,current,Y,https://amilla.com/wp-content/uploads/Bluejay_Packages_v3.pdf
9,Amilla Fushi,all_inclusive,2024,outdated,,https://amilla.com/wp-content/uploads/Football-Camp-with-Mikael-Silvestre.pdf
9,Amilla Fushi,all_inclusive,2024,outdated,,https://amilla.com/wp-content/uploads/Bluejay-Photography-Packages.pdf
9,Amilla Fushi,all_inclusive,2022,outdated,,https://amilla.com/wp-content/uploads/Inclusive-travel-accessibility.pdf
9,Amilla Fushi,brochure,2026,current,Y,https://amilla.com/wp-content/uploads/International-Coffee-Day-2026-Final.pdf
9,Amilla Fushi,brochure,2026,current,,https://amilla.com/wp-content/uploads/Flyer-_-Dr.-Lim.pdf
9,Amilla Fushi,brochure,2026,current,,https://amilla.com/wp-content/uploads/Flyer-_-Dr.-Tridendra-1.pdf
9,Amilla Fushi,brochure,2026,current,,https://amilla.com/wp-content/uploads/Flyer-_-Dr.-Lim-2.pdf
9,Amilla Fushi,brochure,2026,current,,https://amilla.com/wp-content/uploads/VP-Flyer_Nikki-new-2.pdf
9,Amilla Fushi,brochure,2026,current,,https://cdnm.heyzine.com/flip-book/pdf/0428b4210a21a161d5ef3446ad23dc306e66f560-5.pdf
9,Amilla Fushi,brochure,2026,current,,https://cdnm.heyzine.com/files/uploaded/v3/746ac128478ee8097b9789a4a8a9631672c91701-1.pdf
9,Amilla Fushi,brochure,2026,current,,https://cdnm.heyzine.com/files/uploaded/ddf9f350e694dd1038b18f12d5f5e684164daa15.pdf
9,Amilla Fushi,brochure,2026,current,,https://cdnm.heyzine.com/files/uploaded/v3/e4eff57c4c0a23fb4fca49fc2874b5162b889ff3.pdf
9,Amilla Fushi,brochure,2024,outdated,,https://amilla.com/wp-content/uploads/Football-Academy_Flyer.pdf
9,Amilla Fushi,brochure,2024,outdated,,https://amilla.com/wp-content/uploads/Halloween-Flyer-Revised_LR.pdf
9,Amilla Fushi,brochure,2024,outdated,,https://letsgomaldives.com/wp-content/uploads/2024/03/Amilla-Maldives.pdf
9,Amilla Fushi,calendar,2024,outdated,Y,https://amilla.com/wp-content/uploads/Orthodox-Easter_2024.pdf
9,Amilla Fushi,calendar,2024,outdated,,https://amilla.com/wp-content/uploads/Chinese-New-Year-2024.pdf
9,Amilla Fushi,calendar,2023,outdated,,https://amilla.com/wp-content/uploads/Pause-Retreat.pdf
9,Amilla Fushi,dining_menu,2026,current,,https://amilla.com/wp-content/uploads/Menu-_-Dr.-Lim-1.pdf
9,Amilla Fushi,dining_menu,2026,current,,https://amilla.com/wp-content/uploads/Final.pdf
9,Amilla Fushi,dining_menu,2026,current,,https://amilla.com/wp-content/uploads/Menu_Nikki_.pdf
9,Amilla Fushi,dining_menu,2026,current,,https://amilla.com/wp-content/uploads/Clay-Studio-Menu.pdf
9,Amilla Fushi,dining_menu,2026,current,,https://amilla.com/wp-content/uploads/Menu_Dr.-Shagnika.pdf
9,Amilla Fushi,dining_menu,2026,current,Y,https://amilla.com/wp-content/uploads/Eid-Al-adha_2026.pdf
9,Amilla Fushi,dining_menu,2026,current,,https://amilla.com/wp-content/uploads/Dr.-Shreejit_Menu.pdf
9,Amilla Fushi,dining_menu,2026,current,,https://amilla.com/wp-content/uploads/Amp_Menu.pdf
9,Amilla Fushi,dining_menu,2026,current,,https://amilla.com/wp-content/uploads/Jang-Menu.pdf
9,Amilla Fushi,dining_menu,2026,current,Y,https://amilla.com/wp-content/uploads/Francesc_Menu.pdf
128,"One & Only Reethi Rah, Maldives",dining_menu,2026,current,Y,https://amilla.com/wp-content/uploads/Francesc_Menu.pdf
9,Amilla Fushi,dining_menu,2025,current,,https://amilla.com/wp-content/uploads/DBI-Amilla-Tablet-Mobile-Menu-July-2025.pdf
9,Amilla Fushi,dining_menu,2025,current,,https://amilla.com/wp-content/uploads/Yoko-Kawaguchi_Menu.pdf
9,Amilla Fushi,dining_menu,2025,current,,https://amilla.com/wp-content/uploads/Rashdy-Ahmad_Menu.pdf
9,Amilla Fushi,dining_menu,2025,current,,https://amilla.com/wp-content/uploads/Dr.-Amit_Menu.pdf
9,Amilla Fushi,dining_menu,2025,current,,https://amilla.com/wp-content/uploads/Karol_Menu.pdf
9,Amilla Fushi,dining_menu,2025,current,,https://amilla.com/wp-content/uploads/Dr.-Sohal_Menu-1.pdf
9,Amilla Fushi,dining_menu,2025,current,,https://amilla.com/wp-content/uploads/Lisa_Menu.pdf
9,Amilla Fushi,dining_menu,2025,current,,https://amilla.com/wp-content/uploads/Pallavi-Sawant_Menu-1.pdf
9,Amilla Fushi,dining_menu,2025,current,,https://amilla.com/wp-content/uploads/Pallavi-Sawant_Menu.pdf
9,Amilla Fushi,dining_menu,2025,current,,https://amilla.com/wp-content/uploads/Patience_Menu-1.pdf
9,Amilla Fushi,dining_menu,2025,current,,https://amilla.com/wp-content/uploads/Patience_Menu.pdf
9,Amilla Fushi,dining_menu,2024,outdated,,https://amilla.com/wp-content/uploads/VP-Dr.-Tridendra-Service-Menu-2.pdf
9,Amilla Fushi,dining_menu,2024,outdated,,https://amilla.com/wp-content/uploads/Umana-Noordeen_Menu.pdf
9,Amilla Fushi,dining_menu,2024,outdated,,https://amilla.com/wp-content/uploads/Umana-Noordeen_Menu-1.pdf
9,Amilla Fushi,dining_menu,2024,outdated,,https://amilla.com/wp-content/uploads/VP-Dr.-Tridendra-Service-Menu-1.pdf
9,Amilla Fushi,dining_menu,2024,outdated,,https://amilla.com/wp-content/uploads/DBI-Amilla-2024.pdf
9,Amilla Fushi,dining_menu,2024,outdated,,https://amilla.com/wp-content/uploads/VP-Dr.-Tridendra-Service-Menu.pdf
9,Amilla Fushi,dining_menu,2024,outdated,,https://amilla.com/wp-content/uploads/Eid-al-Fitr-at-Amilla.pdf
9,Amilla Fushi,dining_menu,2024,outdated,,https://amilla.com/wp-content/uploads/Elle-Lenka-Fernandes-Menu.pdf
9,Amilla Fushi,dining_menu,2023,outdated,,https://amilla.com/wp-content/uploads/East-WYW-Menu.pdf
9,Amilla Fushi,dining_menu,2023,outdated,,https://amilla.com/wp-content/uploads/East-Menu.pdf
9,Amilla Fushi,dining_menu,2023,outdated,,https://amilla.com/wp-content/uploads/Joes-Pizza-Menu.pdf
9,Amilla Fushi,dining_menu,2023,outdated,,https://amilla.com/wp-content/uploads/In-Villa-Home-Delivery-Menu.pdf
9,Amilla Fushi,dining_menu,2020,outdated,,https://amilla.com/wp-content/uploads/Wine-List.pdf
9,Amilla Fushi,dive_prices,2026,current,Y,https://cdnm.heyzine.com/files/uploaded/bf3b327762e3c4a482f3926ee4a6d5c54b92ccda-2.pdf
9,Amilla Fushi,dive_prices,2025,current,,https://amilla.com/wp-content/uploads/GSTUPD_DBI-Amilla-WS-Price-List-2025_online.pdf
9,Amilla Fushi,dive_prices,2025,current,,https://amilla.com/wp-content/uploads/Sports-Fishing-2025.pdf
9,Amilla Fushi,dive_prices,2024,outdated,,https://amilla.com/wp-content/uploads/Marine-Life-Information.pdf
9,Amilla Fushi,dive_prices,2024,outdated,,https://amilla.com/wp-content/uploads/Snorkelling-at-Amilla-01.pdf
9,Amilla Fushi,dive_prices,2023,outdated,,https://amilla.com/wp-content/uploads/DBI-Amilla-Watersports.pdf
9,Amilla Fushi,dive_prices,2011,outdated,,https://amilla.com/wp-content/uploads/DBI-Amilla-Compendium-Diving-Rates.pdf
9,Amilla Fushi,excursions,2026,current,,https://cdnm.heyzine.com/files/uploaded/ba66d7cfc768ba1485c73e0d2df5164c216e5e23-6.pdf
9,Amilla Fushi,excursions,2026,current,Y,https://cdnm.heyzine.com/flip-book/pdf/aba740c3fbc04dec532e6a3edd56c9c9aedfdba7.pdf
9,Amilla Fushi,excursions,2025,current,,https://amilla.com/wp-content/uploads/Excursions_-September-2025.pdf
9,Amilla Fushi,excursions,2025,current,,https://amilla.com/wp-content/uploads/Excursions_2025-2-1.pdf
9,Amilla Fushi,factsheet,2026,current,Y,https://amilla.com/wp-content/uploads/Amilla-Maldives_Fact-Sheet_2026.pdf
9,Amilla Fushi,factsheet,2023,outdated,,https://amilla.com/wp-content/uploads/2023/05/Amilla-Maldives-Resort-Residences-Fact-Sheet.pdf
9,Amilla Fushi,factsheet,2021,outdated,,https://letsgomaldives.com/wp-content/uploads/2017/07/Amilla-Maldives-Resort-and-Residences_Villas_Fact_Sheet.pdf
9,Amilla Fushi,kids,2025,current,Y,https://amilla.com/wp-content/uploads/Tennis-1.pdf
9,Amilla Fushi,kids,2024,outdated,,https://amilla.com/wp-content/uploads/Kids-Club-Schedule_2024.pdf
9,Amilla Fushi,kids,2024,outdated,,https://amilla.com/wp-content/uploads/Tennis_Vlad_2024.pdf
9,Amilla Fushi,kids,2023,outdated,,https://amilla.com/wp-content/uploads/Amilla-Penguin-Journey.pdf
9,Amilla Fushi,kids,2023,outdated,,https://amilla.com/wp-content/uploads/Tennis.pdf
9,Amilla Fushi,map,2024,outdated,Y,https://amilla.com/wp-content/uploads/2023/04/Resort-Map-2024_Updated_LR.pdf
9,Amilla Fushi,map,2019,outdated,,https://www.neoscapesmaldives.com/wp-content/uploads/Amilla-Resort-Map.pdf
9,Amilla Fushi,other,2025,current,Y,https://amilla.com/wp-content/uploads/The-Amilla-Estate.pdf
9,Amilla Fushi,spa_menu,2026,current,,https://amilla.com/wp-content/uploads/International-Yoga-Day-2026.pdf
9,Amilla Fushi,spa_menu,2026,current,,https://amilla.com/wp-content/uploads/Global-Wellness-Day.pdf
9,Amilla Fushi,spa_menu,2026,current,Y,https://amilla.com/wp-content/uploads/Mothers-Day_2026.pdf
9,Amilla Fushi,spa_menu,2024,outdated,,https://amilla.com/wp-content/uploads/Javvu-Spa-Menu_October2024_v2.pdf
9,Amilla Fushi,spa_menu,2024,outdated,,https://amilla.com/wp-content/uploads/Claire-OSullivan-July-VP.pdf
9,Amilla Fushi,spa_menu,2024,outdated,,https://amilla.com/wp-content/uploads/Consuelo-Sayoran-August-2024.pdf
9,Amilla Fushi,spa_menu,2024,outdated,,https://amilla.com/wp-content/uploads/AmillaMaldives_Javvu-Spa-Menu-2024.pdf
9,Amilla Fushi,spa_menu,2024,outdated,,https://amilla.com/wp-content/uploads/Master-Sifu-Aniket-Visiting-Practitioner.pdf
9,Amilla Fushi,spa_menu,2024,outdated,,https://amilla.com/wp-content/uploads/Jang-Kanlayanee.pdf
9,Amilla Fushi,spa_menu,2024,outdated,,https://amilla.com/wp-content/uploads/Valentines-Day-at-Javvu-Spa-1.pdf
9,Amilla Fushi,spa_menu,2024,outdated,,https://amilla.com/wp-content/uploads/Dr.-Fabio-Massimo-Paciucci-.pdf
9,Amilla Fushi,spa_menu,2024,outdated,,https://amilla.com/wp-content/uploads/Katrina-Valente.pdf
9,Amilla Fushi,spa_menu,2023,outdated,,https://amilla.com/wp-content/uploads/Tridendra-Shayak.pdf
9,Amilla Fushi,spa_menu,2023,outdated,,https://amilla.com/wp-content/uploads/Paul-Emery.pdf
9,Amilla Fushi,spa_menu,2023,outdated,,https://amilla.com/wp-content/uploads/George-Kleopas.pdf
9,Amilla Fushi,sustainability,2026,current,,https://amilla.com/wp-content/uploads/World-Sea-Turtle-Day-Flyer.pdf
9,Amilla Fushi,sustainability,2026,current,Y,https://amilla.com/wp-content/uploads/Amilla-Maldives_Sustainability_2026.pdf
9,Amilla Fushi,sustainability,2024,outdated,,https://amilla.com/wp-content/uploads/Earth-Day-at-Amilla-2024.pdf
9,Amilla Fushi,villa_plans,2026,current,Y,https://amilla.com/wp-content/uploads/Accessibility-Inclusivity_2026.pdf
9,Amilla Fushi,villa_plans,2025,current,,https://amilla.com/wp-content/uploads/Four-Bedroom-Residence-.pdf
9,Amilla Fushi,villa_plans,2025,current,,https://amilla.com/wp-content/uploads/The-Great-Beach-Residence.pdf
9,Amilla Fushi,villa_plans,2022,outdated,,https://www.neoscapesmaldives.com/wp-content/uploads/Fatcheet-Amilla-Maldives-Resort-and-Residences.pdf
9,Amilla Fushi,wedding,2026,current,Y,https://cdnm.heyzine.com/files/uploaded/v3/04df2b6e63a93cb41205ebd6ed21d4ba4359dce4-1.pdf
9,Amilla Fushi,wedding,2024,outdated,,https://amilla.com/wp-content/uploads/Football-camp-with-Teddy-Sheringham-2024.pdf
10,Dreamland - The Unique Sea & Lake Resort/Spa,all_inclusive,2023,outdated,Y,https://dreamland.com.mv/wp-content/uploads/2024/08/DreamLand-All-Inclusive-Package-German-2023.pdf
10,Dreamland - The Unique Sea & Lake Resort/Spa,all_inclusive,2023,outdated,,https://dreamland.com.mv/wp-content/uploads/2024/08/DreamLand-All-Inclusive-Package-English-2023.pdf
10,Dreamland - The Unique Sea & Lake Resort/Spa,destination_dining,2023,outdated,Y,https://dreamland.com.mv/wp-content/uploads/2024/08/DreamLand-Private-BBQ-Seafood-Menu-2023.pdf
10,Dreamland - The Unique Sea & Lake Resort/Spa,destination_dining,2023,outdated,,https://dreamland.com.mv/wp-content/uploads/2024/08/DreamLand-Private-BBQ-Meat-Menu-2023.pdf
10,Dreamland - The Unique Sea & Lake Resort/Spa,dining_menu,2023,outdated,,https://dreamland.com.mv/wp-content/uploads/2024/08/DreamLand-Private-Lobster-Dinner-Menu-2023.pdf
10,Dreamland - The Unique Sea & Lake Resort/Spa,dining_menu,2023,outdated,,https://dreamland.com.mv/wp-content/uploads/2024/08/DreamLand-HoneyMoon-Dinner-with-Fish-Starter-1-2023.pdf
10,Dreamland - The Unique Sea & Lake Resort/Spa,dining_menu,2023,outdated,,https://dreamland.com.mv/wp-content/uploads/2024/08/DreamLand-Eat-Enjoy-Menu-2023.pdf
10,Dreamland - The Unique Sea & Lake Resort/Spa,dining_menu,2023,outdated,Y,https://dreamland.com.mv/wp-content/uploads/2024/08/DreamLand-Beverage-Menu-2023.pdf
10,Dreamland - The Unique Sea & Lake Resort/Spa,dining_menu,2023,outdated,,https://dreamland.com.mv/wp-content/uploads/2024/08/DreamLand-WINE-MENU-2023.pdf
10,Dreamland - The Unique Sea & Lake Resort/Spa,dining_menu,2023,outdated,,https://dreamland.com.mv/wp-content/uploads/2024/08/DreamLand-AI-MENU-2023.pdf
10,Dreamland - The Unique Sea & Lake Resort/Spa,dive_prices,2023,outdated,Y,https://dreamland.com.mv/wp-content/uploads/2023/08/DC-Pricelist-2023-Dreamland.pdf
10,Dreamland - The Unique Sea & Lake Resort/Spa,excursions,2023,outdated,,https://dreamland.com.mv/wp-content/uploads/2024/08/DREAMLAND-Private-Excursion-Trips-2023.pdf
10,Dreamland - The Unique Sea & Lake Resort/Spa,excursions,2023,outdated,Y,https://dreamland.com.mv/wp-content/uploads/2024/08/DREAMLAND-Excursion-updated-2023.pdf
10,Dreamland - The Unique Sea & Lake Resort/Spa,factsheet,2023,outdated,,https://dreamland.com.mv/wp-content/uploads/2024/08/DreamLand-FactSheet-English-2023.pdf
10,Dreamland - The Unique Sea & Lake Resort/Spa,factsheet,2023,outdated,Y,https://dreamland.com.mv/wp-content/uploads/2024/08/DREAMLAND-GENERAL-INFORMATION-GERMAN-2023.pdf
10,Dreamland - The Unique Sea & Lake Resort/Spa,factsheet,2023,outdated,,https://dreamland.com.mv/wp-content/uploads/2024/08/DREAMLAND-GENERAL-INFORMATION-ENGLISH-2023.pdf
10,Dreamland - The Unique Sea & Lake Resort/Spa,factsheet,2023,outdated,,https://dreamland.com.mv/wp-content/uploads/2024/08/DREAMLAND-GENERAL-INFORMATION-CHINESE-2023.pdf
10,Dreamland - The Unique Sea & Lake Resort/Spa,map,2023,outdated,Y,https://dreamland.com.mv/wp-content/uploads/2024/08/DreamLand-Meal-Plan-Upgrade-2023.pdf
10,Dreamland - The Unique Sea & Lake Resort/Spa,map,2018,outdated,,https://dreamland.com.mv/wp-content/uploads/2024/08/SPLENDID_DREAMLAND_RESORT-MAP_EDITED.pdf
10,Dreamland - The Unique Sea & Lake Resort/Spa,spa_menu,2023,outdated,Y,https://dreamland.com.mv/wp-content/uploads/2024/08/Duny-Spa-menu-chineese-2023.pdf
10,Dreamland - The Unique Sea & Lake Resort/Spa,wedding,2023,outdated,Y,https://dreamland.com.mv/wp-content/uploads/2024/08/DREAMLAND-VOW-CEREMONY-2023.pdf
11,Angaga Island Resort and Spa,all_inclusive,2018,outdated,Y,https://www.angaga.com.mv/wp-content/uploads/2018/12/All-Inclusive-Package-3.pdf
11,Angaga Island Resort and Spa,dining_menu,2025,current,,https://www.angaga.com.mv/wp-content/uploads/2025/05/COFFEE_SHOP_EAT_MENU_2025.pdf
11,Angaga Island Resort and Spa,dining_menu,2025,current,,https://www.angaga.com.mv/wp-content/uploads/2025/05/Angaga_All_inclusive_menu_Sun_Downbar_2025.pdf
11,Angaga Island Resort and Spa,dining_menu,2025,current,,https://www.angaga.com.mv/wp-content/uploads/2025/05/Angaga_drinks_menu_2025.pdf
11,Angaga Island Resort and Spa,dining_menu,2025,current,Y,https://www.angaga.com.mv/wp-content/uploads/2025/05/Angaga_wine_menu_2025.pdf
11,Angaga Island Resort and Spa,dining_menu,2018,outdated,,https://www.angaga.com.mv/wp-content/uploads/2018/12/COFFEE-SHOP-MENU.pdf
11,Angaga Island Resort and Spa,dining_menu,2018,outdated,,https://www.angaga.com.mv/wp-content/uploads/2018/12/All-Inclusive-menu-1-2.pdf
11,Angaga Island Resort and Spa,dining_menu,2014,outdated,,https://www.angaga.com.mv/wp-content/uploads/2018/12/wine-menu-3.pdf
11,Angaga Island Resort and Spa,dining_menu,2012,outdated,,https://www.angaga.com.mv/wp-content/uploads/2018/12/Angaga-Wine-Menu-New-2.pdf
11,Angaga Island Resort and Spa,dive_map,2018,outdated,Y,https://www.angaga.com.mv/wp-content/uploads/2018/12/Angaga-Dive-Sites.pdf
11,Angaga Island Resort and Spa,dive_prices,2018,outdated,,https://www.angaga.com.mv/wp-content/uploads/2018/12/Introduction-to-Snorkeling-and-Diving-Angaga.pdf
11,Angaga Island Resort and Spa,dive_prices,2018,outdated,Y,https://www.angaga.com.mv/wp-content/uploads/2018/12/Angaga-Water-Sports-Activities-Information.pdf
11,Angaga Island Resort and Spa,dive_prices,2018,outdated,,https://www.angaga.com.mv/wp-content/uploads/2018/12/Angaga-Dive-Center-Information.pdf
11,Angaga Island Resort and Spa,dive_prices,2015,outdated,,https://www.angaga.com.mv/wp-content/uploads/2018/12/FAQ-SUB-AQUA-DiveCenter.pdf
11,Angaga Island Resort and Spa,dive_prices,2014,outdated,,https://www.angaga.com.mv/wp-content/uploads/2018/11/docpdf_pricelistwatersports-angaga.pdf
11,Angaga Island Resort and Spa,excursions,2018,outdated,Y,https://www.angaga.com.mv/wp-content/uploads/2018/12/EXCURSIONS.pdf
11,Angaga Island Resort and Spa,factsheet,2018,outdated,Y,https://www.angaga.com.mv/wp-content/uploads/2018/12/GENERAL-INFORMATION.pdf
11,Angaga Island Resort and Spa,other,2025,current,Y,https://www.angaga.com.mv/wp-content/uploads/2025/04/Prices-are-subject-to-change-without-any-prior-notice.pdf
11,Angaga Island Resort and Spa,other,2018,outdated,,https://www.angaga.com.mv/wp-content/uploads/2018/12/HolidayCheck-2018.pdf
11,Angaga Island Resort and Spa,other,2015,outdated,,https://www.angaga.com.mv/wp-content/uploads/2018/12/HolidayCheck-2015.pdf
11,Angaga Island Resort and Spa,other,2014,outdated,,https://www.angaga.com.mv/wp-content/uploads/2018/12/HolidayCheck-2014.pdf
11,Angaga Island Resort and Spa,other,2014,outdated,,https://www.angaga.com.mv/wp-content/uploads/2018/12/HolidayCheck-2014-Winner.pdf
11,Angaga Island Resort and Spa,other,2013,outdated,,https://www.angaga.com.mv/wp-content/uploads/2018/12/HolidayCheck-2013.pdf
11,Angaga Island Resort and Spa,spa_menu,2018,outdated,Y,https://www.angaga.com.mv/wp-content/uploads/2018/12/Duny-Spa-menu-chineese-1.pdf
11,Angaga Island Resort and Spa,spa_menu,2018,outdated,,https://www.angaga.com.mv/wp-content/uploads/2018/12/Duny-Spa-menu-german-1.pdf
11,Angaga Island Resort and Spa,wedding,2018,outdated,Y,https://www.angaga.com.mv/wp-content/uploads/2018/12/Angaga-Wedding-Package.pdf
11,Angaga Island Resort and Spa,wedding,2018,outdated,,https://www.angaga.com.mv/wp-content/themes/angaga/assets/pdf/wedding-package.pdf
12,Thulhagiri Island Resort & Spa,all_inclusive,2024,outdated,Y,https://www.thulhagiri.com.mv/wp-content/uploads/2025/10/All-inclusive-HBP_Package-Details-.pdf
12,Thulhagiri Island Resort & Spa,destination_dining,2025,current,Y,https://www.thulhagiri.com.mv/wp-content/uploads/2025/10/Romantic-Beach-Dinner.pdf
12,Thulhagiri Island Resort & Spa,dining_menu,2025,current,,https://www.thulhagiri.com.mv/wp-content/uploads/2025/10/Coffee-Shop-Menu-2025.pdf
12,Thulhagiri Island Resort & Spa,dining_menu,2025,current,,https://www.thulhagiri.com.mv/wp-content/uploads/2025/10/Drinks-Menu-2025.pdf
12,Thulhagiri Island Resort & Spa,dining_menu,2025,current,,https://www.thulhagiri.com.mv/wp-content/uploads/2025/10/Wine-menu-2025.pdf
12,Thulhagiri Island Resort & Spa,dining_menu,2025,current,Y,https://www.thulhagiri.com.mv/wp-content/uploads/2025/10/All-Inclusive-Drinks-Menu-2025-1.pdf
12,Thulhagiri Island Resort & Spa,dining_menu,2023,outdated,,https://www.thulhagiri.com.mv/wp-content/uploads/2023/01/WELCOME-THULHAGIRI-ENGLISH-GERMAN-VERSION-2023.pdf
12,Thulhagiri Island Resort & Spa,dining_menu,2023,outdated,,https://www.thulhagiri.com.mv/wp-content/uploads/2023/01/Cocktails-List-2023.pdf
12,Thulhagiri Island Resort & Spa,dive_map,2022,outdated,Y,https://www.thulhagiri.com.mv/wp-content/uploads/2022/12/Thulhagiri-Dive-Site-information-2022.pdf
12,Thulhagiri Island Resort & Spa,dive_prices,2025,current,Y,https://www.thulhagiri.com.mv/wp-content/uploads/2025/10/Dive-Center-Pricelist-2025.pdf
12,Thulhagiri Island Resort & Spa,dive_prices,2024,outdated,,https://www.thulhagiri.com.mv/wp-content/uploads/2025/10/Water-Sports-Info-2024.pdf
12,Thulhagiri Island Resort & Spa,dive_prices,2018,outdated,,https://www.thulhagiri.com.mv/wp-content/uploads/2018/12/While-snorkelingchinese.pdf
12,Thulhagiri Island Resort & Spa,dive_prices,2018,outdated,,https://www.thulhagiri.com.mv/wp-content/uploads/2018/12/Thulhagiri18.pdf
12,Thulhagiri Island Resort & Spa,map,2025,current,Y,https://www.thulhagiri.com.mv/wp-content/uploads/2025/10/Thulhagiri-Map-Updated-2025.pdf
12,Thulhagiri Island Resort & Spa,other,2018,outdated,Y,https://www.thulhagiri.com.mv/wp-content/uploads/2018/12/thulhagirimap.pdf
12,Thulhagiri Island Resort & Spa,press_kit,2025,current,Y,https://www.thulhagiri.com.mv/wp-content/uploads/2025/10/Photography-2025.pdf
12,Thulhagiri Island Resort & Spa,spa_menu,2024,outdated,Y,https://www.thulhagiri.com.mv/wp-content/uploads/2024/01/Duny-Thai-Spa-Menu-2024-Thulhagiri.pdf
12,Thulhagiri Island Resort & Spa,sustainability,2025,current,Y,https://www.thulhagiri.com.mv/wp-content/uploads/2025/10/EXCUSION-TOURS-2025.pdf
12,Thulhagiri Island Resort & Spa,villa_plans,2018,outdated,Y,https://www.thulhagiri.com.mv/wp-content/uploads/2018/12/Welcome-to-Thulhagiri.pdf
13,Sandies Bathala,dining_menu,2018,outdated,Y,https://d1vp8nomjxwyf1.cloudfront.net/wp-content/uploads/sites/212/2017/07/10144441/Italia-a-Tavola_Nov-2018.pdf
13,Sandies Bathala,dining_menu,2017,outdated,,https://d1vp8nomjxwyf1.cloudfront.net/wp-content/uploads/sites/110/2017/03/04145242/DiamondsMaldives_Traveller_Winter-2017.pdf
13,Sandies Bathala,events,2026,current,Y,https://d1vp8nomjxwyf1.cloudfront.net/wp-content/uploads/sites/212/2017/07/03081145/DIAMONDS-Malindi-MICE-Booklet-2026.pdf
13,Sandies Bathala,events,2026,current,,https://d1vp8nomjxwyf1.cloudfront.net/wp-content/uploads/sites/212/2026/03/26095245/Conference-Packages.pdf
13,Sandies Bathala,events,2024,outdated,,https://d1vp8nomjxwyf1.cloudfront.net/wp-content/uploads/sites/212/2017/07/05112313/Planhotel-Corporate-Sustainability-Report-2024.pdf
13,Sandies Bathala,other,2021,outdated,Y,https://d1vp8nomjxwyf1.cloudfront.net/wp-content/uploads/sites/110/2017/03/18094049/Diamonds-Thudufushhi_Harpers-Bazaar_Summer-2021.pdf
13,Sandies Bathala,other,2020,outdated,,https://d1vp8nomjxwyf1.cloudfront.net/wp-content/uploads/sites/212/2023/03/17095141/Sandies-Malindi-Dream-Garden.pdf
13,Sandies Bathala,other,2020,outdated,,https://d1vp8nomjxwyf1.cloudfront.net/wp-content/uploads/sites/212/2023/03/17094954/Diamonds-Dream-of-Africa.pdf
13,Sandies Bathala,other,2019,outdated,,https://d1vp8nomjxwyf1.cloudfront.net/wp-content/uploads/sites/212/2023/03/17095120/Sandies-Bathala.pdf
13,Sandies Bathala,other,2019,outdated,,https://d1vp8nomjxwyf1.cloudfront.net/wp-content/uploads/sites/212/2017/07/18151813/Hotel-Italia_Italia-a-Tavola_DecJan-2019.pdf
13,Sandies Bathala,other,2019,outdated,,https://d1vp8nomjxwyf1.cloudfront.net/wp-content/uploads/sites/109/2017/03/09142254/38-Oggi1.pdf
13,Sandies Bathala,other,2018,outdated,,https://d1vp8nomjxwyf1.cloudfront.net/wp-content/uploads/sites/212/2017/07/25151513/2018-10-conde-nast-johansen-b.pdf
13,Sandies Bathala,other,2018,outdated,,https://d1vp8nomjxwyf1.cloudfront.net/wp-content/uploads/sites/212/2017/07/23084602/2018_10_23_LACUCINAITALIANA_THEVIEW1.pdf
13,Sandies Bathala,other,2018,outdated,,https://d1vp8nomjxwyf1.cloudfront.net/wp-content/uploads/sites/110/2017/03/14085950/Passion_JRE-magazine.pdf
13,Sandies Bathala,other,2017,outdated,,https://d1vp8nomjxwyf1.cloudfront.net/wp-content/uploads/sites/113/2017/04/08083304/DiamondsMapenziBeach_Explore-Tanzania_2017-18.pdf
13,Sandies Bathala,other,2017,outdated,,https://d1vp8nomjxwyf1.cloudfront.net/wp-content/uploads/sites/113/2017/04/08101825/Planhotel_Posh_2-2017.pdf
13,Sandies Bathala,other,2017,outdated,,https://d1vp8nomjxwyf1.cloudfront.net/wp-content/uploads/sites/113/2017/04/10151621/Planhotel_Luxury_Spring-2017.pdf
13,Sandies Bathala,other,2017,outdated,,https://d1vp8nomjxwyf1.cloudfront.net/wp-content/uploads/sites/113/2017/04/08092335/Diamonds_Wonder-World_Winter-2017.pdf
13,Sandies Bathala,other,2016,outdated,,https://d1vp8nomjxwyf1.cloudfront.net/wp-content/uploads/sites/110/2017/03/10144745/DiamondsMaldives_beSpoke_Winter-2016.pdf
13,Sandies Bathala,other,2016,outdated,,https://d1vp8nomjxwyf1.cloudfront.net/wp-content/uploads/sites/110/2017/03/08100159/DiamondsMaldives_Wonder-World_Fall-2016.pdf
13,Sandies Bathala,other,2016,outdated,,https://d1vp8nomjxwyf1.cloudfront.net/wp-content/uploads/sites/113/2017/04/10151529/Planhotel_ASTA_Fall-2016.pdf
13,Sandies Bathala,other,2016,outdated,,https://d1vp8nomjxwyf1.cloudfront.net/wp-content/uploads/sites/110/2017/03/10143823/Diamonds_Posh_Winter-2016.pdf
13,Sandies Bathala,other,2015,outdated,,https://d1vp8nomjxwyf1.cloudfront.net/wp-content/uploads/sites/212/2017/07/08084043/Procedura-di-prenotazione.pdf
13,Sandies Bathala,other,2015,outdated,,https://d1vp8nomjxwyf1.cloudfront.net/wp-content/uploads/sites/212/2017/08/04153912/Planhotel_Company-Profile_2015.pdf
13,Sandies Bathala,other,2014,outdated,,https://d1vp8nomjxwyf1.cloudfront.net/wp-content/uploads/sites/114/2017/04/08075432/DiamondsDreamofAfrica_Nat-Geo-Luxury-Collection_2014.pdf
13,Sandies Bathala,other,2014,outdated,,https://d1vp8nomjxwyf1.cloudfront.net/wp-content/uploads/sites/110/2017/03/08080920/DiamondsMaldive_Traveller_Winter-2014.pdf
13,Sandies Bathala,spa_menu,2018,outdated,Y,https://d1vp8nomjxwyf1.cloudfront.net/wp-content/uploads/sites/212/2017/07/02141435/Planhotel-Hospitality-Group-Company-Profile_dsp.pdf
13,Sandies Bathala,spa_menu,2018,outdated,,https://d1vp8nomjxwyf1.cloudfront.net/wp-content/uploads/sites/212/2017/07/14094821/Planhotel-Company-Profile.pdf
13,Sandies Bathala,sustainability,2019,outdated,Y,https://d1vp8nomjxwyf1.cloudfront.net/wp-content/uploads/sites/109/2017/03/09142114/DIAMONDSRESORTS_GENTLEMANGREENpdf.pdf
13,Sandies Bathala,villa_plans,2020,outdated,Y,https://d1vp8nomjxwyf1.cloudfront.net/wp-content/uploads/sites/212/2023/03/17095202/Sandies-Tropical-Village.pdf
13,Sandies Bathala,villa_plans,2017,outdated,,https://d1vp8nomjxwyf1.cloudfront.net/wp-content/uploads/sites/212/2017/07/02075547/Diamonds-Dream-of-Africa_2017_Groups-Manual.pdf
13,Sandies Bathala,villa_plans,2015,outdated,,https://d1vp8nomjxwyf1.cloudfront.net/wp-content/uploads/sites/212/2017/08/08084335/Travel-Professionals-PT-PT.pdf
15,Alila Kothaifaru Maldives,factsheet,2022,outdated,Y,https://www.neoscapesmaldives.com/wp-content/uploads/Alila-Kothaifaru-Maldives-Factsheet-2022.pdf
15,Alila Kothaifaru Maldives,map,2022,outdated,Y,https://www.neoscapesmaldives.com/wp-content/uploads/Alila-Kothaifaru-Maldives-Resort-Map.pdf
16,JW Marriott Kaafu Atoll Island Resort,brochure,2024,outdated,Y,https://www.neoscapesmaldives.com/wp-content/uploads/JW-Marriott-Kaafu-Atoll-Island-Resort_Presentation.pdf
16,JW Marriott Kaafu Atoll Island Resort,map,2024,outdated,Y,https://www.neoscapesmaldives.com/wp-content/uploads/RESORT-MAP_Original.pdf
18,JW Marriott Maldives Resort & Spa,factsheet,2023,outdated,Y,https://www.neoscapesmaldives.com/wp-content/uploads/JW-Marriott-Maldives-Resort-Spa-Factsheet-2023.pdf
18,JW Marriott Maldives Resort & Spa,map,2025,current,Y,https://www.neoscapesmaldives.com/wp-content/uploads/Resort-Map_JW-Marriott-Maldives.pdf
19,The Residence Maldives,brochure,2019,outdated,Y,https://www.cenizaro.com/docs/maldives-fm/TRMaldives-Combined_-Brochure-200512.pdf
19,The Residence Maldives,calendar,2022,outdated,Y,https://www.cenizaro.com/docs/pressclippings/luxurytravelmagazine.com%2C_06.07.22.pdf
20,The Residence Maldives At Dhigurah,calendar,2022,outdated,Y,https://www.cenizaro.com/docs/pressclippings/luxurytravelmagazine.com%2C_06.07.22.pdf
19,The Residence Maldives,destination_dining,2026,current,Y,https://www.cenizaro.com/docs/bintan/Private_Dinner_-_Island_Inspired_Menu.pdf
19,The Residence Maldives,destination_dining,2026,current,,https://www.cenizaro.com/docs/bintan/Private_Dinner_-_Vegetarian_Menu.pdf
19,The Residence Maldives,destination_dining,2026,current,,https://www.cenizaro.com/docs/bintan/Private_Dinner_-_Dining_by_The_Mangroves_Menu.pdf
19,The Residence Maldives,destination_dining,2025,current,,https://www.cenizaro.com/docs/maldives-fm/Private_Dining_All_Day_Menu_-_28.06.25.pdf
19,The Residence Maldives,dining_menu,2026,current,Y,https://www.cenizaro.com/docs/bintan/TRB_Earth_Basket_Cooking_Class_Menu.pdf
20,The Residence Maldives At Dhigurah,dining_menu,2026,current,Y,https://www.cenizaro.com/docs/bintan/TRB_Earth_Basket_Cooking_Class_Menu.pdf
19,The Residence Maldives,dining_menu,2025,current,,https://www.cenizaro.com/docs/maldives-fm/TRML_-_The_Beach_Bar_A_la_Carte_Lunch_Menu_-_28.06.25.pdf
19,The Residence Maldives,dining_menu,2025,current,,https://www.cenizaro.com/docs/maldives-fm/Kids_Menu_-_28.06.25.pdf
19,The Residence Maldives,dining_menu,2025,current,,https://www.cenizaro.com/docs/maldives-fm/TRML_-_THE_DINING_ROOM_A_LA_CARTE_DINNER_-_28.06.25.pdf
19,The Residence Maldives,dining_menu,2025,current,,https://www.cenizaro.com/docs/maldives-fm/TRML_-The_DINING_ROOM_A_LA_CARTE_LUNCH_-_28.06.25.pdf
19,The Residence Maldives,dining_menu,2025,current,,https://www.cenizaro.com/docs/maldives-fm/The_Falhumaa_A_la_Carte_Dinner_Menu_28.06.25_-_EN_.pdf
19,The Residence Maldives,dining_menu,2024,outdated,,https://www.cenizaro.com/docs/tunis/L_olivier_dinner_2024.pdf
20,The Residence Maldives At Dhigurah,dining_menu,2024,outdated,,https://www.cenizaro.com/docs/tunis/L_olivier_dinner_2024.pdf
19,The Residence Maldives,dive_prices,2026,current,Y,https://www.cenizaro.com/docs/maldives-dg/Dive_Centre_Price_List-March_2026.pdf
19,The Residence Maldives,dive_prices,2026,current,,https://www.cenizaro.com/docs/maldives-dg/Water_Sports_Price_list-March_2026.pdf
19,The Residence Maldives,dive_prices,2026,current,,https://www.cenizaro.com/docs/maldives-dg/Excursions_Price_List-March_2026.pdf
19,The Residence Maldives,events,2024,outdated,Y,https://www.cenizaro.com//docs/maldives-fm/2024_TR_MALDIVES_MICE_FACTSHEET_FA_v3_PAGEBYPAGE.pdf
19,The Residence Maldives,excursions,2021,outdated,Y,https://www.cenizaro.com/docs/maldives-dg/Maldives_Schedule_of_Daily_Activities.pdf
19,The Residence Maldives,kids,2021,outdated,Y,https://cenizaro.com/docs/maldives-fm/The_Residence_Maldives_-_Teens_Program.pdf
19,The Residence Maldives,other,2024,outdated,Y,https://www.cenizaro.com/docs/tunis/EDDAR_2024.pdf
20,The Residence Maldives At Dhigurah,other,2024,outdated,Y,https://www.cenizaro.com/docs/tunis/EDDAR_2024.pdf
19,The Residence Maldives,other,2023,outdated,,https://www.cenizaro.com/docs/pressclippings/Hotels_and_Design_17_October_2023.pdf
20,The Residence Maldives At Dhigurah,other,2023,outdated,,https://www.cenizaro.com/docs/pressclippings/Hotels_and_Design_17_October_2023.pdf
19,The Residence Maldives,other,2023,outdated,,https://www.cenizaro.com/docs/pressclippings/The_Times_-_13.02.2023.pdf
20,The Residence Maldives At Dhigurah,other,2023,outdated,,https://www.cenizaro.com/docs/pressclippings/The_Times_-_13.02.2023.pdf
19,The Residence Maldives,other,2022,outdated,,https://www.cenizaro.com/docs/pressclippings/TheTimes.com_-_04_.11.2022.pdf
20,The Residence Maldives At Dhigurah,other,2022,outdated,,https://www.cenizaro.com/docs/pressclippings/TheTimes.com_-_04_.11.2022.pdf
19,The Residence Maldives,other,2022,outdated,,https://www.cenizaro.com/docs/pressclippings/Forbes.com_-_12_.12.2022.pdf
20,The Residence Maldives At Dhigurah,other,2022,outdated,,https://www.cenizaro.com/docs/pressclippings/Forbes.com_-_12_.12.2022.pdf
19,The Residence Maldives,other,2022,outdated,,https://www.cenizaro.com/docs/pressclippings/LuxuryLifestyleMag.co.uk_-_09.05.22_-_clipping_.pdf
20,The Residence Maldives At Dhigurah,other,2022,outdated,,https://www.cenizaro.com/docs/pressclippings/LuxuryLifestyleMag.co.uk_-_09.05.22_-_clipping_.pdf
19,The Residence Maldives,other,2022,outdated,,https://www.cenizaro.com/docs/pressclippings/glamour_1.pdf
20,The Residence Maldives At Dhigurah,other,2022,outdated,,https://www.cenizaro.com/docs/pressclippings/glamour_1.pdf
19,The Residence Maldives,other,2022,outdated,,https://www.cenizaro.com/docs/pressclippings/TheTelegraph.com_-_12_.12.2022_1.pdf
20,The Residence Maldives At Dhigurah,other,2022,outdated,,https://www.cenizaro.com/docs/pressclippings/TheTelegraph.com_-_12_.12.2022_1.pdf
19,The Residence Maldives,press_kit,2022,outdated,Y,https://www.cenizaro.com/docs/pressclippings/C_TH.com_-_24_.11.2022-compressed_.pdf
20,The Residence Maldives At Dhigurah,press_kit,2022,outdated,Y,https://www.cenizaro.com/docs/pressclippings/C_TH.com_-_24_.11.2022-compressed_.pdf
19,The Residence Maldives,spa_menu,2026,current,Y,https://www.cenizaro.com/docs/bintan/TRB_SPA_Menu_-_September_2026.pdf
20,The Residence Maldives At Dhigurah,spa_menu,2026,current,Y,https://www.cenizaro.com/docs/bintan/TRB_SPA_Menu_-_September_2026.pdf
19,The Residence Maldives,spa_menu,2023,outdated,,https://cenizaro.com/docs/maldives-fm/TRML_Spa_by_Clarins_-_Reception_Menu_-_Jan_23.pdf
19,The Residence Maldives,spa_menu,2022,outdated,,https://www.cenizaro.com/docs/maldives-fm/TRML_Spa_by_Clarins_-_Reception_Menu_-_Dec_22.pdf
19,The Residence Maldives,villa_plans,2025,current,Y,https://www.cenizaro.com/docs/maldives-fm/Vibes-by-The-Residence-Maldives-2025-July.pdf
19,The Residence Maldives,villa_plans,2023,outdated,,https://www.cenizaro.com/docs/pressclippings/L%E2%80%99Officiel_Hommes_-_April_issue_2023_-_The_Residence_Tunis.pdf
20,The Residence Maldives At Dhigurah,villa_plans,2023,outdated,,https://www.cenizaro.com/docs/pressclippings/L%E2%80%99Officiel_Hommes_-_April_issue_2023_-_The_Residence_Tunis.pdf
19,The Residence Maldives,wedding,2026,current,Y,https://www.cenizaro.com/docs/maldives-fm/Maldives_Wedding_Ceremony_Packages-2026.pdf
20,The Residence Maldives At Dhigurah,dining_menu,2026,current,,https://www.cenizaro.com/docs/maldives-dg/trmd-cafe-del-sol-lunch-2026-03.pdf
20,The Residence Maldives At Dhigurah,dining_menu,2026,current,,https://www.cenizaro.com/docs/maldives-dg/trmd-long-island-2026-03.pdf
20,The Residence Maldives At Dhigurah,dining_menu,2026,current,Y,https://www.cenizaro.com/docs/maldives-dg/trmd-the-dining-room-2026-03.pdf
20,The Residence Maldives At Dhigurah,dining_menu,2025,current,,https://www.cenizaro.com/docs/maldives-dg/Tapas_Menu_-_Dec_22v2.pdf
20,The Residence Maldives At Dhigurah,dining_menu,2021,outdated,,https://www.cenizaro.com/docs/maldives-dg/Earth_Basket_-_Maldivian_Menu.pdf
20,The Residence Maldives At Dhigurah,excursions,2025,current,Y,https://www.cenizaro.com/docs/maldives-dg/Group_Excursion_Schedule_June_2025.pdf
20,The Residence Maldives At Dhigurah,kids,2026,current,Y,https://www.cenizaro.com/docs/maldives-dg/Kids_Club_2026_sep.pdf
20,The Residence Maldives At Dhigurah,other,2026,current,Y,https://www.cenizaro.com/docs/maldives-dg/trmd-li-bai-2026-03.pdf
20,The Residence Maldives At Dhigurah,spa_menu,2025,current,,https://www.cenizaro.com/docs/maldives-dg/Spa_by_Clarins_-_Reception_Menu_-_JULY_25.pdf
20,The Residence Maldives At Dhigurah,spa_menu,2023,outdated,,https://www.cenizaro.com/docs/maldives-dg/TRMD_-_Spa_by_Clarins_-_Reception_Menu.pdf
20,The Residence Maldives At Dhigurah,spa_menu,2022,outdated,,https://cenizaro.com/docs/maldives-dg/TRMD_-_Spa_by_Clarins_-_Reception_Menu_-_Dec_22.pdf
20,The Residence Maldives At Dhigurah,villa_plans,2025,current,Y,https://www.cenizaro.com/docs/maldives-dg/The-Residence-Photography-Packages-2025-07.pdf
20,The Residence Maldives At Dhigurah,wedding,2022,outdated,Y,https://www.cenizaro.com/docs/maldives-dg/Maldives_Wedding_Ceremony_Packages.pdf
21,Brennia Kottefaru,dining_menu,2025,current,Y,https://brennia.com/wp-content/uploads/pdf/Brennia-Kottefaru-Sunset-Grill-Bar-Dinner-Menu.pdf
21,Brennia Kottefaru,dining_menu,2025,current,,https://brennia.com/wp-content/uploads/pdf/Brennia-Kottefaru-Manta-Dinner-Ala-carte-Menu.pdf
21,Brennia Kottefaru,dining_menu,2025,current,,https://brennia.com/wp-content/uploads/pdf/Brennia-Kottefaru-Manta-Ala-Carte-Lunch-Menu.pdf
21,Brennia Kottefaru,dining_menu,2021,outdated,,https://brennia.com/wp-content/uploads/pdf/Brennia-Kottefaru-Wine-Menu.pdf
21,Brennia Kottefaru,dining_menu,2021,outdated,,https://brennia.com/wp-content/uploads/pdf/Brennia-Kottefaru-Beverage-Menu.pdf
21,Brennia Kottefaru,dive_prices,2025,current,Y,https://brennia.com/wp-content/uploads/pdf/Brennia-Kottefaru-Water-Sports-Price-List.pdf
21,Brennia Kottefaru,dive_prices,2024,outdated,,https://brennia.com/wp-content/uploads/pdf/Brennia-Kottefaru-Diving-InHouse-Package-Price-1.pdf
21,Brennia Kottefaru,factsheet,2025,current,Y,https://www.neoscapesmaldives.com/wp-content/uploads/English-Fact-Sheet-Resort-Map.pdf
21,Brennia Kottefaru,factsheet,2022,outdated,,https://www.neoscapesmaldives.com/wp-content/uploads/BRK_FactsheetRev120121.pdf
21,Brennia Kottefaru,spa_menu,2025,current,Y,https://brennia.com/wp-content/uploads/pdf/Brennia-Kottefaru-Eternity-Spa-Package-Price.pdf
22,Barceló Whale Lagoon Maldives,factsheet,2026,current,Y,https://www.neoscapesmaldives.com/wp-content/uploads/Factsheet_MWLM_March2026_Digital-updated.pdf
22,Barceló Whale Lagoon Maldives,press_kit,2025,current,Y,https://www.neoscapesmaldives.com/wp-content/uploads/Mapa-Melia-Whale-Lagoon-Maldives-19-12-25.pdf
23,Nooe Maldives Kunavashi,calendar,2026,current,Y,https://letsgomaldives.com/wp-content/uploads/2026/02/Easter-Brochure-2026-1.pdf
23,Nooe Maldives Kunavashi,factsheet,2024,outdated,Y,https://www.neoscapesmaldives.com/wp-content/uploads/NOOE-Maldives-Kunaavashi_Fact-Sheet-2024.pdf
23,Nooe Maldives Kunavashi,map,2024,outdated,Y,https://www.neoscapesmaldives.com/wp-content/uploads/NOOE-MAP-Guest-Service.pdf
24,Canareef Resort Maldives,calendar,2024,outdated,Y,https://canareef.com/wp-content/uploads/2024/12/Festive-Brochure-2024-Canareef-Resort-Maldives.pdf
24,Canareef Resort Maldives,calendar,2023,outdated,,https://canareef.com/wp-content/uploads/2023/12/Canareef-Maldives-Festive-Brochure-2023.pdf
24,Canareef Resort Maldives,dining_menu,2025,current,Y,https://canareef.com/wp-content/uploads/2025/02/Valentines-Day-Dinner-Menu-2025.pdf
24,Canareef Resort Maldives,map,2023,outdated,Y,https://canareef.com/wp-content/uploads/2023/11/Canareef-Resort-Maldives-Map.pdf
24,Canareef Resort Maldives,map,2023,outdated,,https://canareef.com/wp-content/uploads/2023/11/Canareef-Map-for-Web-Org-min.pdf
25,Raffles Maldives Meradhoo Resort,calendar,2026,current,Y,https://letsgomaldives.com/wp-content/uploads/2026/02/The-Halcyon-Maldives-Easter-Brochure-2026.pdf
25,Raffles Maldives Meradhoo Resort,factsheet,2026,current,Y,https://www.neoscapesmaldives.com/wp-content/uploads/Halcyon-Maldives-Factsheet-2026.pdf
25,Raffles Maldives Meradhoo Resort,map,2026,current,Y,https://www.neoscapesmaldives.com/wp-content/uploads/Halcyon-Maldives-Resort-Map-2026.pdf
26,Centara Ras Fushi Resort & Spa,all_inclusive,2026,current,Y,https://www.centarahotelsresorts.com/centara/sites/centara-centara/files/2026-04/ED-CRF-Meal-Plans.pdf
26,Centara Ras Fushi Resort & Spa,all_inclusive,2018,outdated,Y,https://investor.centarahotelsresorts.com/storage/download/cg-document/20190108-centel-cg-2018-en.pdf
85,Centara Mirage Lagoon Maldives & Centara Grand Lagoon Maldives,all_inclusive,2018,outdated,Y,https://investor.centarahotelsresorts.com/storage/download/cg-document/20190108-centel-cg-2018-en.pdf
126,Centara Grand Island Resort & Spa Maldives,all_inclusive,2018,outdated,Y,https://investor.centarahotelsresorts.com/storage/download/cg-document/20190108-centel-cg-2018-en.pdf
26,Centara Ras Fushi Resort & Spa,brochure,2026,current,Y,https://www.centarahotelsresorts.com/centarareserve/sites/centara-centarareserve/files/2026-09/CRS_Brochure_2026.pdf
85,Centara Mirage Lagoon Maldives & Centara Grand Lagoon Maldives,brochure,2026,current,Y,https://www.centarahotelsresorts.com/centarareserve/sites/centara-centarareserve/files/2026-09/CRS_Brochure_2026.pdf
126,Centara Grand Island Resort & Spa Maldives,brochure,2026,current,Y,https://www.centarahotelsresorts.com/centarareserve/sites/centara-centarareserve/files/2026-09/CRS_Brochure_2026.pdf
26,Centara Ras Fushi Resort & Spa,brochure,2024,outdated,,https://maldives.ru/doc/doc/CRF%20Presentation.pdf
26,Centara Ras Fushi Resort & Spa,brochure,2022,outdated,,https://investor.centarahotelsresorts.com/storage/download/cg-document/20190401-centel-human-rights-policy-en.pdf
85,Centara Mirage Lagoon Maldives & Centara Grand Lagoon Maldives,brochure,2022,outdated,,https://investor.centarahotelsresorts.com/storage/download/cg-document/20190401-centel-human-rights-policy-en.pdf
126,Centara Grand Island Resort & Spa Maldives,brochure,2022,outdated,,https://investor.centarahotelsresorts.com/storage/download/cg-document/20190401-centel-human-rights-policy-en.pdf
26,Centara Ras Fushi Resort & Spa,brochure,2022,outdated,,https://www.centarahotelsresorts.com/sites/g/files/yplzxh136/files/2022-02/37050_Bath%20Booster%20Brochure_2022.pdf
85,Centara Mirage Lagoon Maldives & Centara Grand Lagoon Maldives,brochure,2022,outdated,,https://www.centarahotelsresorts.com/sites/g/files/yplzxh136/files/2022-02/37050_Bath%20Booster%20Brochure_2022.pdf
126,Centara Grand Island Resort & Spa Maldives,brochure,2022,outdated,,https://www.centarahotelsresorts.com/sites/g/files/yplzxh136/files/2022-02/37050_Bath%20Booster%20Brochure_2022.pdf
26,Centara Ras Fushi Resort & Spa,brochure,2019,outdated,,https://investor.centarahotelsresorts.com/storage/download/cg-document/20190401-code-of-conduct-and-guidelines-for-business-partners-and-suppliers-th.pdf
85,Centara Mirage Lagoon Maldives & Centara Grand Lagoon Maldives,brochure,2019,outdated,,https://investor.centarahotelsresorts.com/storage/download/cg-document/20190401-code-of-conduct-and-guidelines-for-business-partners-and-suppliers-th.pdf
126,Centara Grand Island Resort & Spa Maldives,brochure,2019,outdated,,https://investor.centarahotelsresorts.com/storage/download/cg-document/20190401-code-of-conduct-and-guidelines-for-business-partners-and-suppliers-th.pdf
26,Centara Ras Fushi Resort & Spa,brochure,2018,outdated,,https://investor.centarahotelsresorts.com/storage/download/cg-document/20190401-code-of-conduct-and-guidelines-for-business-partners-and-suppliers-en.pdf
85,Centara Mirage Lagoon Maldives & Centara Grand Lagoon Maldives,brochure,2018,outdated,,https://investor.centarahotelsresorts.com/storage/download/cg-document/20190401-code-of-conduct-and-guidelines-for-business-partners-and-suppliers-en.pdf
126,Centara Grand Island Resort & Spa Maldives,brochure,2018,outdated,,https://investor.centarahotelsresorts.com/storage/download/cg-document/20190401-code-of-conduct-and-guidelines-for-business-partners-and-suppliers-en.pdf
26,Centara Ras Fushi Resort & Spa,factsheet,2025,current,Y,https://www.centarahotelsresorts.com/centara/sites/centara-centara/files/2025-12/609_CRF_Factsheet_Y251203.pdf
26,Centara Ras Fushi Resort & Spa,factsheet,2019,outdated,,https://neoscapesmaldives.com/wp-content/uploads/crf-factsheet-en.pdf
26,Centara Ras Fushi Resort & Spa,map,2020,outdated,Y,https://www.neoscapesmaldives.com/wp-content/uploads/centara-ras-fushi-Map.pdf
26,Centara Ras Fushi Resort & Spa,other,2022,outdated,Y,https://investor.centarahotelsresorts.com/storage/download/cg-document/20190401-centel-human-rights-policy-th.pdf
85,Centara Mirage Lagoon Maldives & Centara Grand Lagoon Maldives,other,2022,outdated,Y,https://investor.centarahotelsresorts.com/storage/download/cg-document/20190401-centel-human-rights-policy-th.pdf
126,Centara Grand Island Resort & Spa Maldives,other,2022,outdated,Y,https://investor.centarahotelsresorts.com/storage/download/cg-document/20190401-centel-human-rights-policy-th.pdf
26,Centara Ras Fushi Resort & Spa,other,2021,outdated,,https://investor.centarahotelsresorts.com/storage/download/cg-document/20210507-centel-sustainble-procurement-policy-th.pdf
85,Centara Mirage Lagoon Maldives & Centara Grand Lagoon Maldives,other,2021,outdated,,https://investor.centarahotelsresorts.com/storage/download/cg-document/20210507-centel-sustainble-procurement-policy-th.pdf
126,Centara Grand Island Resort & Spa Maldives,other,2021,outdated,,https://investor.centarahotelsresorts.com/storage/download/cg-document/20210507-centel-sustainble-procurement-policy-th.pdf
26,Centara Ras Fushi Resort & Spa,other,2020,outdated,,https://investor.centarahotelsresorts.com/storage/download/cg-document/20200630-centel-privacy-policy-th.pdf
85,Centara Mirage Lagoon Maldives & Centara Grand Lagoon Maldives,other,2020,outdated,,https://investor.centarahotelsresorts.com/storage/download/cg-document/20200630-centel-privacy-policy-th.pdf
126,Centara Grand Island Resort & Spa Maldives,other,2020,outdated,,https://investor.centarahotelsresorts.com/storage/download/cg-document/20200630-centel-privacy-policy-th.pdf
26,Centara Ras Fushi Resort & Spa,other,2019,outdated,,https://investor.centarahotelsresorts.com/storage/download/cg-document/20190401-centel-policy-on-supply-chain-management-th.pdf
85,Centara Mirage Lagoon Maldives & Centara Grand Lagoon Maldives,other,2019,outdated,,https://investor.centarahotelsresorts.com/storage/download/cg-document/20190401-centel-policy-on-supply-chain-management-th.pdf
126,Centara Grand Island Resort & Spa Maldives,other,2019,outdated,,https://investor.centarahotelsresorts.com/storage/download/cg-document/20190401-centel-policy-on-supply-chain-management-th.pdf
26,Centara Ras Fushi Resort & Spa,other,2018,outdated,,https://investor.centarahotelsresorts.com/storage/download/cg-document/20190108-centel-cg-2018-th.pdf
85,Centara Mirage Lagoon Maldives & Centara Grand Lagoon Maldives,other,2018,outdated,,https://investor.centarahotelsresorts.com/storage/download/cg-document/20190108-centel-cg-2018-th.pdf
126,Centara Grand Island Resort & Spa Maldives,other,2018,outdated,,https://investor.centarahotelsresorts.com/storage/download/cg-document/20190108-centel-cg-2018-th.pdf
26,Centara Ras Fushi Resort & Spa,spa_menu,2026,current,Y,https://www.centarahotelsresorts.com/centara/sites/centara-centara/files/2026-10/Centara-Ras-Fushi-Resort--Spa-Maldives-Brochure_withEdited.pdf
26,Centara Ras Fushi Resort & Spa,sustainability,2021,outdated,Y,https://investor.centarahotelsresorts.com/storage/download/cg-document/20210507-centel-environmental-social-sustainability-policy-th.pdf
85,Centara Mirage Lagoon Maldives & Centara Grand Lagoon Maldives,sustainability,2021,outdated,Y,https://investor.centarahotelsresorts.com/storage/download/cg-document/20210507-centel-environmental-social-sustainability-policy-th.pdf
126,Centara Grand Island Resort & Spa Maldives,sustainability,2021,outdated,Y,https://investor.centarahotelsresorts.com/storage/download/cg-document/20210507-centel-environmental-social-sustainability-policy-th.pdf
26,Centara Ras Fushi Resort & Spa,sustainability,2021,outdated,,https://investor.centarahotelsresorts.com/storage/download/cg-document/20210507-centel-environmental-social-sustainability-policy-en.pdf
85,Centara Mirage Lagoon Maldives & Centara Grand Lagoon Maldives,sustainability,2021,outdated,,https://investor.centarahotelsresorts.com/storage/download/cg-document/20210507-centel-environmental-social-sustainability-policy-en.pdf
126,Centara Grand Island Resort & Spa Maldives,sustainability,2021,outdated,,https://investor.centarahotelsresorts.com/storage/download/cg-document/20210507-centel-environmental-social-sustainability-policy-en.pdf
26,Centara Ras Fushi Resort & Spa,sustainability,2020,outdated,,https://investor.centarahotelsresorts.com/storage/download/cg-document/20200630-centel-privacy-policy-en.pdf
85,Centara Mirage Lagoon Maldives & Centara Grand Lagoon Maldives,sustainability,2020,outdated,,https://investor.centarahotelsresorts.com/storage/download/cg-document/20200630-centel-privacy-policy-en.pdf
126,Centara Grand Island Resort & Spa Maldives,sustainability,2020,outdated,,https://investor.centarahotelsresorts.com/storage/download/cg-document/20200630-centel-privacy-policy-en.pdf
26,Centara Ras Fushi Resort & Spa,sustainability,2019,outdated,,https://investor.centarahotelsresorts.com/storage/download/cg-document/20190401-centel-policy-on-sustainable-development-th.pdf
85,Centara Mirage Lagoon Maldives & Centara Grand Lagoon Maldives,sustainability,2019,outdated,,https://investor.centarahotelsresorts.com/storage/download/cg-document/20190401-centel-policy-on-sustainable-development-th.pdf
126,Centara Grand Island Resort & Spa Maldives,sustainability,2019,outdated,,https://investor.centarahotelsresorts.com/storage/download/cg-document/20190401-centel-policy-on-sustainable-development-th.pdf
26,Centara Ras Fushi Resort & Spa,sustainability,2019,outdated,,https://investor.centarahotelsresorts.com/storage/download/cg-document/20190401-centel-policy-on-supply-chain-management-en.pdf
85,Centara Mirage Lagoon Maldives & Centara Grand Lagoon Maldives,sustainability,2019,outdated,,https://investor.centarahotelsresorts.com/storage/download/cg-document/20190401-centel-policy-on-supply-chain-management-en.pdf
126,Centara Grand Island Resort & Spa Maldives,sustainability,2019,outdated,,https://investor.centarahotelsresorts.com/storage/download/cg-document/20190401-centel-policy-on-supply-chain-management-en.pdf
26,Centara Ras Fushi Resort & Spa,sustainability,2019,outdated,,https://investor.centarahotelsresorts.com/storage/download/cg-document/20190401-centel-policy-on-sustainable-development-en.pdf
85,Centara Mirage Lagoon Maldives & Centara Grand Lagoon Maldives,sustainability,2019,outdated,,https://investor.centarahotelsresorts.com/storage/download/cg-document/20190401-centel-policy-on-sustainable-development-en.pdf
126,Centara Grand Island Resort & Spa Maldives,sustainability,2019,outdated,,https://investor.centarahotelsresorts.com/storage/download/cg-document/20190401-centel-policy-on-sustainable-development-en.pdf
26,Centara Ras Fushi Resort & Spa,wedding,2026,current,Y,https://www.centarahotelsresorts.com/sites/centara-global/files/2026-09/13339_CHR_Wedding_Brochure_Y260921_withEdited.pdf
26,Centara Ras Fushi Resort & Spa,wedding,2025,current,,https://prod.centarahotelsresorts.com/centara/sites/centara-centara/files/2025-07/CRF-Wedding-Brochure-2025.pdf
27,Grand Park Kodhipparu Maldives,calendar,2026,current,Y,https://letsgomaldives.com/wp-content/uploads/2026/08/Grand-Park-Kodhipparu.pdf
27,Grand Park Kodhipparu Maldives,calendar,2023,outdated,,https://letsgomaldives.com/wp-content/uploads/2023/11/Festive-Brochure-Digital-Version-2023_231115_151532.pdf
27,Grand Park Kodhipparu Maldives,dining_menu,2026,current,Y,https://document-tc.galaxy.tf/wdpdf-2ht0xdr1fw2qrpwruotzv1wj8/catering_cms-document.pdf
27,Grand Park Kodhipparu Maldives,dining_menu,2026,current,,https://document-tc.galaxy.tf/wdpdf-doqeyouqw9receqdi88m0eoga/catering_cms-document.pdf
27,Grand Park Kodhipparu Maldives,dining_menu,2026,current,,https://document-tc.galaxy.tf/wdpdf-9ivs9ggsfchrmbo1zgx089u7q/catering_cms-document.pdf
27,Grand Park Kodhipparu Maldives,dining_menu,2026,current,,https://document-tc.galaxy.tf/wdpdf-d4i8tnuzb51ld88f304l7itr2/catering_cms-document.pdf
27,Grand Park Kodhipparu Maldives,events,2027,current,Y,https://document-tc.galaxy.tf/wdpdf-e3qcqstd984ityrjewx07jy6/corporate-social-events_cms-document.pdf
27,Grand Park Kodhipparu Maldives,events,2026,current,,https://document-tc.galaxy.tf/wdpdf-6muwrez0f9o042dpr84dwbeao/corporate-social-events_cms-document.pdf
27,Grand Park Kodhipparu Maldives,excursions,2025,current,Y,https://document-tc.galaxy.tf/wdpdf-an8kerdww1pcyj1l9s2iqcg5q/experiences_cms-document.pdf
27,Grand Park Kodhipparu Maldives,factsheet,2023,outdated,Y,https://maldives.ru/doc/GrandPark-Kodiparru-Resort-Factsheet-2023.pdf
27,Grand Park Kodhipparu Maldives,factsheet,2022,outdated,,https://www.neoscapesmaldives.com/wp-content/uploads/GPKD-Resort-Factsheet-2022.pdf
27,Grand Park Kodhipparu Maldives,map,2022,outdated,Y,https://www.neoscapesmaldives.com/wp-content/uploads/Grand-Park-Kodhipparu-Maldives-Resort-Map.pdf
27,Grand Park Kodhipparu Maldives,other,2023,outdated,Y,https://visitmaldives.com/cn/downloads/love-letters-from-the-sunny-side-of-life
28,Kudadoo Maldives Private island,all_inclusive,2025,current,Y,https://sales.crownandchamparesorts.com/wp-content/uploads/2025/12/KudadooAnythingAnytimeAnywherePackage110125103126Ver052625.pdf
28,Kudadoo Maldives Private island,all_inclusive,2018,outdated,,https://sales.crownandchamparesorts.com/wp-content/uploads/2019/05/KudadooAnythingAnytimeAnywherePackageVer072019.pdf
28,Kudadoo Maldives Private island,calendar,2026,current,Y,https://d2qwq69i2ic1pk.cloudfront.net/2025/12/CCR-Calendar_2026_Landscape-2026_Calendar-m.pdf
28,Kudadoo Maldives Private island,calendar,2026,current,,https://d2qwq69i2ic1pk.cloudfront.net/2025/12/A5_CCR-Calendar_2026_Landscape-2026_Calendar-m.pdf
28,Kudadoo Maldives Private island,calendar,2024,outdated,Y,https://d2qwq69i2ic1pk.cloudfront.net/2023/11/CCR_2024_Maldives_Calendar.pdf
30,Hurawalhi Island Resort,calendar,2024,outdated,Y,https://d2qwq69i2ic1pk.cloudfront.net/2023/11/CCR_2024_Maldives_Calendar.pdf
28,Kudadoo Maldives Private island,calendar,2024,outdated,,https://d2qwq69i2ic1pk.cloudfront.net/2023/11/CCR_2024_Calendar_A5-compressed.pdf
28,Kudadoo Maldives Private island,calendar,2024,outdated,Y,https://d2qwq69i2ic1pk.cloudfront.net/2023/11/CCR_2024_Calendar_compressed.pdf
30,Hurawalhi Island Resort,calendar,2024,outdated,Y,https://d2qwq69i2ic1pk.cloudfront.net/2023/11/CCR_2024_Calendar_compressed.pdf
31,Innahura Maldives Resort,calendar,2024,outdated,Y,https://d2qwq69i2ic1pk.cloudfront.net/2023/11/CCR_2024_Calendar_compressed.pdf
71,Kagi Maldives Resort and Spa,calendar,2024,outdated,Y,https://d2qwq69i2ic1pk.cloudfront.net/2023/11/CCR_2024_Calendar_compressed.pdf
78,Meeru Maldives Resort Island,calendar,2024,outdated,Y,https://d2qwq69i2ic1pk.cloudfront.net/2023/11/CCR_2024_Calendar_compressed.pdf
79,Komandoo Island Resort,calendar,2024,outdated,Y,https://d2qwq69i2ic1pk.cloudfront.net/2023/11/CCR_2024_Calendar_compressed.pdf
81,Kuredu Island Resort,calendar,2024,outdated,Y,https://d2qwq69i2ic1pk.cloudfront.net/2023/11/CCR_2024_Calendar_compressed.pdf
38,Veligandu Maldives Resort Island,calendar,2024,outdated,Y,https://d2qwq69i2ic1pk.cloudfront.net/2023/11/CCR_2024_Calendar_compressed.pdf
174,Vilamendhoo Island Resort,calendar,2024,outdated,Y,https://d2qwq69i2ic1pk.cloudfront.net/2023/11/CCR_2024_Calendar_compressed.pdf
172,Mirihi Island Resort,calendar,2024,outdated,Y,https://d2qwq69i2ic1pk.cloudfront.net/2023/11/CCR_2024_Calendar_compressed.pdf
29,Dheruhfinolhu by Jawakara Islands Maldives,calendar,2024,outdated,Y,https://d2qwq69i2ic1pk.cloudfront.net/2023/11/CCR_2024_Calendar_compressed.pdf
83,Mabinhura by Jawakara Islands Maldives,calendar,2024,outdated,Y,https://d2qwq69i2ic1pk.cloudfront.net/2023/11/CCR_2024_Calendar_compressed.pdf
28,Kudadoo Maldives Private island,calendar,2023,outdated,,https://d2qwq69i2ic1pk.cloudfront.net/2022/12/CCR-2023-Calendar-Digital.pdf
30,Hurawalhi Island Resort,calendar,2023,outdated,,https://d2qwq69i2ic1pk.cloudfront.net/2022/12/CCR-2023-Calendar-Digital.pdf
28,Kudadoo Maldives Private island,calendar,2023,outdated,,https://d2qwq69i2ic1pk.cloudfront.net/2022/12/Crown-Champa-Resorts-2023-Calendar-Digital_compressed.pdf
30,Hurawalhi Island Resort,calendar,2023,outdated,,https://d2qwq69i2ic1pk.cloudfront.net/2022/12/Crown-Champa-Resorts-2023-Calendar-Digital_compressed.pdf
28,Kudadoo Maldives Private island,calendar,2023,outdated,,https://d2qwq69i2ic1pk.cloudfront.net/2022/12/Crown-Champa-Resorts-2023-Calendar-11.7-x-8.3-in-RGB-A4-print-compressed.pdf
28,Kudadoo Maldives Private island,calendar,2023,outdated,,https://d2qwq69i2ic1pk.cloudfront.net/2022/12/Crown-_-Champa-Resorts-2023-Calendar-_11.7_x_8.3_in_-RGB-A5-print-compressed.pdf
28,Kudadoo Maldives Private island,calendar,2022,outdated,,https://d2qwq69i2ic1pk.cloudfront.net/2021/12/CCR-2022-Calendar-Digital.pdf
30,Hurawalhi Island Resort,calendar,2022,outdated,,https://d2qwq69i2ic1pk.cloudfront.net/2021/12/CCR-2022-Calendar-Digital.pdf
28,Kudadoo Maldives Private island,calendar,2022,outdated,,https://d2qwq69i2ic1pk.cloudfront.net/2021/12/CCR-2022-Calendar-Print-A5.pdf
28,Kudadoo Maldives Private island,calendar,2022,outdated,,https://d2qwq69i2ic1pk.cloudfront.net/2021/12/CCR-2022-Calendar-Print-A4.pdf
28,Kudadoo Maldives Private island,dining_menu,2019,outdated,Y,https://sales.crownandchamparesorts.com/wp-content/uploads/2020/10/KUD_AAA1.pdf
28,Kudadoo Maldives Private island,excursions,2025,current,Y,https://sales.crownandchamparesorts.com/wp-content/uploads/2025/12/KudadooBrochureEffortlessAdventure110125103126Ver052625.pdf
28,Kudadoo Maldives Private island,factsheet,2025,current,Y,https://sales.crownandchamparesorts.com/wp-content/uploads/2025/12/KudadooFactsheet110125103126Ver0526255.pdf
28,Kudadoo Maldives Private island,factsheet,2021,outdated,,https://sales.crownandchamparesorts.com/wp-content/uploads/2023/08/Kudadoo-Factsheet-110121103122Ver110121-Digital_compressed-1.pdf
28,Kudadoo Maldives Private island,factsheet,2019,outdated,,https://sales.crownandchamparesorts.com/wp-content/uploads/2020/01/Kudadoo-Factsheet-110119103120Ver010720.pdf
28,Kudadoo Maldives Private island,factsheet,2019,outdated,,https://sales.crownandchamparesorts.com/wp-content/uploads/2018/03/Kudadoo-Factsheet-110119103120Ver072719-Digital-Version.pdf
28,Kudadoo Maldives Private island,factsheet,2018,outdated,,https://sales.crownandchamparesorts.com/wp-content/uploads/2018/10/FactsheetKudadoo100118103119Ver051718.pdf
28,Kudadoo Maldives Private island,map,2025,current,Y,https://sales.crownandchamparesorts.com/wp-content/uploads/2025/12/KudadooMap110125103126Ver070125.pdf
28,Kudadoo Maldives Private island,other,2022,outdated,Y,https://d2qwq69i2ic1pk.cloudfront.net/2022/10/TestPage.pdf
30,Hurawalhi Island Resort,other,2022,outdated,Y,https://d2qwq69i2ic1pk.cloudfront.net/2022/10/TestPage.pdf
31,Innahura Maldives Resort,other,2022,outdated,Y,https://d2qwq69i2ic1pk.cloudfront.net/2022/10/TestPage.pdf
71,Kagi Maldives Resort and Spa,other,2022,outdated,Y,https://d2qwq69i2ic1pk.cloudfront.net/2022/10/TestPage.pdf
78,Meeru Maldives Resort Island,other,2022,outdated,Y,https://d2qwq69i2ic1pk.cloudfront.net/2022/10/TestPage.pdf
79,Komandoo Island Resort,other,2022,outdated,Y,https://d2qwq69i2ic1pk.cloudfront.net/2022/10/TestPage.pdf
81,Kuredu Island Resort,other,2022,outdated,Y,https://d2qwq69i2ic1pk.cloudfront.net/2022/10/TestPage.pdf
38,Veligandu Maldives Resort Island,other,2022,outdated,Y,https://d2qwq69i2ic1pk.cloudfront.net/2022/10/TestPage.pdf
174,Vilamendhoo Island Resort,other,2022,outdated,Y,https://d2qwq69i2ic1pk.cloudfront.net/2022/10/TestPage.pdf
172,Mirihi Island Resort,other,2022,outdated,Y,https://d2qwq69i2ic1pk.cloudfront.net/2022/10/TestPage.pdf
29,Dheruhfinolhu by Jawakara Islands Maldives,other,2022,outdated,Y,https://d2qwq69i2ic1pk.cloudfront.net/2022/10/TestPage.pdf
83,Mabinhura by Jawakara Islands Maldives,other,2022,outdated,Y,https://d2qwq69i2ic1pk.cloudfront.net/2022/10/TestPage.pdf
28,Kudadoo Maldives Private island,spa_menu,2025,current,Y,https://sales.crownandchamparesorts.com/wp-content/uploads/2025/12/KudadooSulhaSpaMenu110125103126Ver112023.pdf
28,Kudadoo Maldives Private island,spa_menu,2018,outdated,,https://sales.crownandchamparesorts.com/wp-content/uploads/2020/01/KudadooSulhaSpaMenu120118103119Ver112618.pdf
28,Kudadoo Maldives Private island,sustainability,2025,current,,https://sales.crownandchamparesorts.com/wp-content/uploads/2025/12/KudadooSustainabilityBrochure110125103126Ver042024.pdf
29,Dheruhfinolhu by Jawakara Islands Maldives,calendar,2026,current,Y,https://wp-jawakara.eleanorapp.com/download/Jawa_Festive_Brochure_Final_2025_2026.pdf?t=1757232211
83,Mabinhura by Jawakara Islands Maldives,calendar,2026,current,Y,https://wp-jawakara.eleanorapp.com/download/Jawa_Festive_Brochure_Final_2025_2026.pdf?t=1757232211
29,Dheruhfinolhu by Jawakara Islands Maldives,calendar,2026,current,,https://wp-jawakara.eleanorapp.com/download/JAWA_Easter_2026_Final.pdf?
83,Mabinhura by Jawakara Islands Maldives,calendar,2026,current,,https://wp-jawakara.eleanorapp.com/download/JAWA_Easter_2026_Final.pdf?
29,Dheruhfinolhu by Jawakara Islands Maldives,calendar,2024,outdated,,https://sales.crownandchamparesorts.com/wp-content/uploads/2023/10/Jawakara-Transfer-Policy.pdf
83,Mabinhura by Jawakara Islands Maldives,calendar,2024,outdated,,https://sales.crownandchamparesorts.com/wp-content/uploads/2023/10/Jawakara-Transfer-Policy.pdf
29,Dheruhfinolhu by Jawakara Islands Maldives,map,2023,outdated,Y,https://sales.crownandchamparesorts.com/wp-content/uploads/2023/10/Jawakara_Map_20Oct23.pdf
83,Mabinhura by Jawakara Islands Maldives,map,2023,outdated,Y,https://sales.crownandchamparesorts.com/wp-content/uploads/2023/10/Jawakara_Map_20Oct23.pdf
30,Hurawalhi Island Resort,excursions,2019,outdated,Y,https://sales.crownandchamparesorts.com/wp-content/uploads/2020/10/KUD_Brochure_Effortless-Adventure2.pdf
28,Kudadoo Maldives Private island,excursions,2019,outdated,Y,https://sales.crownandchamparesorts.com/wp-content/uploads/2020/10/KUD_Brochure_Effortless-Adventure2.pdf
30,Hurawalhi Island Resort,factsheet,2023,outdated,Y,https://sales.crownandchamparesorts.com/wp-content/uploads/2023/08/FactSheetHurawalhi110123103124Ver030123.pdf
30,Hurawalhi Island Resort,factsheet,2020,outdated,,https://sales.crownandchamparesorts.com/wp-content/uploads/2018/10/FactSheetHurawalhi110120103121Rev100820.pdf
30,Hurawalhi Island Resort,factsheet,2019,outdated,,https://neoscapesmaldives.com/wp-content/uploads/FactSheet-Hurawalhi.pdf
30,Hurawalhi Island Resort,map,2022,outdated,Y,https://sales.crownandchamparesorts.com/wp-content/uploads/2023/08/Hurawalhi-Map110122103123.pdf
30,Hurawalhi Island Resort,map,2019,outdated,,https://neoscapesmaldives.com/wp-content/uploads/Hurawalhi_Map.pdf
30,Hurawalhi Island Resort,map,2018,outdated,,https://sales.crownandchamparesorts.com/wp-content/uploads/2018/10/MapHurawalhiPrintQuality092018ColorEnglish-1.pdf
30,Hurawalhi Island Resort,wedding,2019,outdated,Y,https://sales.crownandchamparesorts.com/wp-content/uploads/2020/01/HurawalhiCeremoniesPackagesVer110719.pdf
31,Innahura Maldives Resort,all_inclusive,2021,outdated,Y,https://sales.crownandchamparesorts.com/wp-content/uploads/2023/08/InnahuraAIEPackage110121103122Ver110121.pdf
31,Innahura Maldives Resort,factsheet,2021,outdated,Y,https://sales.crownandchamparesorts.com/wp-content/uploads/2023/08/FactSheetInnahura110121103122Ver110121.pdf
31,Innahura Maldives Resort,factsheet,2019,outdated,,https://sales.crownandchamparesorts.com/wp-content/uploads/2019/05/FactSheetInnahura110119103120Rev061019.pdf
31,Innahura Maldives Resort,factsheet,2018,outdated,,https://sales.crownandchamparesorts.com/wp-content/uploads/2018/04/Innahura_factsheet_v6low-res-1.pdf
32,Cocoon Maldives,dining_menu,2025,current,Y,https://cdnm.heyzine.com/files/uploaded/e4cbbb8c54b0ae734776b93f959202aa3da9dc60.pdf
32,Cocoon Maldives,factsheet,2025,current,Y,https://www.neoscapesmaldives.com/wp-content/uploads/Cocoon-Maldives-_-Fact-Sheet.pdf
32,Cocoon Maldives,map,2025,current,Y,https://www.neoscapesmaldives.com/wp-content/uploads/DUSIT-D2-FEYDHOO-MAP-DIGITAL-HIGH-RES-.pdf
32,Cocoon Maldives,map,2024,outdated,,https://www.neoscapesmaldives.com/wp-content/uploads/Cocoon-Maldives-_-Resort-Map.pdf
32,Cocoon Maldives,map,2022,outdated,,https://www.cocoonmaldives.com/_files/ugd/14dbea_619a17714cbe486e9663306167da43a0.pdf
32,Cocoon Maldives,other,2024,outdated,Y,https://www.cocoonmaldives.com/_files/ugd/482ba8_d145f86de70c47049c2639bac86b9c95.pdf
32,Cocoon Maldives,spa_menu,2023,outdated,Y,https://www.finolhu.com/wp-content/uploads/2023/03/finolhu-fehi-spa-pricelist.pdf
136,Finolhu Baa Atoll Maldives,spa_menu,2023,outdated,Y,https://www.finolhu.com/wp-content/uploads/2023/03/finolhu-fehi-spa-pricelist.pdf
32,Cocoon Maldives,spa_menu,2023,outdated,,https://cdnm.heyzine.com/files/uploaded/b93892d07d9faeb9f27a89d54a9b76e247779607.pdf
33,Dhigali Maldives,all_inclusive,2026,current,,https://www.nivadhigali.com/wp-content/uploads/2026/09/Coconut-Ease.pdf
33,Dhigali Maldives,all_inclusive,2026,current,Y,https://www.nivadhigali.com/wp-content/uploads/2026/09/Awaken-Glow_merged.pdf
33,Dhigali Maldives,all_inclusive,2026,current,,https://www.nivadhigali.com/wp-content/uploads/2026/09/Awaken-Glow.pdf
33,Dhigali Maldives,all_inclusive,2026,current,,https://www.nivadhigali.com/wp-content/uploads/2026/07/Giant-Chess-Tournament.pdf
33,Dhigali Maldives,all_inclusive,2026,current,,https://www.nivadhigali.com/wp-content/uploads/2026/06/June-Special-Offer-LR.pdf
33,Dhigali Maldives,all_inclusive,2020,outdated,,https://www.nivadhigali.com/wp-content/uploads/2026/01/DHIGALI_PERSONAL_DATA_PROTECTION_POLICY-unlocked.pdf
33,Dhigali Maldives,calendar,2026,current,,https://www.nivadhigali.com/wp-content/uploads/2026/09/Christmas-Cake-Mixing.pdf
33,Dhigali Maldives,calendar,2026,current,Y,https://www.nivadhigali.com/wp-content/uploads/2026/05/Niva-Dhigali_Festive-2026_web-1.pdf
33,Dhigali Maldives,calendar,2026,current,,https://www.nivadhigali.com/wp-content/uploads/2026/05/Niva-Dhigali_Festive-2026.pdf
33,Dhigali Maldives,calendar,2026,current,,https://www.nivahotelsandresorts.com/wp-content/uploads/2026/08/Niva-Labriz_Festive-2026.pdf
165,Velassaru Maldives,calendar,2026,current,,https://www.nivahotelsandresorts.com/wp-content/uploads/2026/08/Niva-Labriz_Festive-2026.pdf
33,Dhigali Maldives,destination_dining,2026,current,Y,https://www.nivadhigali.com/wp-content/uploads/2026/02/Floating-Breakfast-NIVA-LR-1.pdf
33,Dhigali Maldives,dining_menu,2026,current,,https://www.nivadhigali.com/wp-content/uploads/2026/09/Halloween-Island-Style-1.pdf
33,Dhigali Maldives,dining_menu,2026,current,,https://www.nivadhigali.com/wp-content/uploads/2026/09/International-Coffee-Day.pdf
33,Dhigali Maldives,dining_menu,2026,current,,https://www.nivadhigali.com/wp-content/uploads/2026/09/Halloween-Island-Style.pdf
33,Dhigali Maldives,dining_menu,2026,current,,https://www.nivadhigali.com/wp-content/uploads/2026/09/Full-Moon-Lobster-Feast.pdf
33,Dhigali Maldives,dining_menu,2026,current,,https://www.nivadhigali.com/wp-content/uploads/2025/09/Website_FaruDinner_Niva_06Sep26.pdf
33,Dhigali Maldives,dining_menu,2026,current,,https://www.nivadhigali.com/wp-content/uploads/2025/09/Website_FaruLunch_Niva_06Sep.pdf
33,Dhigali Maldives,dining_menu,2026,current,,https://www.nivadhigali.com/wp-content/uploads/2025/09/Website_Battuta_Menu_06Sep26.pdf
33,Dhigali Maldives,dining_menu,2026,current,,https://www.nivadhigali.com/wp-content/uploads/2026/08/Website_Jade-Menu_Niva_17Aug26.pdf
33,Dhigali Maldives,dining_menu,2026,current,,https://www.nivadhigali.com/wp-content/uploads/2026/08/Website_Battuta_Menu_12Aug26.pdf
33,Dhigali Maldives,dining_menu,2026,current,,https://www.nivadhigali.com/wp-content/uploads/2025/09/Website_NIVA_BeverageMenu_HaaliBar_6Aug26.pdf
33,Dhigali Maldives,dining_menu,2026,current,,https://www.nivadhigali.com/wp-content/uploads/2025/09/Website_NIVA_BeverageMenu_BeachBar_6Aug26.pdf
33,Dhigali Maldives,dining_menu,2026,current,,https://www.nivadhigali.com/wp-content/uploads/2025/09/Website_NIVA_BeverageMenu_EastBar_6Aug26.pdf
33,Dhigali Maldives,dining_menu,2026,current,,https://www.nivadhigali.com/wp-content/uploads/2025/09/Website_NIVA_BeverageMenu_Faru_Battuta_6Aug26.pdf
33,Dhigali Maldives,dining_menu,2026,current,,https://www.nivadhigali.com/wp-content/uploads/2025/09/Website_NIVA_BeverageMenu_Capers_Jade_6Aug26-1.pdf
33,Dhigali Maldives,dining_menu,2026,current,,https://www.nivadhigali.com/wp-content/uploads/2026/08/Website_FaruDinner_Niva_03Aug26.pdf
33,Dhigali Maldives,dining_menu,2026,current,,https://www.nivadhigali.com/wp-content/uploads/2025/09/Website_FaruLunch_Niva-29JUL26-1.pdf
33,Dhigali Maldives,dining_menu,2026,current,Y,https://www.nivadhigali.com/wp-content/uploads/2026/07/LIMESpaMenu-Dhigali.pdf
33,Dhigali Maldives,dining_menu,2026,current,,https://www.nivadhigali.com/wp-content/uploads/2025/09/Website_Battuta_Menu_6July26.pdf
33,Dhigali Maldives,dining_menu,2026,current,,https://www.nivadhigali.com/wp-content/uploads/2025/09/Website_FaruLunch_Niva-1-1.pdf
33,Dhigali Maldives,dining_menu,2026,current,,https://www.nivadhigali.com/wp-content/uploads/2025/09/Website_NIVA_BeverageMenu_HaaliBar-1.pdf
33,Dhigali Maldives,dining_menu,2026,current,,https://www.nivadhigali.com/wp-content/uploads/2025/09/Website_NIVA_BeverageMenu_BeachBar-1.pdf
33,Dhigali Maldives,dining_menu,2026,current,,https://www.nivadhigali.com/wp-content/uploads/2025/09/Website_NIVA_BeverageMenu_EastBar-1.pdf
33,Dhigali Maldives,dining_menu,2026,current,,https://www.nivadhigali.com/wp-content/uploads/2025/09/Website_NIVA_BeverageMenu_Faru_Battuta-3.pdf
33,Dhigali Maldives,dining_menu,2026,current,,https://www.nivadhigali.com/wp-content/uploads/2025/09/Website_Battuta_Menu.pdf
33,Dhigali Maldives,dining_menu,2026,current,,https://www.nivadhigali.com/wp-content/uploads/2025/09/Website_NIVA_BeverageMenu_Capers_Jade-3.pdf
33,Dhigali Maldives,dining_menu,2026,current,,https://www.nivadhigali.com/wp-content/uploads/2025/09/Website_Jade_Menu.pdf
33,Dhigali Maldives,dining_menu,2026,current,,https://www.nivadhigali.com/wp-content/uploads/2025/09/Website_NIVA_BeverageMenu_HaaliBar_05Apr26.pdf
33,Dhigali Maldives,dining_menu,2026,current,,https://www.nivadhigali.com/wp-content/uploads/2025/09/Website_NIVA_BeverageMenu_BeachBar_05Apr26.pdf
33,Dhigali Maldives,dining_menu,2026,current,,https://www.nivadhigali.com/wp-content/uploads/2025/09/Website_NIVA_BeverageMenu_Faru_Battuta_05Apr26-1.pdf
33,Dhigali Maldives,dining_menu,2026,current,,https://www.nivadhigali.com/wp-content/uploads/2025/09/Website-Cigar-Menu-1.pdf
33,Dhigali Maldives,dining_menu,2026,current,,https://www.nivadhigali.com/wp-content/uploads/2025/09/Website-Shisha-Menu-1.pdf
33,Dhigali Maldives,dining_menu,2026,current,,https://www.nivadhigali.com/wp-content/uploads/2025/09/Pizzeria-Menu.pdf
33,Dhigali Maldives,dining_menu,2026,current,,https://www.nivadhigali.com/wp-content/uploads/2025/09/Faru-Kids-Menu.pdf
33,Dhigali Maldives,dining_menu,2026,current,,https://www.nivadhigali.com/wp-content/uploads/2025/09/Website_CafeMenu_Niva.pdf
33,Dhigali Maldives,dining_menu,2026,current,,https://d1l3wviaauwkfu.cloudfront.net/2026/03/MIL_PressRelease_New-Chapter-of-Batheli-A-return-to-Maldivian-family-style-dining.pdf
167,Milaidhoo Island Maldives,dining_menu,2026,current,,https://d1l3wviaauwkfu.cloudfront.net/2026/03/MIL_PressRelease_New-Chapter-of-Batheli-A-return-to-Maldivian-family-style-dining.pdf
33,Dhigali Maldives,dining_menu,2026,current,,https://www.nivahotelsandresorts.com/wp-content/uploads/2026/09/Cigar-Menu-1.pdf
165,Velassaru Maldives,dining_menu,2026,current,,https://www.nivahotelsandresorts.com/wp-content/uploads/2026/09/Cigar-Menu-1.pdf
33,Dhigali Maldives,dining_menu,2026,current,,https://www.nivahotelsandresorts.com/wp-content/uploads/2026/08/Champagne-Loft-Menu-August-2026.pdf
165,Velassaru Maldives,dining_menu,2026,current,,https://www.nivahotelsandresorts.com/wp-content/uploads/2026/08/Champagne-Loft-Menu-August-2026.pdf
33,Dhigali Maldives,dining_menu,2026,current,,https://www.nivahotelsandresorts.com/wp-content/uploads/2026/07/Website_FaruLunch_Niva-29JUL26.pdf
33,Dhigali Maldives,dining_menu,2026,current,,https://www.nivahotelsandresorts.com/wp-content/uploads/2026/05/Website_FaruDinner_Niva-1.pdf
33,Dhigali Maldives,dining_menu,2026,current,,https://www.nivadhigali.com/wp-content/uploads/2026/02/Epicurean-Dining-Feburary-24.pdf
33,Dhigali Maldives,dining_menu,2021,outdated,,https://www.nivadhigali.com/wp-content/uploads/2025/09/Website_Wine-Menu_6August26-5.pdf
33,Dhigali Maldives,dining_menu,2021,outdated,,https://www.nivadhigali.com/wp-content/uploads/2025/09/Website_Haali_Wine-Menu-1.pdf
33,Dhigali Maldives,dining_menu,2021,outdated,,https://www.nivadhigali.com/wp-content/uploads/2025/09/Website_East_Wine-Menu-1.pdf
33,Dhigali Maldives,dining_menu,2021,outdated,,https://www.nivadhigali.com/wp-content/uploads/2025/09/Website_Faru_Wine-Menu-1.pdf
33,Dhigali Maldives,dining_menu,2021,outdated,,https://www.nivadhigali.com/wp-content/uploads/2025/09/Website_Battuta_Wine-Menu-1.pdf
33,Dhigali Maldives,dining_menu,2021,outdated,,https://www.nivadhigali.com/wp-content/uploads/2025/09/Website_Capers_Wine-Menu-1.pdf
33,Dhigali Maldives,dining_menu,2021,outdated,,https://www.nivadhigali.com/wp-content/uploads/2025/09/Website_Jade_Wine-Menu-1.pdf
33,Dhigali Maldives,dining_menu,2021,outdated,,https://www.nivadhigali.com/wp-content/uploads/2025/09/Website_Haali_Wine-Menu_05Apr26.pdf
33,Dhigali Maldives,dining_menu,2021,outdated,,https://www.nivadhigali.com/wp-content/uploads/2025/09/Website_East_Wine-Menu_05Apr26.pdf
33,Dhigali Maldives,dining_menu,2021,outdated,,https://www.nivadhigali.com/wp-content/uploads/2025/09/Website_Faru_Wine-Menu_05Apr26.pdf
33,Dhigali Maldives,dining_menu,2021,outdated,,https://www.nivadhigali.com/wp-content/uploads/2025/09/Website_Battuta_Wine-Menu_05Apr26.pdf
33,Dhigali Maldives,dive_prices,2026,current,Y,https://www.nivadhigali.com/wp-content/uploads/2026/08/Snorkeling-Pricelist_Rev200826.pdf
33,Dhigali Maldives,dive_prices,2026,current,,https://www.nivadhigali.com/wp-content/uploads/2026/08/Snorkeling-Pricelist_Rev200826_updated.pdf
33,Dhigali Maldives,dive_prices,2026,current,,https://www.nivadhigali.com/wp-content/uploads/2026/07/Snorkeling-Pricelist_Rev050726.pdf
33,Dhigali Maldives,dive_prices,2026,current,,https://www.nivadhigali.com/wp-content/uploads/2026/07/Dhigali-Snorkeling-Code-of-Conduct.pdf
33,Dhigali Maldives,dive_prices,2026,current,,https://www.nivadhigali.com/wp-content/uploads/2026/07/PADI-Womens-Dive-Day-1.pdf
33,Dhigali Maldives,dive_prices,2026,current,,https://www.nivadhigali.com/wp-content/uploads/2026/07/PADI-Womens-Dive-Day-2.pdf
33,Dhigali Maldives,dive_prices,2026,current,,https://www.nivadhigali.com/wp-content/uploads/2026/07/PADI-Womens-Dive-Day.pdf
33,Dhigali Maldives,dive_prices,2026,current,,https://www.nivadhigali.com/wp-content/uploads/2026/07/Shark-Awareness-Day-Special-Dive.pdf
33,Dhigali Maldives,dive_prices,2026,current,,https://www.nivadhigali.com/wp-content/uploads/2026/06/Niva-Dhigali-Dive-English.pdf
33,Dhigali Maldives,dive_prices,2026,current,,https://www.nivavelassaru.com/wp-content/uploads/2026/01/Diving-Price-List.pdf
165,Velassaru Maldives,dive_prices,2026,current,,https://www.nivavelassaru.com/wp-content/uploads/2026/01/Diving-Price-List.pdf
33,Dhigali Maldives,dive_prices,2026,current,,https://www.nivadhigali.com/wp-content/uploads/2026/02/Watersports-Pricelist-18-February-NIVA.pdf
33,Dhigali Maldives,excursions,2026,current,Y,https://www.nivadhigali.com/wp-content/uploads/2026/08/Plastic-Recycling-Workshop.pdf
33,Dhigali Maldives,excursions,2026,current,,https://www.nivahotelsandresorts.com/wp-content/uploads/2026/05/Fit-_-Fun-NIVA-Feb-07-LR.pdf
33,Dhigali Maldives,factsheet,2026,current,,https://www.nivadhigali.com/wp-content/uploads/2026/08/Excursions-Fact-Sheet_Rev04Aug26-1.pdf
33,Dhigali Maldives,factsheet,2026,current,Y,https://www.nivadhigali.com/wp-content/uploads/2026/01/DHIGALI_Factsheet.pdf
33,Dhigali Maldives,factsheet,2026,current,,https://www.nivadhigali.com/wp-content/uploads/2026/06/Excursions-Fact-Sheet_Rev250626-1.pdf
33,Dhigali Maldives,factsheet,2026,current,,https://www.nivadhigali.com/wp-content/uploads/2026/01/Premium-All-Inclusive-Factsheet-2026.pdf
33,Dhigali Maldives,factsheet,2026,current,,https://www.nivadhigali.com/wp-content/uploads/2026/01/Diving-Fact-Sheet-January-15-NIVA-LR.pdf
33,Dhigali Maldives,factsheet,2022,outdated,,https://www.neoscapesmaldives.com/wp-content/uploads/Dhigali_Factsheet-03-15-2022.pdf
33,Dhigali Maldives,kids,2026,current,Y,https://www.nivadhigali.com/wp-content/uploads/2026/06/Kids-Club-Program_Rev2May26.pdf
33,Dhigali Maldives,kids,2026,current,,https://www.nivahotelsandresorts.com/wp-content/uploads/2026/08/Kids-Festive-2026.pdf
165,Velassaru Maldives,kids,2026,current,,https://www.nivahotelsandresorts.com/wp-content/uploads/2026/08/Kids-Festive-2026.pdf
33,Dhigali Maldives,kids,2026,current,,https://www.nivahotelsandresorts.com/wp-content/uploads/2026/05/Kids-Club-Program_Rev07Mar26.pdf
165,Velassaru Maldives,kids,2026,current,,https://www.nivahotelsandresorts.com/wp-content/uploads/2026/05/Kids-Club-Program_Rev07Mar26.pdf
33,Dhigali Maldives,map,2022,outdated,Y,https://www.neoscapesmaldives.com/wp-content/uploads/Dhigali_Map-03-15-2022.pdf
33,Dhigali Maldives,other,2026,current,Y,https://www.nivadhigali.com/wp-content/uploads/2026/07/Maldives-Independence-Day.pdf
33,Dhigali Maldives,other,2026,current,,https://www.nivahotelsandresorts.com/wp-content/uploads/2026/07/MARIE-CLAIRE.pdf
165,Velassaru Maldives,other,2026,current,,https://www.nivahotelsandresorts.com/wp-content/uploads/2026/07/MARIE-CLAIRE.pdf
33,Dhigali Maldives,spa_menu,2026,current,,https://www.nivadhigali.com/wp-content/uploads/2026/09/Full-Moon-Yoga.pdf
33,Dhigali Maldives,spa_menu,2026,current,,https://www.nivadhigali.com/wp-content/uploads/2026/09/LIME-MM-DhigaliWEB.pdf
33,Dhigali Maldives,spa_menu,2026,current,,https://www.nivadhigali.com/wp-content/uploads/2026/07/Fullmoon-Ritual.pdf
33,Dhigali Maldives,spa_menu,2026,current,,https://www.nivadhigali.com/wp-content/uploads/2026/06/Full-Moon-Yoga-June-28-LR.pdf
33,Dhigali Maldives,spa_menu,2026,current,,https://www.nivadhigali.com/wp-content/uploads/2026/06/International-Yoga-Day-June-21-1.pdf
33,Dhigali Maldives,spa_menu,2026,current,,https://www.nivavelassaru.com/wp-content/uploads/2025/09/Dhigali-Visiting-Pactioneer-2026-Constanza.pdf
165,Velassaru Maldives,spa_menu,2026,current,,https://www.nivavelassaru.com/wp-content/uploads/2025/09/Dhigali-Visiting-Pactioneer-2026-Constanza.pdf
33,Dhigali Maldives,spa_menu,2026,current,,https://www.nivahotelsandresorts.com/wp-content/uploads/2026/07/Imron-Zulfikar_Wellness-menu_web.pdf
165,Velassaru Maldives,spa_menu,2026,current,,https://www.nivahotelsandresorts.com/wp-content/uploads/2026/07/Imron-Zulfikar_Wellness-menu_web.pdf
33,Dhigali Maldives,spa_menu,2026,current,,https://www.nivahotelsandresorts.com/wp-content/uploads/2026/04/Easter-Brochure_LittleBunnySpa-April-Spa-Special-Offer.pdf
165,Velassaru Maldives,spa_menu,2026,current,,https://www.nivahotelsandresorts.com/wp-content/uploads/2026/04/Easter-Brochure_LittleBunnySpa-April-Spa-Special-Offer.pdf
33,Dhigali Maldives,spa_menu,2026,current,Y,https://www.nivahotelsandresorts.com/wp-content/uploads/2026/04/Dhigali-Wellness-Week-LR.pdf
33,Dhigali Maldives,sustainability,2026,current,,https://www.nivadhigali.com/wp-content/uploads/2026/07/Dhigali-Waste-Management-Policy.pdf
33,Dhigali Maldives,sustainability,2026,current,,https://www.nivadhigali.com/wp-content/uploads/2026/07/Dhigali-Environement-Policy.pdf
33,Dhigali Maldives,sustainability,2026,current,,https://www.nivadhigali.com/wp-content/uploads/2026/07/Dhigali-Pollution-Management-Policy-1.pdf
33,Dhigali Maldives,sustainability,2026,current,,https://www.nivadhigali.com/wp-content/uploads/2026/07/Niva-Dhigali-Sunscreen-Recommendation.pdf
33,Dhigali Maldives,sustainability,2026,current,Y,https://www.nivadhigali.com/wp-content/uploads/2026/07/Niva-Dhigali-Responsible-Guest-Guide.pdf
33,Dhigali Maldives,sustainability,2026,current,,https://www.nivadhigali.com/wp-content/uploads/2026/07/Dhigali-Green-Team-Policy.pdf
33,Dhigali Maldives,sustainability,2026,current,,https://www.nivadhigali.com/wp-content/uploads/2026/07/Biodiversity-Policy.pdf
33,Dhigali Maldives,sustainability,2025,current,,https://www.nivadhigali.com/wp-content/uploads/2026/07/Dhigali-Sustainability-Management-Policy.pdf
33,Dhigali Maldives,wedding,2027,current,Y,https://www.nivahotelsandresorts.com/wp-content/uploads/2026/05/Wedding-Brochure-NIVA-LR-1.pdf
33,Dhigali Maldives,wedding,2023,outdated,,https://visitmaldives.s3.amazonaws.com/4YErR1qe/ypkpp8vt.pdf
4,Ayada Maldives,wedding,2023,outdated,,https://visitmaldives.s3.amazonaws.com/4YErR1qe/ypkpp8vt.pdf
33,Dhigali Maldives,wedding,2023,outdated,,https://visitmaldives.com/en/downloads/love-letters-from-the-sunny-side-of-life
4,Ayada Maldives,wedding,2023,outdated,,https://visitmaldives.com/en/downloads/love-letters-from-the-sunny-side-of-life
34,Adaaran Select Meedhupparu,all_inclusive,2026,current,Y,https://www.adaaran.com/selectmeedhupparu/view-download/?id=asm-premium-all
34,Adaaran Select Meedhupparu,dining_menu,2025,current,Y,https://www.adaaran.com/selectmeedhupparu/view-download/?id=asm-spa-menu
34,Adaaran Select Meedhupparu,dive_prices,2026,current,Y,https://www.adaaran.com/selectmeedhupparu/view-download/?id=asm-watersport
34,Adaaran Select Meedhupparu,dive_prices,2025,current,,https://adaaran.eme-devops.com/sites/5/2025/08/dive-point-price-list.pdf
34,Adaaran Select Meedhupparu,factsheet,2026,current,Y,https://www.adaaran.com/selectmeedhupparu/view-download/?id=asm-factsheet
34,Adaaran Select Meedhupparu,kids,2025,current,Y,https://www.adaaran.com/selectmeedhupparu/view-download/?id=kid-act-plan
34,Adaaran Select Meedhupparu,sustainability,2025,current,Y,https://adaaran.eme-devops.com/2026/05/Sustainabilty-Report-ASM-2025-26-compressed.pdf
34,Adaaran Select Meedhupparu,sustainability,2024,outdated,,https://adaaran.eme-devops.com/2025/08/2024-25-Adaaran-Select-Meedhupparu-Sustainability-Report-2024-25.pdf
34,Adaaran Select Meedhupparu,sustainability,2023,outdated,,https://adaaran.eme-devops.com/2025/08/Adaaran-Select-Meedhupparu-Sustainability-Report-2023-24.pdf
34,Adaaran Select Meedhupparu,sustainability,2022,outdated,,https://adaaran.eme-devops.com/2025/08/Adaaran-Select-Meedhupparu-Sustainability-Report-2022-23.pdf
34,Adaaran Select Meedhupparu,sustainability,2021,outdated,,https://adaaran.eme-devops.com/2025/08/Adaaran-Select-Meedhupparu-Sustainability-Report-2021-22.pdf
34,Adaaran Select Meedhupparu,sustainability,2021,outdated,,https://adaaran.eme-devops.com/2025/08/Adaaran-Select-Meedhupparu-Sustainability-Report-%E2%80%93-2019-2020-2021.pdf
34,Adaaran Select Meedhupparu,wedding,2026,current,Y,https://www.adaaran.com/selectmeedhupparu/view-download/?id=ASMW
35,Heritance Aarah,all_inclusive,2026,current,Y,https://heritancehotels.eme-devops.com/sites/2/2026/09/Heritance-Aarah-Premium-All-Inclusive.pdf
35,Heritance Aarah,all_inclusive,2025,current,,https://heritancehotels.eme-devops.com/2026/09/HAH_003-FB-Promotions-Booklet.pdf
35,Heritance Aarah,all_inclusive,2025,current,,https://heritancehotels.eme-devops.com/2025/06/Heritance-Aarah-FB-Promotions-Booklet-13.06.2025.pdf
35,Heritance Aarah,all_inclusive,2025,current,,https://heritancehotels.eme-devops.com/sites/2/2025/07/DN_HAH_003-FB-Promotions-Booklet.pdf
35,Heritance Aarah,all_inclusive,2016,outdated,,https://heritancehotels.eme-devops.com/2025/01/ASH-Integrated-Sustainability-Policy-1.pdf
35,Heritance Aarah,brochure,2026,current,Y,https://heritancehotels.eme-devops.com/2026/10/Bandhi-Pizza-Light-Snacks-Russian.pdf
35,Heritance Aarah,brochure,2020,outdated,,https://heritancehotels.eme-devops.com/2025/03/RESORT-SAFETY-INFORMATION.pdf
35,Heritance Aarah,dining_menu,2026,current,,https://heritancehotels.eme-devops.com/2026/10/Sky-Bar-Nibbles-Menu-Russian.pdf
35,Heritance Aarah,dining_menu,2026,current,,https://heritancehotels.eme-devops.com/2026/10/Sky-Bar-Nibbles-Menu-Simplified-Chinese.pdf
35,Heritance Aarah,dining_menu,2026,current,,https://heritancehotels.eme-devops.com/2026/10/Ralu-Afternoon-Menu-Russian-1.pdf
35,Heritance Aarah,dining_menu,2026,current,,https://heritancehotels.eme-devops.com/2026/10/Ralu-Ala-Carte-Russian-1.pdf
35,Heritance Aarah,dining_menu,2026,current,,https://heritancehotels.eme-devops.com/2026/10/Ralu-Vegetarian-Menu-Russian-1.pdf
35,Heritance Aarah,dining_menu,2026,current,,https://heritancehotels.eme-devops.com/2026/10/Ralu-A-la-carte-Editable-Simplified-Chinese-1.pdf
35,Heritance Aarah,dining_menu,2026,current,,https://heritancehotels.eme-devops.com/2026/10/Ralu-A-la-carte-Vegetarian-Menu-Simplified-Chinese-1.pdf
35,Heritance Aarah,dining_menu,2026,current,,https://heritancehotels.eme-devops.com/2026/10/Ralu-Afternoon-Menu-Simplified-Chinese-1.pdf
35,Heritance Aarah,dining_menu,2026,current,,https://heritancehotels.eme-devops.com/2026/10/Bandhi-Pizza-Snack-Menu-Simplified-Chinese.pdf
35,Heritance Aarah,dining_menu,2026,current,,https://heritancehotels.eme-devops.com/2026/10/Ranba-Vegetarian-Menu-Russian.pdf
35,Heritance Aarah,dining_menu,2026,current,,https://heritancehotels.eme-devops.com/2026/10/Ranba-A-la-carte-Lunch-Dinner-Simplified-Chinese.pdf
35,Heritance Aarah,dining_menu,2026,current,,https://heritancehotels.eme-devops.com/2026/10/Ambula-Set-Menu-Non-VegetarianRussian.pdf
35,Heritance Aarah,dining_menu,2026,current,,https://heritancehotels.eme-devops.com/2026/10/Ambula-Set-Menu-Vegetarian-Russian.pdf
35,Heritance Aarah,dining_menu,2026,current,,https://heritancehotels.eme-devops.com/2026/10/Ambula-Vegetarian-Menu-Simplified-Chinese.pdf
35,Heritance Aarah,dining_menu,2026,current,,https://heritancehotels.eme-devops.com/2026/10/Baani-Ala-Carte-Lunch-Russian.pdf
35,Heritance Aarah,dining_menu,2026,current,,https://heritancehotels.eme-devops.com/2026/10/Baani-Veg-Ala-Carte-Russian.pdf
35,Heritance Aarah,dining_menu,2026,current,,https://heritancehotels.eme-devops.com/2026/10/Baani-Lunch-A-la-carte-Menu-Simplified-Chinese.pdf
35,Heritance Aarah,dining_menu,2026,current,,https://heritancehotels.eme-devops.com/2026/10/Baani-Veg-A-la-carte-Simplified-Chinese.pdf
35,Heritance Aarah,dining_menu,2026,current,,https://heritancehotels.eme-devops.com/2026/10/Kids-Menu-Simplified-Chinese.pdf
35,Heritance Aarah,dining_menu,2026,current,,https://heritancehotels.eme-devops.com/2026/10/Kids-Menu-Russian.pdf
35,Heritance Aarah,dining_menu,2026,current,,https://heritancehotels.eme-devops.com/2026/09/Ginifati-Menu-Option-1-Russian.pdf
35,Heritance Aarah,dining_menu,2026,current,,https://heritancehotels.eme-devops.com/2026/09/Ginifati-Vegan-Menu-Russian.pdf
35,Heritance Aarah,dining_menu,2026,current,,https://heritancehotels.eme-devops.com/2026/09/Ginifati-Menu-Option-2-Russian.pdf
35,Heritance Aarah,dining_menu,2026,current,,https://heritancehotels.eme-devops.com/2026/09/Ginifati-Menu-Option-2-Simplified-Chinese.pdf
35,Heritance Aarah,dining_menu,2026,current,,https://heritancehotels.eme-devops.com/2026/09/Ginifati-Menu-Option-1-Simplified-Chinese.pdf
35,Heritance Aarah,dining_menu,2026,current,,https://heritancehotels.eme-devops.com/2026/09/Ginifati-Vegan-Menu-Simplified-Chinese.pdf
35,Heritance Aarah,dining_menu,2026,current,,https://heritancehotels.eme-devops.com/2026/09/Ginifati-Vegan-Menu-1.1.pdf
35,Heritance Aarah,dining_menu,2026,current,,https://heritancehotels.eme-devops.com/2026/09/Ginifati-Menu-Option-2.1.pdf
35,Heritance Aarah,dining_menu,2026,current,,https://heritancehotels.eme-devops.com/2026/09/GInifati-Menu-Option-1.1.pdf
35,Heritance Aarah,dining_menu,2026,current,Y,https://heritancehotels.eme-devops.com/2026/08/Premium-All-Inclusive-Wine-Beverage-List-25.08.2026.pdf
35,Heritance Aarah,dining_menu,2026,current,,https://heritancehotels.eme-devops.com/2026/08/Baani-Ala-carte-Lunch-1.pdf
35,Heritance Aarah,dining_menu,2026,current,,https://heritancehotels.eme-devops.com/2026/08/Ambula-Vegetarian-Set-Menu-Vegetarian.pdf
35,Heritance Aarah,dining_menu,2026,current,,https://heritancehotels.eme-devops.com/2026/08/Ambula-Set-Menu-Non-Vegetarian.pdf
35,Heritance Aarah,dining_menu,2026,current,,https://heritancehotels.eme-devops.com/2026/08/Sky-Bar-Nibbles-Menu.pdf
35,Heritance Aarah,dining_menu,2026,current,,https://heritancehotels.eme-devops.com/2026/08/Ralu-A-la-carte-Vegetarian-Menu.pdf
35,Heritance Aarah,dining_menu,2026,current,,https://heritancehotels.eme-devops.com/2026/08/Ralu-A-la-carte-Editable.pdf
35,Heritance Aarah,dining_menu,2026,current,,https://heritancehotels.eme-devops.com/2026/08/Ralu-A-la-carte-Afernoon-menu.pdf
35,Heritance Aarah,dining_menu,2026,current,,https://heritancehotels.eme-devops.com/2026/08/KIDS-Menu-New.pdf
35,Heritance Aarah,dining_menu,2026,current,,https://heritancehotels.eme-devops.com/2026/08/Ginifati-Vegan-Menu.pdf
35,Heritance Aarah,dining_menu,2026,current,,https://heritancehotels.eme-devops.com/2026/08/Ginifati-Menu-Option-2.pdf
35,Heritance Aarah,dining_menu,2026,current,,https://heritancehotels.eme-devops.com/2026/08/GInifati-Menu-Option-1.pdf
35,Heritance Aarah,dining_menu,2026,current,,https://heritancehotels.eme-devops.com/2026/08/Bandhi-Pizza-Snack-Menu.pdf
35,Heritance Aarah,dining_menu,2026,current,,https://heritancehotels.eme-devops.com/2026/08/Baani-Veg-Ala-carte.pdf
35,Heritance Aarah,dining_menu,2026,current,,https://heritancehotels.eme-devops.com/2026/07/HTF-Snack-Menu-26-27.pdf.pdf
35,Heritance Aarah,dining_menu,2026,current,,https://heritancehotels.eme-devops.com/2026/07/HTF-Premium-Wines-26-27.pdf.pdf
35,Heritance Aarah,dining_menu,2026,current,,https://heritancehotels.eme-devops.com/2026/07/HTF-Beverage-Portfolio-26.27.pdf.pdf
35,Heritance Aarah,dining_menu,2026,current,,https://heritancehotels.eme-devops.com/2026/07/HTF-Ala-Cart-Menu-26-27.pdf.pdf
35,Heritance Aarah,dining_menu,2026,current,,https://heritancehotels.eme-devops.com/2026/07/HTF-Pekoe-Trail-Picnic-Breakfast.pdf
35,Heritance Aarah,dining_menu,2026,current,,https://heritancehotels.eme-devops.com/2026/07/Ceylon-Tea-Expereince-Menu.pdf
35,Heritance Aarah,dining_menu,2026,current,,https://heritancehotels.eme-devops.com/2026/07/Bon-Fire.pdf
35,Heritance Aarah,dining_menu,2026,current,,https://heritancehotels.eme-devops.com/2026/07/KIDS-MENU-RGB.pdf
35,Heritance Aarah,dining_menu,2026,current,,https://heritancehotels.eme-devops.com/2026/07/EATING-INN-ALA-CARTE-May-2026-for-qr-code.pdf
35,Heritance Aarah,dining_menu,2026,current,,https://heritancehotels.eme-devops.com/2026/06/Premium-All-Inclusive-Wine-Beverage-List-10.06.2026.pdf
35,Heritance Aarah,dining_menu,2026,current,,https://heritancehotels.eme-devops.com/2026/04/HK-Beverage-Menu.pdf
35,Heritance Aarah,dining_menu,2026,current,,https://heritancehotels.eme-devops.com/2026/04/HK-A-La-Carte-kanchana.pdf
35,Heritance Aarah,dining_menu,2026,current,,https://heritancehotels.eme-devops.com/2026/04/HK-A-La-Carte-cafe.pdf
35,Heritance Aarah,dining_menu,2026,current,,https://heritancehotels.eme-devops.com/2026/04/Kaludiya-new-menu.pdf
35,Heritance Aarah,dining_menu,2026,current,,https://heritancehotels.eme-devops.com/2026/04/HK-Wine-List.pdf
35,Heritance Aarah,dining_menu,2026,current,,https://heritancehotels.eme-devops.com/2026/04/HK-IRD-Menu.pdf
35,Heritance Aarah,dining_menu,2026,current,,https://heritancehotels.eme-devops.com/2026/04/HK-Cocktail-Menu-2026.pdf
35,Heritance Aarah,dining_menu,2026,current,,https://heritancehotels.eme-devops.com/2026/02/Ambula-Vegetarian-Set-Menu-Vegetarian.pdf
35,Heritance Aarah,dining_menu,2026,current,,https://heritancehotels.eme-devops.com/2026/02/Ambula-Set-Menu-Non-Vegetarian.pdf
35,Heritance Aarah,dining_menu,2026,current,,https://heritancehotels.eme-devops.com/2026/02/Ambula-Menu-Reserve-Options.pdf
35,Heritance Aarah,dining_menu,2026,current,,https://heritancehotels.eme-devops.com/2026/02/Aarah-Baani-Master-Wine-List-2026.pdf
35,Heritance Aarah,dining_menu,2026,current,,https://heritancehotels.eme-devops.com/2026/02/Aarah-Ralu-Master-Wine-List-2026.pdf
35,Heritance Aarah,dining_menu,2026,current,,https://heritancehotels.eme-devops.com/2026/02/Aarah-Ginifati-Set-Menu-No-01-02.02.2026.pdf
35,Heritance Aarah,dining_menu,2026,current,,https://heritancehotels.eme-devops.com/2026/01/Heritance-Tea-Factory-Wine-List-26.27.pdf
35,Heritance Aarah,dining_menu,2026,current,,https://heritancehotels.eme-devops.com/2026/01/Heritance-Tea-Factory-Beverage-Menu-26.27.pdf
35,Heritance Aarah,dining_menu,2026,current,,https://heritancehotels.eme-devops.com/2026/01/HK-A-La-Carte-kanchana-1.pdf
35,Heritance Aarah,dining_menu,2026,current,,https://heritancehotels.eme-devops.com/2025/11/THE-TEA-INFUSED-SET-MENU-BY-JAMES-TAYLOR-2025-2026.pdf
35,Heritance Aarah,dining_menu,2026,current,,https://heritancehotels.eme-devops.com/2025/11/Hethersett-Snack-Menu-2025-2026-1.pdf
35,Heritance Aarah,dining_menu,2026,current,,https://heritancehotels.eme-devops.com/2025/09/HETHERSETT-SNACK-MENU-2025-2026.pdf
35,Heritance Aarah,dining_menu,2026,current,,https://heritancehotels.eme-devops.com/2025/09/HETHERSETT-BONFIRE-MENU-2025-2026.pdf
35,Heritance Aarah,dining_menu,2026,current,,https://heritancehotels.eme-devops.com/2025/09/KENMARE-ALA-CART-MENU-2025-2026.pdf
35,Heritance Aarah,dining_menu,2026,current,,https://heritancehotels.eme-devops.com/2025/09/HTF-Beverage-Menu-2025-2026.pdf
35,Heritance Aarah,dining_menu,2025,current,,https://heritancehotels.eme-devops.com/2026/01/Aarah-Ginifati-Set-Menu-No-02-01.12.2025.pdf
35,Heritance Aarah,dining_menu,2025,current,,https://heritancehotels.eme-devops.com/2025/11/HK-Bites-Menu.pdf
35,Heritance Aarah,dining_menu,2025,current,,https://heritancehotels.eme-devops.com/2025/11/HK-A-La-Carte-1.pdf
35,Heritance Aarah,dining_menu,2025,current,,https://heritancehotels.eme-devops.com/2025/09/Aarah-PAI-Wine-Beverage-List-18.09.2025.pdf
35,Heritance Aarah,dining_menu,2025,current,,https://heritancehotels.eme-devops.com/2025/09/Aarah-Reserve-Beverage-List-20.09.2025.pdf
35,Heritance Aarah,dining_menu,2025,current,,https://heritancehotels.eme-devops.com/2025/09/IVD-Ala-carte-Menu-Snack-Menu-3.00-pm-to-6.00-pm.pdf
35,Heritance Aarah,dining_menu,2025,current,,https://heritancehotels.eme-devops.com/2025/09/IVD-Ala-carte-Menu-A-la-carte-12.00-pm-to-3.00-pm-7.00-pm-to-11.00-pm.pdf
35,Heritance Aarah,dining_menu,2025,current,,https://heritancehotels.eme-devops.com/2025/09/IVD-Ala-carte-Menu-Breakfast-7.00-am-to-11.00-am.pdf
35,Heritance Aarah,dining_menu,2025,current,,https://heritancehotels.eme-devops.com/2025/09/Bandhi-Pizza-Snack-Menu.pdf
35,Heritance Aarah,dining_menu,2025,current,,https://heritancehotels.eme-devops.com/2025/09/Ranba-Ala-carte-Lunch-Dinner-Veg.pdf
35,Heritance Aarah,dining_menu,2025,current,,https://heritancehotels.eme-devops.com/2025/09/Ambula-Vegetarian-Set-Menu-Vegetarian.pdf
35,Heritance Aarah,dining_menu,2025,current,,https://heritancehotels.eme-devops.com/2025/09/KIDS-Menu-Ginifati.pdf
35,Heritance Aarah,dining_menu,2025,current,,https://heritancehotels.eme-devops.com/2025/09/GInifati-Editable-OP1-1.pdf
35,Heritance Aarah,dining_menu,2025,current,,https://heritancehotels.eme-devops.com/2025/09/GInifati-Editable-OP2-2.pdf
35,Heritance Aarah,dining_menu,2025,current,,https://heritancehotels.eme-devops.com/2025/09/Baani-Ala-carte-Lunch.pdf
35,Heritance Aarah,dining_menu,2025,current,,https://heritancehotels.eme-devops.com/2025/09/Ralu-A-la-carte-Editable-002-1-1.pdf
35,Heritance Aarah,dining_menu,2025,current,,https://heritancehotels.eme-devops.com/2025/09/Premium-All-Inclusive-Wine-Beverage-List-01.09.2025.pdf
35,Heritance Aarah,dining_menu,2025,current,,https://heritancehotels.eme-devops.com/2025/09/KIDS-Menu.pdf
35,Heritance Aarah,dining_menu,2025,current,,https://heritancehotels.eme-devops.com/2025/09/Ralu-A-la-carte-Vegetarian-Menu.pdf
35,Heritance Aarah,dining_menu,2025,current,,https://heritancehotels.eme-devops.com/2025/08/Aarah-Ralu-A-la-carte-Menu-05.08.2025.pdf
35,Heritance Aarah,dining_menu,2025,current,,https://heritancehotels.eme-devops.com/2025/08/Aarah-Ambula-Set-Menu-Vegetarian-05.08.2025.pdf
35,Heritance Aarah,dining_menu,2025,current,,https://heritancehotels.eme-devops.com/2025/08/Aarah-Ambula-Set-Menu-Non-Vegetarian-05.08.2025.pdf
35,Heritance Aarah,dining_menu,2025,current,,https://heritancehotels.eme-devops.com/2025/07/Aarah-IVD-A-la-carte-Menu-Snack-Menu-OS-OR-01.07.2025.pdf
35,Heritance Aarah,dining_menu,2025,current,,https://heritancehotels.eme-devops.com/2025/07/Aarah-IVD-A-la-carte-Menu-OV-BV-01.07.2025.pdf
35,Heritance Aarah,dining_menu,2025,current,,https://heritancehotels.eme-devops.com/2025/07/Aarah-IVD-A-la-carte-Menu-Lunch-Dinner-OS-OR-01.07.2025.pdf
35,Heritance Aarah,dining_menu,2025,current,,https://heritancehotels.eme-devops.com/2025/07/Aarah-IVD-A-la-carte-Menu-Breakfast-OS-OR-01.07.2025.pdf
35,Heritance Aarah,dining_menu,2025,current,,https://heritancehotels.eme-devops.com/2025/07/Aarah-Reserve-Beverage-List-01.07.2025.pdf
35,Heritance Aarah,dining_menu,2025,current,,https://heritancehotels.eme-devops.com/2025/07/Aarah-Baani-A-la-carte-Menu-Lunch-01.07.2025.pdf
35,Heritance Aarah,dining_menu,2025,current,,https://heritancehotels.eme-devops.com/2025/06/Aarah-PAI-Wine-Beverage-List-25.06.2025.pdf
35,Heritance Aarah,dining_menu,2025,current,,https://heritancehotels.eme-devops.com/2025/06/HTF-Snack-Menu-2024-2025.pdf
35,Heritance Aarah,dining_menu,2025,current,,https://heritancehotels.eme-devops.com/2025/06/HTF-High-Tea-Menu-2024-2025.pdf
35,Heritance Aarah,dining_menu,2025,current,,https://heritancehotels.eme-devops.com/2025/06/HTF-GOURMET-MOMENTS-BESIDE-A-LEGACY.pdf
35,Heritance Aarah,dining_menu,2025,current,,https://heritancehotels.eme-devops.com/2025/06/HTF-bon-fire-Menu-2024-2025.pdf
35,Heritance Aarah,dining_menu,2025,current,,https://heritancehotels.eme-devops.com/2025/06/HTF-Pekoe-Trail-Picnic-Breakfast.pdf
35,Heritance Aarah,dining_menu,2025,current,,https://heritancehotels.eme-devops.com/2025/06/Aarah-Ginifati-Set-Menu-No-02-12.06.2025.pdf
35,Heritance Aarah,dining_menu,2025,current,,https://heritancehotels.eme-devops.com/2025/05/Aarah-PAI-Wine-Beverage-List-27.05.2025.pdf
35,Heritance Aarah,dining_menu,2025,current,,https://heritancehotels.eme-devops.com/2025/04/Aarah-IVD-A-la-carte-Menu-OV-BV-03.04.2025.pdf
35,Heritance Aarah,dining_menu,2025,current,,https://heritancehotels.eme-devops.com/2025/03/Aarah-Ralu-A-la-carte-Menu-Vegetarian-20.03.2025.pdf
35,Heritance Aarah,dining_menu,2025,current,,https://heritancehotels.eme-devops.com/2025/03/Aarah-Baani-A-la-carte-Menu-Veg-15.03.2025.pdf
35,Heritance Aarah,dining_menu,2025,current,,https://heritancehotels.eme-devops.com/2025/02/Kaludiya-Menu.pdf
35,Heritance Aarah,dining_menu,2025,current,,https://heritancehotels.eme-devops.com/2025/02/HK-Wine-Menu-1.pdf
35,Heritance Aarah,dining_menu,2025,current,,https://heritancehotels.eme-devops.com/sites/2/2025/08/Aarah-PAI-21.08.2025.pdf
35,Heritance Aarah,dining_menu,2024,outdated,,https://heritancehotels.eme-devops.com/2026/08/Ranba-Ala-carte-Lunch-Dinner-08.12.2024.pdf
35,Heritance Aarah,dining_menu,2024,outdated,,https://heritancehotels.eme-devops.com/2025/02/Beverage-Menu-HTF-1-1.pdf
35,Heritance Aarah,dining_menu,2024,outdated,,https://heritancehotels.eme-devops.com/2025/02/Wine-Menu-HTF-1-1-1.pdf
35,Heritance Aarah,dining_menu,2024,outdated,,https://heritancehotels.eme-devops.com/2025/02/HK-Snack-Menu.pdf
35,Heritance Aarah,dining_menu,2024,outdated,,https://heritancehotels.eme-devops.com/2025/02/HK-Cocktail-List.pdf
35,Heritance Aarah,dining_menu,2024,outdated,,https://heritancehotels.eme-devops.com/2025/02/HK-Vegetarian-Food-Menu.pdf
35,Heritance Aarah,dining_menu,2024,outdated,,https://heritancehotels.eme-devops.com/2025/02/HK-Pan-Asian-Menu.pdf
35,Heritance Aarah,dining_menu,2024,outdated,,https://heritancehotels.eme-devops.com/2025/02/HK-A-La-Carte.pdf
35,Heritance Aarah,dining_menu,2024,outdated,,https://heritancehotels.eme-devops.com/2025/02/Aarah-Ginifati-Kids-Menu-25.11.2024.pdf
35,Heritance Aarah,dining_menu,2024,outdated,,https://heritancehotels.eme-devops.com/2025/02/Aarah-Kids-Menu-25.11.2024.pdf
35,Heritance Aarah,dining_menu,2023,outdated,,https://heritancehotels.eme-devops.com/2025/02/WINE-MENU-UPDATED-Feb.-2023.pdf
35,Heritance Aarah,dining_menu,2023,outdated,,https://heritancehotels.eme-devops.com/2025/02/In-Room-Dining-Menu-updated-Feb.-2023.pdf
35,Heritance Aarah,dining_menu,2023,outdated,,https://heritancehotels.eme-devops.com/2025/02/ALA-CARTE-updated-Feb-2023.pdf
35,Heritance Aarah,dining_menu,2023,outdated,,https://heritancehotels.eme-devops.com/2025/02/Snack-menu-updated-Feb.-2023.pdf
35,Heritance Aarah,dining_menu,2023,outdated,,https://heritancehotels.eme-devops.com/2025/02/BEVERAGE-MENU-updated-Feb.-2023.pdf
35,Heritance Aarah,dining_menu,2023,outdated,,https://heritancehotels.eme-devops.com/2025/02/Aarah-Bandhi-Pool-Bar-Pizza-Snack-Menu-04.12.2023.pdf
35,Heritance Aarah,dining_menu,2020,outdated,,https://heritancehotels.eme-devops.com/2025/02/All-Inclusive-Wines.pdf
35,Heritance Aarah,dining_menu,2020,outdated,,https://heritancehotels.eme-devops.com/2025/02/All-Inclusive-Easy-Drinks-.pdf
35,Heritance Aarah,dive_prices,2025,current,Y,https://heritancehotels.eme-devops.com/sites/2/2026/03/Kaito-Water-Sports-Brochure_compressed.pdf
35,Heritance Aarah,dive_prices,2025,current,,https://heritancehotels.eme-devops.com/sites/2/2026/03/Kaito-Dive-Brochure_compressed.pdf
35,Heritance Aarah,excursions,2026,current,Y,https://heritancehotels.eme-devops.com/sites/2/2026/04/Excursion-Brochure_HAR.pdf
35,Heritance Aarah,excursions,2025,current,,https://heritancehotels.eme-devops.com/sites/2/2025/06/Heritance-Aarah-Zing-Swing-2025.06.25.pdf
35,Heritance Aarah,excursions,2024,outdated,,https://heritancehotels.eme-devops.com/2025/02/Excursion-List.pdf
35,Heritance Aarah,excursions,2024,outdated,,https://heritancehotels.eme-devops.com/sites/2/2024/12/HAR-Kokaa-Kids-Club-Weekly-Activity.pdf
35,Heritance Aarah,excursions,2022,outdated,,https://heritancehotels.eme-devops.com/2025/03/Aarah-Paradise-Unfolded-The-Heritance-Experience.pdf
35,Heritance Aarah,factsheet,2026,current,Y,https://heritancehotels.eme-devops.com/sites/2/2026/09/Heritance-Aarah-Fact-Sheet.pdf
35,Heritance Aarah,factsheet,2025,current,,https://heritancehotels.eme-devops.com/2025/08/aarah-fact-sheet-2025-new.pdf
35,Heritance Aarah,factsheet,2023,outdated,,https://heritancehotels.eme-devops.com/2025/02/HAR-FO-FACT-SHEET-7.pdf
35,Heritance Aarah,factsheet,2020,outdated,,https://www.neoscapesmaldives.com/wp-content/uploads/Heritance-Aarah-Fact-Sheet_Dec-V2.pdf
35,Heritance Aarah,factsheet,2020,outdated,,https://heritancehotels.eme-devops.com/2025/03/RUSSIAN-RESORT-INFORMATION.pdf
35,Heritance Aarah,factsheet,2020,outdated,,https://heritancehotels.eme-devops.com/2025/03/ENGLISH-RESORT-INFORMATION-1.pdf
35,Heritance Aarah,factsheet,2020,outdated,,https://heritancehotels.eme-devops.com/2025/03/GERMAN-RESORT-INFORMATION-1.pdf
35,Heritance Aarah,factsheet,2020,outdated,,https://heritancehotels.eme-devops.com/2025/03/FRENCH-RESORT-INFORMATION.pdf
35,Heritance Aarah,factsheet,2020,outdated,,https://heritancehotels.eme-devops.com/2025/03/ITALIAN-RESORT-INFORMATION.pdf
35,Heritance Aarah,kids,2021,outdated,Y,https://heritancehotels.eme-devops.com/2025/03/Aarah-Kids-Club-Baby-Sitting-Services.pdf
35,Heritance Aarah,kids,2021,outdated,,https://heritancehotels.eme-devops.com/sites/2/2024/12/Koka-Kids-Club-Babysitting-Services-November-2021-onward.pdf
35,Heritance Aarah,map,2020,outdated,,https://www.neoscapesmaldives.com/wp-content/uploads/Heritance-Aarah-Resort-map.pdf
35,Heritance Aarah,other,2026,current,Y,https://heritancehotels.eme-devops.com/2026/10/Ambula-Non-Vegetarian-Simplified-Chinese.pdf
35,Heritance Aarah,other,2022,outdated,,https://heritancehotels.eme-devops.com/2025/03/Aarah-Kaito-Prices.pdf
35,Heritance Aarah,spa_menu,2025,current,Y,https://heritancehotels.eme-devops.com/sites/2/2025/09/Wellness-Activities-IASO-Spa.pdf
35,Heritance Aarah,spa_menu,2025,current,,https://heritancehotels.eme-devops.com/sites/2/2025/09/IASO-Spa-Promotions.pdf
35,Heritance Aarah,spa_menu,2022,outdated,,https://heritancehotels.eme-devops.com/2025/03/Aarah-IASO-Medi-Spa-Price-List.pdf
35,Heritance Aarah,spa_menu,2022,outdated,,https://heritancehotels.eme-devops.com/2025/01/Heritance-Ayurveda-Maha-Gedara-Sustainability-Report-2021-2022.pdf
35,Heritance Aarah,sustainability,2026,current,Y,https://heritancehotels.eme-devops.com/sites/2/2026/06/Heritance-Aarah-SMP-2026.pdf
35,Heritance Aarah,sustainability,2026,current,,https://heritancehotels.eme-devops.com/sites/2/2026/06/2026-Environment-Policy-Heritance-Aarah.pdf
35,Heritance Aarah,sustainability,2025,current,,https://heritancehotels.eme-devops.com/2026/09/SHN-Sustainability-report-2025_compressed.pdf
35,Heritance Aarah,sustainability,2025,current,,https://heritancehotels.eme-devops.com/2026/05/Sustainabilty-Report-HA-2025-26-Compressed.pdf
35,Heritance Aarah,sustainability,2024,outdated,,https://d3a2q5al71qg9.cloudfront.net/2025/05/Heritance-Aarah-Sustainability-Report-2024-25_compressed-1.pdf
35,Heritance Aarah,sustainability,2023,outdated,,https://heritancehotels.eme-devops.com/2025/01/Heritance-Aarah-Sustainability-Report-2023-24-_compressed.pdf
35,Heritance Aarah,sustainability,2023,outdated,,https://heritancehotels.eme-devops.com/2025/01/SHN-Sustainability-Progress-Report-2023-24.pdf
35,Heritance Aarah,sustainability,2023,outdated,,https://heritancehotels.eme-devops.com/2025/01/HTF-Sustainability-Report-2023-24.pdf
35,Heritance Aarah,sustainability,2023,outdated,,https://heritancehotels.eme-devops.com/2025/01/HAMG-Sustainability-Report-2023-24.pdf
35,Heritance Aarah,sustainability,2023,outdated,,https://heritancehotels.eme-devops.com/2025/01/HA-Sustainability-Report-2023-24.pdf
35,Heritance Aarah,sustainability,2023,outdated,,https://heritancehotels.eme-devops.com/2025/01/Heritance-Hotels-Community-Engagement-Policy-V2.pdf
35,Heritance Aarah,sustainability,2023,outdated,,https://heritancehotels.eme-devops.com/2025/01/Heritance-Hotels-Environmental-Policy-V3.pdf
35,Heritance Aarah,sustainability,2022,outdated,,https://heritancehotels.eme-devops.com/2025/01/1.-HA-Sustainability-Report-2022-23.pdf
35,Heritance Aarah,sustainability,2022,outdated,,https://heritancehotels.eme-devops.com/2025/01/Heritance-Tea-Factory-Sustainability-Report-2021-2022.pdf
35,Heritance Aarah,sustainability,2022,outdated,,https://heritancehotels.eme-devops.com/2025/01/Heritance-Ahungalla-Sustainability-Report-2021-2022.pdf
35,Heritance Aarah,sustainability,2022,outdated,,https://heritancehotels.eme-devops.com/2025/01/Heritance-Kandalama-Sustainability-Report-2021-2022.pdf
35,Heritance Aarah,sustainability,2021,outdated,,https://heritancehotels.eme-devops.com/2025/01/Heritance-Aaarah-Sustainability-Report-2019-2020-2021.pdf
35,Heritance Aarah,sustainability,2021,outdated,,https://heritancehotels.eme-devops.com/2025/01/HA-Sustainability-Report-2021-22.pdf
35,Heritance Aarah,wedding,2026,current,Y,https://heritancehotels.eme-devops.com/2026/09/Heritance-Aarah-Wedding-Document.pdf
35,Heritance Aarah,wedding,2025,current,,https://heritancehotels.eme-devops.com/sites/2/2025/12/Heritance-Aarah-Wedding-Package.pdf
35,Heritance Aarah,wedding,2024,outdated,,https://heritancehotels.eme-devops.com/2025/02/Aarah-Wedding-Packages-22.10.2024.pdf
37,The Ritz Carlton Maldives Fari Islands,factsheet,2021,outdated,Y,https://www.neoscapesmaldives.com/wp-content/uploads/The-Ritz-Carlton-Maldives-Factsheet.pdf
37,The Ritz Carlton Maldives Fari Islands,map,2022,outdated,Y,https://www.neoscapesmaldives.com/wp-content/uploads/The-Ritz-Carlton-Maldives-Fari-Islands-Map.pdf
38,Veligandu Maldives Resort Island,all_inclusive,2026,current,Y,https://veligandu.com/wp-content/uploads/2025/06/AIl-InclusiveDineAroundPack103125_Rev24.pdf
38,Veligandu Maldives Resort Island,all_inclusive,2025,current,,https://veligandu.com/wp-content/uploads/2024/10/Veli-AIl-InclusiveDineAroundPackageBrochuRev281024.pdf
38,Veligandu Maldives Resort Island,brochure,2025,current,Y,https://veligandu.com/wp-content/uploads/2025/02/veligandu-valentines-day-brochure-2025.pdf
38,Veligandu Maldives Resort Island,calendar,2026,current,,https://veligandu.com/wp-content/uploads/2026/01/January-Calendar-2026.pdf
38,Veligandu Maldives Resort Island,calendar,2026,current,,https://veligandu.com/wp-content/uploads/2026/01/March-2026-Calendar.pdf
38,Veligandu Maldives Resort Island,calendar,2026,current,Y,https://veligandu.com/wp-content/uploads/2026/01/February-2026-Calendar.pdf
38,Veligandu Maldives Resort Island,calendar,2026,current,,https://veligandu.com/wp-content/uploads/2025/06/WeeklyEntertainmentScheduleVer041525.pdf
38,Veligandu Maldives Resort Island,calendar,2025,current,,https://veligandu.com/wp-content/uploads/2025/09/veligandu-festive-brochure-25-26-compressed-24092025.pdf
38,Veligandu Maldives Resort Island,dining_menu,2024,outdated,,https://veligandu.com/wp-content/uploads/2024/11/Veligandu_TeppanyakiSetMenu_09-11-2024.pdf
38,Veligandu Maldives Resort Island,dining_menu,2024,outdated,,https://veligandu.com/wp-content/uploads/2024/11/Veligandu_SushiSashimiMenu-09-11-2024.pdf
38,Veligandu Maldives Resort Island,dining_menu,2024,outdated,,https://veligandu.com/wp-content/uploads/2024/11/Veligandu_RaalhuWineMenu_Landscape-09-11-2024.pdf
38,Veligandu Maldives Resort Island,dining_menu,2024,outdated,Y,https://veligandu.com/wp-content/uploads/2024/11/Veligandu_MasterWineMenu_Landscape_09-11-2024.pdf
38,Veligandu Maldives Resort Island,dining_menu,2024,outdated,,https://veligandu.com/wp-content/uploads/2024/11/Veligandu_MadivaruWineMenu_Landscape_09-11-2024.pdf
38,Veligandu Maldives Resort Island,dining_menu,2024,outdated,,https://veligandu.com/wp-content/uploads/2024/11/Veligandu_MadivaruFoodMenu_09-11-2024.pdf
38,Veligandu Maldives Resort Island,dining_menu,2024,outdated,,https://veligandu.com/wp-content/uploads/2024/11/Veligandu_IVD-Menu_09-11-2024.pdf
38,Veligandu Maldives Resort Island,dining_menu,2023,outdated,,https://veligandu.com/wp-content/uploads/2026/05/MasterWineList_050226.pdf
38,Veligandu Maldives Resort Island,dining_menu,2022,outdated,,https://veligandu.com/wp-content/uploads/2026/05/MasterWineList_030326.pdf
38,Veligandu Maldives Resort Island,dive_map,2026,current,Y,https://veligandu.com/wp-content/uploads/2026/09/Veli-IslandSnorkelingMapFY2026Ver092126.pdf
38,Veligandu Maldives Resort Island,dive_prices,2026,current,,https://veligandu.com/wp-content/uploads/2026/01/VeliExcursionPriceList2026_010126-123126.pdf
38,Veligandu Maldives Resort Island,dive_prices,2026,current,Y,https://veligandu.com/wp-content/uploads/2026/01/VeliWaterSportsCentre2026_010126-123126.pdf
38,Veligandu Maldives Resort Island,dive_prices,2026,current,,https://veligandu.com/wp-content/uploads/2025/06/VMomentsPacakgesVer041525.pdf
38,Veligandu Maldives Resort Island,dive_prices,2026,current,,https://veligandu.com/wp-content/uploads/2026/01/VeliDiveCentreCatalogue2026_010126-123126.pdf
38,Veligandu Maldives Resort Island,dive_prices,2025,current,,https://veligandu.com/wp-content/uploads/2026/05/Veli-ExcursionPriceList110125103126_Rev050126.pdf
38,Veligandu Maldives Resort Island,dive_prices,2025,current,,https://veligandu.com/wp-content/uploads/2026/05/Veli-DiveCenterCatalog110125103126_Rev050126.pdf
38,Veligandu Maldives Resort Island,dive_prices,2025,current,,https://veligandu.com/wp-content/uploads/2026/05/Veli-WaterSportsCatalog110125103126_Rev050126.pdf
38,Veligandu Maldives Resort Island,dive_prices,2024,outdated,,https://veligandu.com/wp-content/uploads/2024/09/15.-Veli-WatersportsCatalog_110124-113024_Rev072424-240924.pdf
38,Veligandu Maldives Resort Island,dive_prices,2024,outdated,,https://veligandu.com/wp-content/uploads/2024/09/11.-Veli-DiveCatalog_110124-113025_Rev072324_240924.pdf
38,Veligandu Maldives Resort Island,dive_prices,2020,outdated,,https://sales.crownandchamparesorts.com/wp-content/uploads/2020/07/OceanDiveandSportsCenterSOP-071720VELI.pdf
38,Veligandu Maldives Resort Island,excursions,2026,current,,https://veligandu.com/wp-content/uploads/2026/07/ListIndoorOutdoorSportsActivitiesVer072926-1.pdf
38,Veligandu Maldives Resort Island,excursions,2026,current,,https://veligandu.com/wp-content/uploads/2026/01/VeliWeeklyExcursionSchedule2026_010126-123126.pdf
38,Veligandu Maldives Resort Island,excursions,2026,current,Y,https://veligandu.com/wp-content/uploads/2026/01/VeliExcursionsCentreCatalogue2026_010126-123126_.pdf
38,Veligandu Maldives Resort Island,excursions,2026,current,,https://veligandu.com/wp-content/uploads/2025/06/ListIndoorOutdoorSportsActivitiesVer041525.pdf
38,Veligandu Maldives Resort Island,excursions,2025,current,,https://veligandu.com/wp-content/uploads/2026/05/Veli-ExcursionWeeklySchedule110125103126_Rev050126.pdf
38,Veligandu Maldives Resort Island,excursions,2025,current,,https://veligandu.com/wp-content/uploads/2026/05/Veli-ExcursionCatalog110125103126_Rev050126.pdf
38,Veligandu Maldives Resort Island,excursions,2025,current,,https://veligandu.com/wp-content/uploads/2025/09/ListIndoorOutdoorSportsActivitiesVer081524.pdf
38,Veligandu Maldives Resort Island,excursions,2025,current,,https://veligandu.com/wp-content/uploads/2025/06/WeeklyExcursionsScheduleVer300425.pdf
38,Veligandu Maldives Resort Island,excursions,2024,outdated,,https://veligandu.com/wp-content/uploads/2024/09/13.-Veli-ExcursionsCatalog_110124-113024_Rev072324-240924.pdf
38,Veligandu Maldives Resort Island,factsheet,2026,current,Y,https://veligandu.com/wp-content/uploads/2025/06/Factsheet-W25-26S26Ver17062025.pdf
38,Veligandu Maldives Resort Island,factsheet,2025,current,,https://sales.crownandchamparesorts.com/wp-content/uploads/2025/08/Veli-Factsheet-W25-26S26Ver17062025.pdf
38,Veligandu Maldives Resort Island,factsheet,2019,outdated,,https://sales.crownandchamparesorts.com/wp-content/uploads/2018/04/FactSheetVeligandu110119103120Rev111619.pdf
38,Veligandu Maldives Resort Island,map,2026,current,Y,https://veligandu.com/wp-content/uploads/2026/09/Veli-IslandMapFY2026Ver092126.pdf
38,Veligandu Maldives Resort Island,map,2025,current,,https://sales.crownandchamparesorts.com/wp-content/uploads/2025/08/Veli-IslandMap110125103126Ver140625.pdf
38,Veligandu Maldives Resort Island,map,2025,current,,https://veligandu.com/wp-content/uploads/2025/06/Veli-IslandMapVer140625.pdf
38,Veligandu Maldives Resort Island,map,2024,outdated,,https://sales.crownandchamparesorts.com/wp-content/uploads/2025/06/Veligandu-Island-Map-290724.pdf
38,Veligandu Maldives Resort Island,map,2024,outdated,,https://veligandu.com/wp-content/uploads/2024/09/Veli-FloorPlan3D_Rev062524.pdf
38,Veligandu Maldives Resort Island,map,2019,outdated,,https://sales.crownandchamparesorts.com/wp-content/uploads/2018/03/IslandMapColourRev060219.pdf
159,Cinnamon Dhonveli Maldives,map,2019,outdated,,https://sales.crownandchamparesorts.com/wp-content/uploads/2018/03/IslandMapColourRev060219.pdf
38,Veligandu Maldives Resort Island,map,2017,outdated,,https://sales.crownandchamparesorts.com/wp-content/uploads/2018/04/MapVeliganduColor110117.pdf
38,Veligandu Maldives Resort Island,spa_menu,2025,current,Y,https://veligandu.com/wp-content/uploads/2025/06/HimeynSpaMenuVer300425.pdf
38,Veligandu Maldives Resort Island,sustainability,2026,current,Y,https://veligandu.com/wp-content/uploads/2026/01/VeliOceanConservationCatalogue2026_010126-123126.pdf
38,Veligandu Maldives Resort Island,sustainability,2025,current,Y,https://d2qwq69i2ic1pk.cloudfront.net/2026/02/Sustainablity-Initiatives-Brochure-CCR-2025.pdf
28,Kudadoo Maldives Private island,sustainability,2025,current,Y,https://d2qwq69i2ic1pk.cloudfront.net/2026/02/Sustainablity-Initiatives-Brochure-CCR-2025.pdf
78,Meeru Maldives Resort Island,sustainability,2025,current,Y,https://d2qwq69i2ic1pk.cloudfront.net/2026/02/Sustainablity-Initiatives-Brochure-CCR-2025.pdf
174,Vilamendhoo Island Resort,sustainability,2025,current,Y,https://d2qwq69i2ic1pk.cloudfront.net/2026/02/Sustainablity-Initiatives-Brochure-CCR-2025.pdf
30,Hurawalhi Island Resort,sustainability,2025,current,Y,https://d2qwq69i2ic1pk.cloudfront.net/2026/02/Sustainablity-Initiatives-Brochure-CCR-2025.pdf
38,Veligandu Maldives Resort Island,villa_plans,2025,current,Y,https://veligandu.com/wp-content/uploads/2024/09/Veli-GuestVillaSizes_Rev081524.pdf
38,Veligandu Maldives Resort Island,wedding,2025,current,Y,https://veligandu.com/wp-content/uploads/2024/09/Veli-HoneymoonGuestInfoRenewalsOfVows_110124-103125_Rev081524-240924.pdf
39,NH Collection Maldives Havodda Resort,factsheet,2018,outdated,Y,https://neoscapesmaldives.com/wp-content/uploads/Amari-Havodda-Factsheet.pdf
39,NH Collection Maldives Havodda Resort,map,2019,outdated,Y,https://neoscapesmaldives.com/wp-content/uploads/Amari-Havodda-Maldives-Map.pdf
40,Le Méridien Maldives Resort and Spa,factsheet,2021,outdated,Y,https://www.neoscapesmaldives.com/wp-content/uploads/Resort-Factsheet-Le-Meridien-Maldives.pdf
40,Le Méridien Maldives Resort and Spa,map,2022,outdated,Y,https://www.neoscapesmaldives.com/wp-content/uploads/Resort-Map-Le-Meridien-Maldives.pdf
41,Ozen By Atmosphere At Maadhoo,factsheet,2025,current,Y,https://www.neoscapesmaldives.com/wp-content/uploads/OZEN-LIFE-MAADHOO-Fact-Sheet-2025.pdf
41,Ozen By Atmosphere At Maadhoo,map,2023,outdated,Y,https://www.neoscapesmaldives.com/wp-content/uploads/OZEN-LIFE-MAADHOO-Resort-Map-1.pdf
43,Dhigufaru Island Resort,brochure,2018,outdated,Y,https://dhigufaru.com/app/wp-content/uploads/2018/07/Dhigufaru_Brochure_2018-s.pdf
43,Dhigufaru Island Resort,brochure,2017,outdated,,https://dhigufaru.com/Dhigufaru_brochure.pdf
43,Dhigufaru Island Resort,brochure,2016,outdated,,https://dhigufaru.com/app/wp-content/uploads/2016/03/Dhigu-brochure-screen.pdf
43,Dhigufaru Island Resort,factsheet,2025,current,Y,https://dhigufaru.com/app/wp-content/uploads/2026/06/Dhigufaru-Fact-Sheet-English.pdf
43,Dhigufaru Island Resort,factsheet,2024,outdated,,https://dhigufaru.com/app/wp-content/uploads/2024/08/Dhigufaru-Island-Resort-Fact-Sheet-July-2024.pdf
43,Dhigufaru Island Resort,factsheet,2020,outdated,,https://dhigufaru.com/app/wp-content/uploads/2020/10/Dhigufaru-Fact-Sheet-2020.pdf
43,Dhigufaru Island Resort,factsheet,2017,outdated,,https://dhigufaru.com/app/wp-content/uploads/2018/07/Dhigufaru_Factsheet.pdf
43,Dhigufaru Island Resort,spa_menu,2017,outdated,Y,https://dhigufaru.com/app/wp-content/uploads/2016/03/Huifilandaa-Pavilion.pdf
43,Dhigufaru Island Resort,villa_plans,2016,outdated,Y,https://dhigufaru.com/app/wp-content/uploads/2016/03/FS-fp-screen.pdf
43,Dhigufaru Island Resort,wedding,2024,outdated,Y,https://dhigufaru.com/app/wp-content/uploads/2024/12/Dhigufaru-Wedding-Proposal-Packages-2024.pdf
44,Hard Rock Hotel Maldives,brochure,2025,current,Y,https://www.neoscapesmaldives.com/wp-content/uploads/Hard-Rock-Hotel-Maldives-Info-Sheet-2025.pdf
44,Hard Rock Hotel Maldives,brochure,2019,outdated,,https://hotel.hardrock.com/maldives/files/6016/babies_toddlers_amenities.pdf
44,Hard Rock Hotel Maldives,destination_dining,2022,outdated,Y,https://hotel.hardrock.com/los-cabos/files/6148/Romantic-Dinner-Hard-Rock-Hotel-Los-Cabos.pdf
44,Hard Rock Hotel Maldives,dining_menu,2026,current,,https://hotel.hardrock.com/maldives/files/6016/CN_Sessions_All_Day_Dining_A3_2026.08.27.pdf
44,Hard Rock Hotel Maldives,dining_menu,2026,current,,https://hotel.hardrock.com/maldives/files/6016/ENB_Pizza_Menu_2026.06.27.pdf
44,Hard Rock Hotel Maldives,dining_menu,2026,current,,https://hotel.hardrock.com/maldives/files/6016/RUS_E&B_Lunch_Menu_A3_2026.06.24.pdf
44,Hard Rock Hotel Maldives,dining_menu,2026,current,,https://hotel.hardrock.com/maldives/files/6016/CN_E&B_Dinner_Menu_A3_2026.04.05.pdf
44,Hard Rock Hotel Maldives,dining_menu,2026,current,,https://hotel.hardrock.com/maldives/files/6016/CN_E&B_Pizza_Menu.pdf
44,Hard Rock Hotel Maldives,dining_menu,2026,current,,https://hotel.hardrock.com/maldives/files/6016/Sessions_Kids_Menu_with_images.pdf
44,Hard Rock Hotel Maldives,dining_menu,2026,current,,https://hotel.hardrock.com/maldives/files/6016/RUS_E&B_Dinner_Menu_A3_2026.04.05.pdf
44,Hard Rock Hotel Maldives,dining_menu,2026,current,,https://hotel.hardrock.com/maldives/files/6016/CN_E&B_Lunch_Menu_A3_2026.06.24.pdf
44,Hard Rock Hotel Maldives,dining_menu,2026,current,,https://hotel.hardrock.com/maldives/files/6016/Sessions_All_Day_Dining_A3_2026.08.27.pdf
44,Hard Rock Hotel Maldives,dining_menu,2026,current,,https://hotel.hardrock.com/maldives/files/6016/RUS_Sessions_All_Day_Dining_A3_2026.08.27.pdf
44,Hard Rock Hotel Maldives,dining_menu,2026,current,Y,https://hotel.hardrock.com/maldives/files/6016/HRH_Signature_Menu_2026.06.21.pdf
44,Hard Rock Hotel Maldives,dining_menu,2026,current,,https://hotel.hardrock.com/maldives/files/6016/E&B_Dinner_Menu_A3_2026.04.05.pdf
44,Hard Rock Hotel Maldives,dining_menu,2026,current,,https://hotel.hardrock.com/maldives/files/6016/HRH_Wine_Menu_2026.04.05.pdf
44,Hard Rock Hotel Maldives,dining_menu,2026,current,,https://hotel.hardrock.com/maldives/files/6016/HRH_AI_Drinks_Menu.pdf
44,Hard Rock Hotel Maldives,dining_menu,2026,current,,https://hotel.hardrock.com/marbella/fr/files/6812/hard-rock-hotel-marbella-ficha-tecnica-fr-19-03-26.pdf
44,Hard Rock Hotel Maldives,dining_menu,2025,current,,https://hotel.hardrock.com/maldives/files/6016/HRC_Drinks_Menu.pdf
44,Hard Rock Hotel Maldives,dining_menu,2025,current,,https://hotel.hardrock.com/maldives/files/6016/HRC_Food_Menu.pdf
44,Hard Rock Hotel Maldives,dining_menu,2025,current,,https://hotel.hardrock.com/maldives/files/6016/RUS_HRC_Food_Menu.pdf
44,Hard Rock Hotel Maldives,dining_menu,2025,current,,https://hotel.hardrock.com/maldives/files/6016/CN_HRC_Food_Menu.pdf
44,Hard Rock Hotel Maldives,dining_menu,2024,outdated,,https://hotel.hardrock.com/maldives/files/6016/HRC_kids_menu.pdf
44,Hard Rock Hotel Maldives,dining_menu,2023,outdated,,https://hotel.hardrock.com/maldives/files/6016/RUS_E&B_Pizza_Menu.pdf
44,Hard Rock Hotel Maldives,dining_menu,2021,outdated,,https://hotel.hardrock.com/los-cabos/files/6148/Wine-Tasting-Hard-Rock-Hotel-Los-Cabos.pdf
44,Hard Rock Hotel Maldives,dining_menu,2019,outdated,,https://hotel.hardrock.com/maldives/files/6016/Hard_Rock_Hotel_Maldives_Guitar_Menu.pdf
44,Hard Rock Hotel Maldives,map,2026,current,Y,https://hotel.hardrock.com/maldives/files/6016/Hard_Rock_Maldives_Reosrt_Map_2026.pdf
44,Hard Rock Hotel Maldives,map,2024,outdated,,https://hotel.hardrock.com/maldives/files/6016/Hard_Rock_Hotel_Maldives_Island_Map_-_December_2024.pdf
44,Hard Rock Hotel Maldives,map,2023,outdated,,https://crossroadsmaldives.com/wp-content/uploads/2024/11/EO-GEN-002C_Sustainability-Management-Plan-Crossroads-Maldives.pdf
45,Saii Lagoon Maldives,map,2023,outdated,,https://crossroadsmaldives.com/wp-content/uploads/2024/11/EO-GEN-002C_Sustainability-Management-Plan-Crossroads-Maldives.pdf
162,The Marina at Crossroads Maldives,map,2023,outdated,,https://crossroadsmaldives.com/wp-content/uploads/2024/11/EO-GEN-002C_Sustainability-Management-Plan-Crossroads-Maldives.pdf
44,Hard Rock Hotel Maldives,other,2026,current,Y,https://crossroadsmaldives.com/wp-content/uploads/2026/05/CXR-Maali-Parade-with-Boduberu.pdf
162,The Marina at Crossroads Maldives,other,2026,current,Y,https://crossroadsmaldives.com/wp-content/uploads/2026/05/CXR-Maali-Parade-with-Boduberu.pdf
44,Hard Rock Hotel Maldives,other,2021,outdated,,https://hotel.hardrock.com/los-cabos/files/6148/Tequila-Tasting-Hard-Rock-Hotel-Los-Cabos.pdf
44,Hard Rock Hotel Maldives,spa_menu,2026,current,Y,https://hotel.hardrock.com/maldives/files/6016/Body_Rock_Private_Lessons.pdf
44,Hard Rock Hotel Maldives,spa_menu,2025,current,,https://hotel.hardrock.com/maldives/files/6016/RockSpa_Menu_2025.pdf
44,Hard Rock Hotel Maldives,spa_menu,2025,current,,https://hotel.hardrock.com/maldives/files/6016/RockSpa_Pricelist_2025.pdf
44,Hard Rock Hotel Maldives,sustainability,2024,outdated,Y,https://hotel.hardrock.com/maldives/files/6016/HRH_Green_Book.pdf
44,Hard Rock Hotel Maldives,sustainability,2023,outdated,,https://crossroadsmaldives.com/wp-content/uploads/2023/05/EO-GEN-003B_Environmental-Policy-Crossroads-Maldives.pdf
45,Saii Lagoon Maldives,sustainability,2023,outdated,,https://crossroadsmaldives.com/wp-content/uploads/2023/05/EO-GEN-003B_Environmental-Policy-Crossroads-Maldives.pdf
162,The Marina at Crossroads Maldives,sustainability,2023,outdated,,https://crossroadsmaldives.com/wp-content/uploads/2023/05/EO-GEN-003B_Environmental-Policy-Crossroads-Maldives.pdf
44,Hard Rock Hotel Maldives,wedding,2026,current,Y,https://hotel.hardrock.com/maldives/files/6016/HRH_Wedding_Brochure_2026.pdf
45,Saii Lagoon Maldives,all_inclusive,2026,current,Y,https://letsgomaldives.com/wp-content/uploads/2026/03/DMC-Iftar-Event-Invitation.pdf
45,Saii Lagoon Maldives,all_inclusive,2025,current,,https://www.saiihotels.com/wp-content/uploads/2025/11/Padel-Tennis-V3.pdf
45,Saii Lagoon Maldives,calendar,2026,current,,https://www.saiihotels.com/wp-content/uploads/2026/08/SAii-SKS-Festive-Brochure-2026_Final.pdf
45,Saii Lagoon Maldives,calendar,2026,current,,https://www.saiihotels.com/wp-content/uploads/2026/04/SAii-Recreation-Program_IPTV.pdf
45,Saii Lagoon Maldives,calendar,2026,current,,https://www.saiihotels.com/wp-content/uploads/2026/03/SAii-Easter-Programme-2026-RUS.pdf
45,Saii Lagoon Maldives,calendar,2026,current,,https://www.saiihotels.com/wp-content/uploads/2026/03/SAii-Easter-Programme-2026.pdf
45,Saii Lagoon Maldives,calendar,2026,current,,https://www.saiihotels.com/wp-content/uploads/2026/01/SAii-Chinese-New-Year-2026.pdf
45,Saii Lagoon Maldives,calendar,2026,current,Y,https://www.saiihotels.com/wp-content/uploads/2025/09/SPP-Festive-brochure-25.pdf
45,Saii Lagoon Maldives,calendar,2026,current,Y,https://crossroadsmaldives.com/wp-content/uploads/2026/01/Padel-Tennis-Membership-Programme_2026.pdf
162,The Marina at Crossroads Maldives,calendar,2026,current,Y,https://crossroadsmaldives.com/wp-content/uploads/2026/01/Padel-Tennis-Membership-Programme_2026.pdf
45,Saii Lagoon Maldives,calendar,2025,current,,https://www.saiihotels.com/wp-content/uploads/2025/09/SKS-Festive-Winter-Sparkle-Brochure.pdf
45,Saii Lagoon Maldives,destination_dining,2025,current,Y,https://www.saiihotels.com/wp-content/uploads/2025/10/Dinner-on-the-beach.pdf
45,Saii Lagoon Maldives,destination_dining,2023,outdated,,https://saiihotels.com/wp-content/uploads/2025/05/Private-Beach-BBQ-Surf-Turf-Menu.pdf
45,Saii Lagoon Maldives,dining_menu,2026,current,,https://www.saiihotels.com/wp-content/uploads/2026/07/SAii-Maldives-Independence-Day-2026.pdf
45,Saii Lagoon Maldives,dining_menu,2026,current,,https://www.saiihotels.com/wp-content/uploads/2026/06/June-Recreation-Russian.pdf
45,Saii Lagoon Maldives,dining_menu,2026,current,,https://www.saiihotels.com/wp-content/uploads/2026/05/SAii-Eid-Special-BBQ-Dinner-2026-1.pdf
45,Saii Lagoon Maldives,dining_menu,2026,current,,https://www.saiihotels.com/wp-content/uploads/2026/03/SAii-Songkran-2026.pdf
45,Saii Lagoon Maldives,dining_menu,2026,current,,https://www.saiihotels.com/wp-content/uploads/2026/02/SAii-International-Womens-Day-2026.pdf
45,Saii Lagoon Maldives,dining_menu,2026,current,Y,https://www.saiihotels.com/wp-content/uploads/2026/02/SPP_WineDrinks-2026.pdf
45,Saii Lagoon Maldives,dining_menu,2026,current,,https://www.saiihotels.com/wp-content/uploads/2026/01/SAii-Valentines-Day-2026.pdf
45,Saii Lagoon Maldives,dining_menu,2025,current,,https://www.saiihotels.com/wp-content/uploads/2025/12/SKS-SAii-Club-TerraMar.pdf
45,Saii Lagoon Maldives,dining_menu,2025,current,,https://www.saiihotels.com/wp-content/uploads/2025/12/SKS-SAii-Club-BeanCo.pdf
45,Saii Lagoon Maldives,dining_menu,2025,current,,https://www.saiihotels.com/wp-content/uploads/2025/12/SKS-SAii-Club-Miss-Olive-Oyl.pdf
45,Saii Lagoon Maldives,dining_menu,2025,current,,https://www.saiihotels.com/wp-content/uploads/2025/10/Miss-Olive-Oyl-Main-Menu-2025-ENG_compressed.pdf
45,Saii Lagoon Maldives,dining_menu,2022,outdated,,https://www.saiihotels.com/wp-content/uploads/2025/12/SKS-SAii-Club-Wine-List.pdf
45,Saii Lagoon Maldives,dive_prices,2026,current,Y,https://www.saiihotels.com/wp-content/uploads/2026/09/Tennis-Price-List-Sep-Dec-2026.pdf
45,Saii Lagoon Maldives,dive_prices,2026,current,,https://www.saiihotels.com/wp-content/uploads/2026/09/Sport-and-Recreation-Price-List-Sep-Dec-2026.pdf
45,Saii Lagoon Maldives,dive_prices,2026,current,,https://www.saiihotels.com/wp-content/uploads/2026/02/Sport-and-Recreation-Price-List_Feb-Apr-2026.pdf
45,Saii Lagoon Maldives,dive_prices,2026,current,,https://www.saiihotels.com/wp-content/uploads/2026/01/Tennis-Price-List_Feb-Ap2026.pdf
45,Saii Lagoon Maldives,excursions,2026,current,Y,https://www.saiihotels.com/wp-content/uploads/2026/09/SAii-Daily-Sport-Activity-Sep-Dec-2026.pdf
45,Saii Lagoon Maldives,excursions,2026,current,,https://www.saiihotels.com/wp-content/uploads/2026/04/SAii-Daily-Sport-Activity_May-Oct-2026.pdf
45,Saii Lagoon Maldives,excursions,2026,current,,https://www.saiihotels.com/wp-content/uploads/2026/04/SAii-Kids-Club-Activities_Russian.pdf
45,Saii Lagoon Maldives,excursions,2026,current,,https://www.saiihotels.com/wp-content/uploads/2026/04/SAii-Kids-Club-Activities_English.pdf
45,Saii Lagoon Maldives,excursions,2026,current,,https://www.saiihotels.com/wp-content/uploads/2026/04/SAii-Kids-Club-Activities-3.pdf
45,Saii Lagoon Maldives,excursions,2026,current,,https://www.saiihotels.com/wp-content/uploads/2026/04/SAii-Kids-Club-Activities-RUSSIAN.pdf
45,Saii Lagoon Maldives,excursions,2026,current,,https://www.saiihotels.com/wp-content/uploads/2026/01/SAii-Daily-Sport-Activity_Feb-Apr-2026.pdf
45,Saii Lagoon Maldives,excursions,2026,current,,https://www.saiihotels.com/wp-content/uploads/2026/01/SAii-Kids-Club-Activities-2-compressed.pdf
45,Saii Lagoon Maldives,excursions,2026,current,,https://www.saiihotels.com/wp-content/uploads/2025/11/SAii-Kids-Activity-Nov-Jan-2026_compressed.pdf
45,Saii Lagoon Maldives,excursions,2026,current,,https://www.saiihotels.com/wp-content/uploads/2025/11/SAii-Daily-Sport-Activity_Nov-Jan-2026_compressed.pdf
45,Saii Lagoon Maldives,factsheet,2025,current,Y,https://www.saiihotels.com/wp-content/uploads/2025/10/SAii-Lagoon-Maldives-Factsheet-2025.pdf
45,Saii Lagoon Maldives,factsheet,2025,current,,https://www.saiihotels.com/wp-content/uploads/2025/10/SAii-Phi-Phi_Trade_Factsheet.pdf
45,Saii Lagoon Maldives,kids,2026,current,,https://www.saiihotels.com/wp-content/uploads/2026/06/June-Recreation-English.pdf
45,Saii Lagoon Maldives,kids,2026,current,Y,https://www.saiihotels.com/wp-content/uploads/2026/04/SAiiKids-Summer-Camp-2026-RUSSIAN.pdf
45,Saii Lagoon Maldives,kids,2026,current,,https://www.saiihotels.com/wp-content/uploads/2026/04/SAiiKids-Summer-Camp-2026.pdf
45,Saii Lagoon Maldives,kids,2026,current,,https://www.saiihotels.com/wp-content/uploads/2026/03/SAii-Kuda-Eid-2026-2.pdf
45,Saii Lagoon Maldives,kids,2026,current,,https://www.saiihotels.com/wp-content/uploads/2026/03/SAii-Kids-Easter-Programme-2026.pdf
45,Saii Lagoon Maldives,kids,2026,current,,https://www.saiihotels.com/wp-content/uploads/2026/03/SAii-Kids-Easter-Programme-2026-RUS.pdf
45,Saii Lagoon Maldives,kids,2026,current,,https://www.saiihotels.com/wp-content/uploads/2026/03/MARCH-Recreation-ENG-1.pdf
45,Saii Lagoon Maldives,kids,2026,current,,https://www.saiihotels.com/wp-content/uploads/2026/02/MARCH-Recreation-ENG.pdf
45,Saii Lagoon Maldives,kids,2026,current,,https://www.saiihotels.com/wp-content/uploads/2026/01/FEB-Recreation-ENG.pdf
45,Saii Lagoon Maldives,kids,2025,current,,https://www.saiihotels.com/wp-content/uploads/2025/12/Padel-Tennis-Guest-20-12-2025.pdf
45,Saii Lagoon Maldives,kids,2025,current,,https://crossroadsmaldives.com/wp-content/uploads/2025/07/Padel-Tennis.pdf
162,The Marina at Crossroads Maldives,kids,2025,current,,https://crossroadsmaldives.com/wp-content/uploads/2025/07/Padel-Tennis.pdf
45,Saii Lagoon Maldives,map,2026,current,Y,https://www.saiihotels.com/wp-content/uploads/2026/06/SAii-Shabu-Shabu-2026-1.pdf
45,Saii Lagoon Maldives,map,2025,current,,https://www.saiihotels.com/wp-content/uploads/2025/11/EO-GEN-010D_Energy-Management-Plan-Crossroads-Maldives.pdf
45,Saii Lagoon Maldives,map,2025,current,,https://www.saiihotels.com/wp-content/uploads/2025/10/SLP-Sustainability-Management-Plan-2025_04-September-2025_signed.pdf
45,Saii Lagoon Maldives,map,2024,outdated,,https://www.neoscapesmaldives.com/wp-content/uploads/SAii-Lagoon-Map-without-Rooms-numbers-2024-1.pdf
45,Saii Lagoon Maldives,other,2026,current,,https://www.saiihotels.com/wp-content/uploads/2026/09/SRMDV-Stories.pdf
45,Saii Lagoon Maldives,other,2026,current,,https://www.saiihotels.com/wp-content/uploads/2026/07/SunRay_A4-Food-AllDay_04b.pdf
45,Saii Lagoon Maldives,other,2026,current,,https://www.saiihotels.com/wp-content/uploads/2026/02/MARCH-Recreation-RUS.pdf
45,Saii Lagoon Maldives,other,2026,current,,https://www.saiihotels.com/wp-content/uploads/2026/01/FEB-Recreation-RUS.pdf
45,Saii Lagoon Maldives,other,2026,current,Y,https://www.saiihotels.com/wp-content/uploads/2025/08/SLP-Feastive-2025-2026.pdf
45,Saii Lagoon Maldives,spa_menu,2025,current,Y,https://www.saiihotels.com/wp-content/uploads/2025/11/SAii-Spa-Menu.pdf
45,Saii Lagoon Maldives,spa_menu,2025,current,,https://www.saiihotels.com/wp-content/uploads/2025/11/SAii-Spa-Pricelist.pdf
45,Saii Lagoon Maldives,spa_menu,2025,current,,https://www.saiihotels.com/wp-content/uploads/2025/10/Spa-price-list2025.pdf
45,Saii Lagoon Maldives,spa_menu,2025,current,,https://www.saiihotels.com/wp-content/uploads/2025/10/SKS-SPA_Price-List-Menu-Nov2025_02_compressed.pdf
45,Saii Lagoon Maldives,spa_menu,2025,current,,https://www.saiihotels.com/wp-content/uploads/2025/10/SAii_SPA_A4_menu_07c_low.pdf
45,Saii Lagoon Maldives,spa_menu,2025,current,,https://www.saiihotels.com/wp-content/uploads/2025/10/SPP_SAii-Spa-Menu_Lowres.pdf
45,Saii Lagoon Maldives,sustainability,2024,outdated,Y,https://www.saiihotels.com/wp-content/uploads/2025/11/SAii-Green-Book.pdf
45,Saii Lagoon Maldives,villa_plans,2025,current,Y,https://www.saiihotels.com/wp-content/uploads/2025/12/SKS-SAii-Club-Mr-Tom-Yam.pdf
45,Saii Lagoon Maldives,villa_plans,2025,current,,https://www.saiihotels.com/wp-content/uploads/2025/08/SAii-Phi-Phi-Village-10-Reasons-Why.pdf
45,Saii Lagoon Maldives,villa_plans,2023,outdated,,https://www.saiihotels.com/wp-content/uploads/2025/08/SAii-Phi-Phi-Village-Online-Resources.pdf
46,SO/ Maldives,all_inclusive,2026,current,Y,https://so-hotels.com/wp-content/uploads/sites/19/2026/09/so_vienna_christmas-packages_2026_EN.pdf
46,SO/ Maldives,all_inclusive,2026,current,,https://so-hotels.com/wp-content/uploads/sites/19/2026/09/so_vienna_christmas-packages_2026_DE.pdf
46,SO/ Maldives,all_inclusive,2025,current,,https://so-hotels.com/wp-content/uploads/sites/19/2025/09/so_maldives_rampb_meal-plans_sep2025.pdf
46,SO/ Maldives,calendar,2026,current,Y,https://so-hotels.com/wp-content/uploads/sites/19/2026/10/somaldives-festive_brochure-2026.pdf
46,SO/ Maldives,calendar,2026,current,,https://so-hotels.com/wp-content/uploads/sites/19/2026/03/so_sotogrande_easter_0326_es.pdf
46,SO/ Maldives,calendar,2026,current,,https://so-hotels.com/wp-content/uploads/sites/19/2026/03/so_sotogrande_easter_0326_de.pdf
46,SO/ Maldives,calendar,2026,current,,https://so-hotels.com/wp-content/uploads/sites/19/2026/03/so_sotogrande_easter_0326_en.pdf
46,SO/ Maldives,calendar,2025,current,,https://so-hotels.com/wp-content/uploads/sites/19/2025/12/so_maldives_press-release_festive-2025_EN.pdf
46,SO/ Maldives,calendar,2025,current,,https://so-hotels.com/wp-content/uploads/sites/19/2025/12/so_ras-al-khaimah_press-release_festive-season-2025_EN.pdf
46,SO/ Maldives,destination_dining,2025,current,Y,https://so-hotels.com/wp-content/uploads/sites/19/2024/08/so_maldives_destination-dining_1225.pdf
46,SO/ Maldives,destination_dining,2025,current,,https://so-hotels.com/wp-content/uploads/sites/19/2024/08/so_maldives_floating-breakfast_1225.pdf
46,SO/ Maldives,dining_menu,2026,current,Y,https://so-hotels.com/wp-content/uploads/sites/19/2026/09/uptowndubai_offers_afternoontea_menu.pdf
46,SO/ Maldives,dining_menu,2026,current,,https://so-hotels.com/wp-content/uploads/sites/19/2026/08/so_uptowndubai_offers_afternoon-tea-menu.pdf
46,SO/ Maldives,dining_menu,2026,current,,https://so-hotels.com/wp-content/uploads/sites/19/2026/07/so_auckland_offer_Pho-Yen-x-SO-menu.pdf
46,SO/ Maldives,dining_menu,2026,current,,https://so-hotels.com/wp-content/uploads/sites/19/2026/06/so_auckland_tuhono_matariki_menu.pdf
46,SO/ Maldives,dining_menu,2025,current,,https://so-hotels.com/wp-content/uploads/sites/19/2023/03/HISO-Rooftop-Bar-Menu-2025.pdf
46,SO/ Maldives,dining_menu,2025,current,,https://so-hotels.com/wp-content/uploads/sites/19/2024/08/so_maldives_hadaba_food-menu_1225.pdf
46,SO/ Maldives,dining_menu,2025,current,,https://so-hotels.com/wp-content/uploads/sites/19/2024/08/so_maldives_hadaba_beverage-menu_1225.pdf
46,SO/ Maldives,dining_menu,2025,current,,https://so-hotels.com/wp-content/uploads/sites/19/2024/08/so_maldives_hadaba_vegan-menu_1225.pdf
46,SO/ Maldives,dining_menu,2025,current,,https://so-hotels.com/wp-content/uploads/sites/19/2024/08/so_maldives_citronelle-club_drinks-menu_1225.pdf
46,SO/ Maldives,dining_menu,2025,current,,https://so-hotels.com/wp-content/uploads/sites/19/2024/08/so_maldives_citronelle-club_indian-menu_1225.pdf
46,SO/ Maldives,dining_menu,2025,current,,https://so-hotels.com/wp-content/uploads/sites/19/2024/08/so_maldives_citronelle-club_dinner-menu_1225.pdf
46,SO/ Maldives,dining_menu,2025,current,,https://so-hotels.com/wp-content/uploads/sites/19/2024/08/so_maldives_citronelle-club_lunch-menu_1225.pdf
46,SO/ Maldives,dining_menu,2025,current,,https://so-hotels.com/wp-content/uploads/sites/19/2024/08/so_maldives_citronelle-club_breakfast-menu_1225.pdf
46,SO/ Maldives,dining_menu,2025,current,,https://so-hotels.com/wp-content/uploads/sites/19/2024/08/so_maldives_citronelle-club_kids-menu_1225.pdf
46,SO/ Maldives,dining_menu,2025,current,,https://so-hotels.com/wp-content/uploads/sites/19/2024/08/so_maldives_citronelle-club_kinds-breakfast-menu_1225.pdf
46,SO/ Maldives,dining_menu,2025,current,,https://so-hotels.com/wp-content/uploads/sites/19/2024/08/so_maldives_in-villa-dining_drinks-menu_1225.pdf
46,SO/ Maldives,dining_menu,2025,current,,https://so-hotels.com/wp-content/uploads/sites/19/2024/08/so_maldives_in-villa-dining_food-menu_1225.pdf
46,SO/ Maldives,dining_menu,2018,outdated,,https://so-hotels.com/wp-content/uploads/sites/19/2024/08/so_maldives_hadaba_wine-menu_1225.pdf
46,SO/ Maldives,dining_menu,2018,outdated,,https://so-hotels.com/wp-content/uploads/sites/19/2024/08/so_maldives_citronelle-club_wine-menu_1225.pdf
46,SO/ Maldives,dive_prices,2025,current,,https://so-hotels.com/wp-content/uploads/sites/19/2025/07/so_maldives_activities_watersports_jetblade.pdf
46,SO/ Maldives,dive_prices,2025,current,Y,https://so-hotels.com/wp-content/uploads/sites/19/2025/07/so_maldives_activities_watersports_sharks.pdf
46,SO/ Maldives,dive_prices,2025,current,,https://so-hotels.com/wp-content/uploads/sites/19/2025/07/so_maldives_activities_watersports_0207.pdf
46,SO/ Maldives,dive_prices,2025,current,,https://so-hotels.com/wp-content/uploads/sites/19/2025/07/so_maldives_activities_watersports_scuba.pdf
46,SO/ Maldives,events,2026,current,Y,https://so-hotels.com/wp-content/uploads/sites/19/2026/04/so_vienna_meetings-and-celebrations_brochure_DE-2026.pdf
46,SO/ Maldives,events,2026,current,,https://so-hotels.com/wp-content/uploads/sites/19/2026/04/so_vienna_meetings-and-celebrations_brochure_ENG-2026.pdf
46,SO/ Maldives,excursions,2026,current,Y,https://so-hotels.com/wp-content/uploads/sites/19/2025/07/so_maldives_experiences_island-discoveries_crossroads.pdf
46,SO/ Maldives,excursions,2025,current,,https://so-hotels.com/wp-content/uploads/sites/19/2025/07/so_maldives_activities_photography_pricing_july2025.pdf
46,SO/ Maldives,excursions,2025,current,,https://so-hotels.com/wp-content/uploads/sites/19/2025/12/so_maldives_activities_kids-club-calendar_031225.pdf
46,SO/ Maldives,factsheet,2025,current,Y,https://www.neoscapesmaldives.com/wp-content/uploads/SO-Maldives-Factsheet_Eng.pdf
46,SO/ Maldives,map,2026,current,Y,https://so-hotels.com/wp-content/uploads/sites/19/2026/02/so_huahin_fitness_cycling_map_0226.pdf
46,SO/ Maldives,map,2025,current,,https://so-hotels.com/wp-content/uploads/sites/19/2025/10/so_maldives_green-key_sustainabilityy-management-plan_281025.pdf
46,SO/ Maldives,map,2024,outdated,,https://www.neoscapesmaldives.com/wp-content/uploads/SO_Maldives_Resort_Map_-March-11-2024-Updated-1.pdf
46,SO/ Maldives,press_kit,2026,current,,https://so-hotels.com/wp-content/uploads/sites/19/2026/07/so_sotogrande_press-release_thalasso-inspired_EN.pdf
46,SO/ Maldives,press_kit,2026,current,,https://so-hotels.com/wp-content/uploads/sites/19/2026/07/so_sotogrande_press-release_thalasso-inspired_DE.pdf
46,SO/ Maldives,press_kit,2026,current,,https://so-hotels.com/wp-content/uploads/sites/19/2026/06/so_sotogrande-vienna_press-release_rendl_EN.pdf
46,SO/ Maldives,press_kit,2026,current,Y,https://so-hotels.com/wp-content/uploads/sites/19/2026/06/so_global_press-release_female-chefs_DE.pdf
46,SO/ Maldives,press_kit,2026,current,,https://so-hotels.com/wp-content/uploads/sites/19/2026/06/so_global_press-release_female-chefs_EN.pdf
46,SO/ Maldives,press_kit,2026,current,,https://so-hotels.com/wp-content/uploads/sites/19/2026/04/so_ras-al-khaimah_press-releases_staycation.pdf
46,SO/ Maldives,press_kit,2026,current,,https://so-hotels.com/wp-content/uploads/sites/19/2026/01/so_sotogrand_press-release_valentines-2026_ES.pdf
46,SO/ Maldives,press_kit,2025,current,,https://so-hotels.com/wp-content/uploads/sites/19/2025/12/so_maldives_press-release_visiting-practitioner_EN.pdf
46,SO/ Maldives,press_kit,2025,current,,https://so-hotels.com/wp-content/uploads/sites/19/2025/12/so_maldives_press-release_award_EN.pdf
46,SO/ Maldives,spa_menu,2026,current,Y,https://so-hotels.com/wp-content/uploads/sites/19/2026/09/so_rasalkhaimah_spa-menu_0926.pdf
46,SO/ Maldives,sustainability,2025,current,,https://so-hotels.com/wp-content/uploads/sites/19/2025/12/so_maldives_press-release_greenglobe_EN.pdf
46,SO/ Maldives,sustainability,2025,current,Y,https://so-hotels.com/wp-content/uploads/sites/19/2025/10/so_maldives_green-key_environmental-policy_281025.pdf
46,SO/ Maldives,sustainability,2024,outdated,,https://so-hotels.com/wp-content/uploads/sites/19/2024/04/Auckland_SO_Gallery_C_E_Information_2024.pdf
46,SO/ Maldives,wedding,2026,current,Y,https://so-hotels.com/wp-content/uploads/sites/19/2026/03/SOWedding_Brochure.pdf
46,SO/ Maldives,wedding,2025,current,,https://so-hotels.com/wp-content/uploads/sites/19/2025/12/so_maldives_meetings-occassions_weddings_wedding-brochure_1225.pdf
48,Dusit Thani Maldives,calendar,2026,current,,https://letsgomaldives.com/wp-content/uploads/2026/09/Ocean-Carnival-Festive-Celebrations-at-Dusit-Thani-Maldives_LGM_DMC.pdf
48,Dusit Thani Maldives,calendar,2026,current,Y,https://letsgomaldives.com/wp-content/uploads/2026/09/Ocean-Carnival-Festive-Celebrations-at-Dusit-Thani-Maldives_LGM.pdf
48,Dusit Thani Maldives,factsheet,2026,current,Y,https://www.neoscapesmaldives.com/wp-content/uploads/New-Dusit-Thani-Maldives-Property-Fact-Sheet-1.pdf
48,Dusit Thani Maldives,map,2024,outdated,Y,https://www.neoscapesmaldives.com/wp-content/uploads/Dusit-Thani-Maldives-Island-Map.pdf
49,Vakkaru Maldives,all_inclusive,2019,outdated,Y,https://www.vakkarumaldives.com/pdfs/hack-your-21st-century-digitised-body.pdf
49,Vakkaru Maldives,all_inclusive,2019,outdated,,https://www.vakkarumaldives.com/pdfs/vakkaru-maldives-irish-daily-mail-22.07.2019.pdf
49,Vakkaru Maldives,brochure,2026,current,Y,https://www.vakkarumaldives.com/pdfs/splash/vakkaru-maldives---splash-brochure.pdf
49,Vakkaru Maldives,brochure,2026,current,,https://www.vakkarumaldives.com/pdfs/splash/splash-catalogue.pdf
49,Vakkaru Maldives,brochure,2025,current,,https://www.vakkarumaldives.com/pdfs/news/meet-our-resident-tennis-pro.pdf
49,Vakkaru Maldives,calendar,2024,outdated,Y,https://www.vakkarumaldives.com/pdfs/news/easter-brochure-2024.pdf
49,Vakkaru Maldives,calendar,2023,outdated,,https://www.vakkarumaldives.com/pdfs/news/five-days-in-wonderland-easter-celebration-2023.pdf
49,Vakkaru Maldives,calendar,2023,outdated,,https://letsgomaldives.com/wp-content/uploads/2023/02/Press-release-International-Womens-Day-Programmes-2023.pdf
49,Vakkaru Maldives,dining_menu,2026,current,,https://www.vakkarumaldives.com/pdfs/dining-restaurant-menus/vakku-dinner-menu-en.pdf
49,Vakkaru Maldives,dining_menu,2026,current,,https://www.vakkarumaldives.com/pdfs/dining-restaurant-menus/isoletta-lunch.pdf
49,Vakkaru Maldives,dining_menu,2026,current,,https://www.vakkarumaldives.com/pdfs/dining-restaurant-menus/anguru-menu-2026.pdf
49,Vakkaru Maldives,dining_menu,2026,current,,https://www.vakkarumaldives.com/pdfs/dining-restaurant-menus/amaany-breakfast.pdf
49,Vakkaru Maldives,dining_menu,2026,current,,https://www.vakkarumaldives.com/pdfs/dining-restaurant-menus/lagoon-bar-dinner.pdf
49,Vakkaru Maldives,dining_menu,2026,current,,https://www.vakkarumaldives.com/pdfs/dining-restaurant-menus/cabana-bev-menu-2026.pdf
49,Vakkaru Maldives,dining_menu,2026,current,,https://www.vakkarumaldives.com/pdfs/dining-restaurant-menus/isoletta-dinner.pdf
49,Vakkaru Maldives,dining_menu,2026,current,Y,https://www.vakkarumaldives.com/pdfs/dining-restaurant-menus/master-wine-list.-2026.pdf
49,Vakkaru Maldives,dining_menu,2026,current,,https://www.vakkarumaldives.com/pdfs/dining-restaurant-menus/lagoon-bar-lunch.pdf
49,Vakkaru Maldives,dining_menu,2024,outdated,,https://www.vakkarumaldives.com/pdfs/news/valentines-day-2024.pdf
49,Vakkaru Maldives,dining_menu,2019,outdated,,https://www.vakkarumaldives.com/pdfs/alistair-burt-head-pastry-chef-of-harrods-london-at-vakkaru-maldives.pdf
49,Vakkaru Maldives,dive_prices,2019,outdated,Y,https://www.vakkarumaldives.com/pdfs/vakkaru-maldives_house-and-garden_june-2019.pdf
49,Vakkaru Maldives,excursions,2026,current,Y,https://www.vakkarumaldives.com/pdfs/experience/vakkaru-maldives_parrotfish-activity-schedule.pdf
49,Vakkaru Maldives,excursions,2024,outdated,,https://www.vakkarumaldives.com/pdfs/experience/coconut-club-activity-schedule.pdf
49,Vakkaru Maldives,excursions,2019,outdated,,https://www.vakkarumaldives.com/pdfs/masterchef-marcel-thiele-brings-sustainable-and-ethical-culinary-experience.pdf
49,Vakkaru Maldives,factsheet,2025,current,Y,https://www.vakkarumaldives.com/pdfs/vakkaru-maldives-fact-sheet-2025.pdf
49,Vakkaru Maldives,factsheet,2022,outdated,,https://www.neoscapesmaldives.com/wp-content/uploads/Vakkaru-Maldives-Fact-Sheet-2022.pdf
49,Vakkaru Maldives,map,2019,outdated,Y,https://www.neoscapesmaldives.com/wp-content/uploads/Vakkaru-Maldives-Resort-Map-A4.pdf
49,Vakkaru Maldives,other,2019,outdated,Y,https://www.vakkarumaldives.com/pdfs/vakkaru-maldives-gq-middle-east-july-2019.pdf
49,Vakkaru Maldives,press_kit,2022,outdated,Y,https://www.vakkarumaldives.com/pdfs/press-release-work-well-at-vakkaru-maldives.pdf
49,Vakkaru Maldives,spa_menu,2026,current,Y,https://www.vakkarumaldives.com/pdfs/spa-menus/merana-spa_menu_2026.pdf
49,Vakkaru Maldives,spa_menu,2026,current,,https://www.vakkarumaldives.com/pdfs/spa-menus/merana-spa---wellness-activity-flyer---june.pdf
49,Vakkaru Maldives,spa_menu,2026,current,,https://www.vakkarumaldives.com/pdfs/spa-menus/merana-spa_ayurvedic-menu.pdf
49,Vakkaru Maldives,spa_menu,2026,current,,https://www.vakkarumaldives.com/pdfs/spa-menus/merana-spa-wellness-activity-flyer-october-2026.pdf
49,Vakkaru Maldives,villa_plans,2017,outdated,Y,https://www.vakkarumaldives.com/pdfs/vakkaru-maldives-a-timeless-sanctuary-in-unesco-biosphere-reserve.pdf
49,Vakkaru Maldives,wedding,2019,outdated,Y,https://www.vakkarumaldives.com/pdfs/vakkaru-maldives-awarded-favorite-romantic-getaway.pdf
50,Sun Siyam Olhuveli Maldives,calendar,2027,current,Y,https://www.sunsiyam.com/media/zirlx1ub/carnival-of-the-isles-festive-programme-2026-2027.pdf
50,Sun Siyam Olhuveli Maldives,calendar,2026,current,,https://www.sunsiyam.com/media/qljd5bsk/olhuveli-festive-26-27.pdf
50,Sun Siyam Olhuveli Maldives,calendar,2023,outdated,,https://www.sunsiyam.com/media/4zfgz5tc/tropical-easter-olhuveli.pdf
50,Sun Siyam Olhuveli Maldives,calendar,2022,outdated,,https://letsgomaldives.com/wp-content/uploads/2022/12/Festive-Brochure-2022_Back-to-the-80s_Sun-Siyam-Olhuveli-Maldives.pdf
50,Sun Siyam Olhuveli Maldives,dining_menu,2025,current,Y,https://www.sunsiyam.com/media/sluirhj5/sso-repeater-guest-entitlements-2025pdf.pdf
50,Sun Siyam Olhuveli Maldives,dive_prices,2026,current,Y,https://www.sunsiyam.com/media/ijlfprg1/oktoberfest-sun-siyam-olhuveli-sep-2026.pdf
50,Sun Siyam Olhuveli Maldives,events,2026,current,Y,https://www.sunsiyam.com/media/gkhhf31k/ssr-mice-digital-book-2026.pdf
50,Sun Siyam Olhuveli Maldives,excursions,2026,current,Y,https://letsgomaldives.com/wp-content/uploads/2026/08/Sun-Siyam-Olhuveli.pdf
50,Sun Siyam Olhuveli Maldives,factsheet,2026,current,Y,https://www.sunsiyam.com/media/21sbkbn1/factsheet-olhuveli-2026-aug.pdf
50,Sun Siyam Olhuveli Maldives,factsheet,2025,current,,https://www.neoscapesmaldives.com/wp-content/uploads/SSO-Factsheet-EN-24_25.pdf
50,Sun Siyam Olhuveli Maldives,kids,2024,outdated,Y,https://www.sunsiyam.com/media/etufj3oc/sun-siyam-olhuveli-diwali.pdf
50,Sun Siyam Olhuveli Maldives,map,2026,current,Y,https://www.sunsiyam.com/media/qiflblcy/sso-ai-meal-plan-2026.pdf
50,Sun Siyam Olhuveli Maldives,other,2023,outdated,Y,https://www.sunsiyam.com/media/0eimmztw/olhuveli-photography.pdf
50,Sun Siyam Olhuveli Maldives,wedding,2025,current,,https://www.neoscapesmaldives.com/wp-content/uploads/Olhuveli-Dream-Romance-Map-2025-A4-updated-March-2025-final.pdf
50,Sun Siyam Olhuveli Maldives,wedding,2025,current,,https://www.sunsiyam.com/media/030ixlp0/ultimate-honeymoon-olhuveli.pdf
50,Sun Siyam Olhuveli Maldives,wedding,2025,current,Y,https://www.sunsiyam.com/media/g0lnezdr/wedding-package-ssom-2024-2025-direct.pdf
51,Emerald Maldives Resort & Spa Fasmendho,all_inclusive,2020,outdated,Y,https://cdn.prod.website-files.com/5d39ad82040fc87640dfdea6/6242d361af5d5510091fc463_DELUXE%20ALL%20INCLUSIVE%20PACKAGE_EN.pdf
51,Emerald Maldives Resort & Spa Fasmendho,brochure,2026,current,Y,https://cdn.prod.website-files.com/5d39ad82040fc87640dfdea6/6994537c7086e11ff13c63a5_Emerald%20Maldives%20Brochure%20Web.pdf
51,Emerald Maldives Resort & Spa Fasmendho,dive_prices,2026,current,Y,https://cdn.prod.website-files.com/5d39ad82040fc87640dfdea6/69e9c7ea3f1ba46570ef6d9d_PriceList_2026_Fasmendhoo_070426.pdf
51,Emerald Maldives Resort & Spa Fasmendho,map,2025,current,Y,https://cdn.prod.website-files.com/5d39ad82040fc87640dfdea6/68de48e4e56f6c18c495e7aa_1025Sustainability%20Management%20Plan%202025.pdf
51,Emerald Maldives Resort & Spa Fasmendho,map,2024,outdated,,https://cdn.prod.website-files.com/5d39ad82040fc87640dfdea6/66f3c09417c35eb3202534f7_Sustainability%20Management%20Plan.pdf
51,Emerald Maldives Resort & Spa Fasmendho,map,2019,outdated,,https://www.neoscapesmaldives.com/wp-content/uploads/RESORT-MAP-Emerald-Maldives-Resort-Spa.pdf
51,Emerald Maldives Resort & Spa Fasmendho,other,2026,current,Y,https://cdn.prod.website-files.com/5d39ad82040fc87640dfdea6/6a0f27eb6e46406ad3c05d11_EMRS%20SUMMER%202026.pdf
51,Emerald Maldives Resort & Spa Fasmendho,spa_menu,2022,outdated,Y,https://cdn.prod.website-files.com/5d39ad82040fc87640dfdea6/671234c24998a4c8b7f21fb3_The%20Emerald%20Spa%20Menu%20-%20English.pdf
51,Emerald Maldives Resort & Spa Fasmendho,spa_menu,2020,outdated,,https://cdn.prod.website-files.com/5d39ad82040fc87640dfdea6/5e54fe6ad58b3ebfa8196023_E-Brochure%20Emerald%20Maldives%20Resort%20%26%20Spa_ENG.pdf
51,Emerald Maldives Resort & Spa Fasmendho,spa_menu,2020,outdated,,https://cdn.prod.website-files.com/5d39ad82040fc87640dfdea6/5f9af74736f0d92cf9f20498_GBAC-STAR-Announcement-Emerald%20Maldives%20Resort%20%26%20Spa-Accredited.pdf
51,Emerald Maldives Resort & Spa Fasmendho,spa_menu,2019,outdated,,https://www.neoscapesmaldives.com/wp-content/uploads/E-Brochure-Emerald-Maldives-Resort-Spa.pdf
51,Emerald Maldives Resort & Spa Fasmendho,spa_menu,2019,outdated,,https://global-uploads.webflow.com/5d39ad82040fc87640dfdea6/5dca9dce4d247fddde806ddc_The%20Emerald%20Spa%20Menu%20Price%20List.pdf
51,Emerald Maldives Resort & Spa Fasmendho,sustainability,2025,current,,https://cdn.prod.website-files.com/5d39ad82040fc87640dfdea6/68de48caa2449afd6503a063_1025Environmental%20Policy%202025.pdf
51,Emerald Maldives Resort & Spa Fasmendho,sustainability,2025,current,Y,https://cdn.prod.website-files.com/5d39ad82040fc87640dfdea6/68d546d244c9242c98cd58c6_09025Annual%20Sustainability%20Report%20%2724-%2725.pdf
51,Emerald Maldives Resort & Spa Fasmendho,sustainability,2024,outdated,,https://cdn.prod.website-files.com/5d39ad82040fc87640dfdea6/66f3c097816be8fdac1879d4_Environmental%20Policy.pdf
51,Emerald Maldives Resort & Spa Fasmendho,sustainability,2014,outdated,,https://cdn.prod.website-files.com/5d39ad82040fc87640dfdea6/68e763ff50d7502382de2f1c_Green%20Globe%20Policy%20V.1.724.pdf
51,Emerald Maldives Resort & Spa Fasmendho,sustainability,2012,outdated,,https://cdn.prod.website-files.com/5d39ad82040fc87640dfdea6/68de48d59a836f9927674fdc_1025Green%20Book.pdf
51,Emerald Maldives Resort & Spa Fasmendho,villa_plans,2022,outdated,Y,https://cdn.prod.website-files.com/5d39ad82040fc87640dfdea6/63b307cb52015469ab1c64f5_MALDIVE_WEB-ING-NOV2022.pdf
52,Eri Maldives,all_inclusive,2028,current,Y,https://letsgomaldives.com/wp-content/uploads/2026/09/Furaveri-Maldives-_Premium-All-Inclusive_2027-2028.pdf
52,Eri Maldives,brochure,2026,current,Y,https://d7h9v39iheghu.cloudfront.net/previews/7837a234-9635-4da8-b132-476aacd9b4c1/999db426-ea2a-4c44-b6e3-658ea396827e/def5341a-4bbd-4356-99ca-a82a64f92b76?Policy=eyJTdGF0ZW1lbnQiOiBbeyJSZXNvdXJjZSI6Imh0dHBzOi8vZDdoOXYzOWloZWdodS5jbG91ZGZyb250Lm5ldC9wcmV2aWV3cy83ODM3YTIzNC05NjM1LTRkYTgtYjEzMi00NzZhYWNkOWI0YzEqIiwiQ29uZGl0aW9uIjp7IkRhdGVMZXNzVGhhbiI6eyJBV1M6RXBvY2hUaW1lIjoxNzkzNjg0MDEwfX19XX0_&Signature=0NCrDHEtg~3Ag4tUAPQa6ilJ6cyZ~w4zVuMSD7cG~r-mqETwrHjP~ymbFvuB7vZlbnPnlWCA1ED5pRAzfLnrljg2GzmBKzehdZ5pgyEdg2DhUh1PdoH9P3mOCEtIvAjK8OJMABLlrsk9l-sKHGYMa1a1Cwv28E-vbs9wjG1faMxEGG67VKe8YrbKJea-zq31p-n-SwDxEgYcBaFhSoyAOtk-LQQh4YnbO4e3Mh1O3qhd1CUPoi~QB1~gR8sul5CK0VJQczSIV5ZAIetLpT6YzKJjTsyOlpvwM1Ndaf6IhiW6ocfSJj45JPk5h8YsmO05fa9p1P7DalJRXVD6AH0o6g__&Key-Pair-Id=APKAJXJN6VNR3OLZJXJA
52,Eri Maldives,destination_dining,2026,current,Y,https://d7h9v39iheghu.cloudfront.net/previews/7837a234-9635-4da8-b132-476aacd9b4c1/f4c17a44-1a32-4877-b4dc-3acda996dc1b/f4c17a44-1a32-4877-b4dc-3acda996dc1b?Policy=eyJTdGF0ZW1lbnQiOiBbeyJSZXNvdXJjZSI6Imh0dHBzOi8vZDdoOXYzOWloZWdodS5jbG91ZGZyb250Lm5ldC9wcmV2aWV3cy83ODM3YTIzNC05NjM1LTRkYTgtYjEzMi00NzZhYWNkOWI0YzEqIiwiQ29uZGl0aW9uIjp7IkRhdGVMZXNzVGhhbiI6eyJBV1M6RXBvY2hUaW1lIjoxNzkzNjg0MDEwfX19XX0_&Signature=0NCrDHEtg~3Ag4tUAPQa6ilJ6cyZ~w4zVuMSD7cG~r-mqETwrHjP~ymbFvuB7vZlbnPnlWCA1ED5pRAzfLnrljg2GzmBKzehdZ5pgyEdg2DhUh1PdoH9P3mOCEtIvAjK8OJMABLlrsk9l-sKHGYMa1a1Cwv28E-vbs9wjG1faMxEGG67VKe8YrbKJea-zq31p-n-SwDxEgYcBaFhSoyAOtk-LQQh4YnbO4e3Mh1O3qhd1CUPoi~QB1~gR8sul5CK0VJQczSIV5ZAIetLpT6YzKJjTsyOlpvwM1Ndaf6IhiW6ocfSJj45JPk5h8YsmO05fa9p1P7DalJRXVD6AH0o6g__&Key-Pair-Id=APKAJXJN6VNR3OLZJXJA
52,Eri Maldives,dining_menu,2026,current,,https://d7h9v39iheghu.cloudfront.net/previews/7837a234-9635-4da8-b132-476aacd9b4c1/e7c26357-094d-447a-9338-aa3f702db977/8a78b6db-9a02-406c-8222-eb28bec1b959?Policy=eyJTdGF0ZW1lbnQiOiBbeyJSZXNvdXJjZSI6Imh0dHBzOi8vZDdoOXYzOWloZWdodS5jbG91ZGZyb250Lm5ldC9wcmV2aWV3cy83ODM3YTIzNC05NjM1LTRkYTgtYjEzMi00NzZhYWNkOWI0YzEqIiwiQ29uZGl0aW9uIjp7IkRhdGVMZXNzVGhhbiI6eyJBV1M6RXBvY2hUaW1lIjoxNzkzNjg0MDEwfX19XX0_&Signature=0NCrDHEtg~3Ag4tUAPQa6ilJ6cyZ~w4zVuMSD7cG~r-mqETwrHjP~ymbFvuB7vZlbnPnlWCA1ED5pRAzfLnrljg2GzmBKzehdZ5pgyEdg2DhUh1PdoH9P3mOCEtIvAjK8OJMABLlrsk9l-sKHGYMa1a1Cwv28E-vbs9wjG1faMxEGG67VKe8YrbKJea-zq31p-n-SwDxEgYcBaFhSoyAOtk-LQQh4YnbO4e3Mh1O3qhd1CUPoi~QB1~gR8sul5CK0VJQczSIV5ZAIetLpT6YzKJjTsyOlpvwM1Ndaf6IhiW6ocfSJj45JPk5h8YsmO05fa9p1P7DalJRXVD6AH0o6g__&Key-Pair-Id=APKAJXJN6VNR3OLZJXJA
52,Eri Maldives,dining_menu,2026,current,Y,https://d7h9v39iheghu.cloudfront.net/previews/7837a234-9635-4da8-b132-476aacd9b4c1/0ee53b84-2044-4430-b4e8-4a4a56de626f/a3aee771-747f-4408-9850-22ff8632a9f5?Policy=eyJTdGF0ZW1lbnQiOiBbeyJSZXNvdXJjZSI6Imh0dHBzOi8vZDdoOXYzOWloZWdodS5jbG91ZGZyb250Lm5ldC9wcmV2aWV3cy83ODM3YTIzNC05NjM1LTRkYTgtYjEzMi00NzZhYWNkOWI0YzEqIiwiQ29uZGl0aW9uIjp7IkRhdGVMZXNzVGhhbiI6eyJBV1M6RXBvY2hUaW1lIjoxNzkzNjg0MDEwfX19XX0_&Signature=0NCrDHEtg~3Ag4tUAPQa6ilJ6cyZ~w4zVuMSD7cG~r-mqETwrHjP~ymbFvuB7vZlbnPnlWCA1ED5pRAzfLnrljg2GzmBKzehdZ5pgyEdg2DhUh1PdoH9P3mOCEtIvAjK8OJMABLlrsk9l-sKHGYMa1a1Cwv28E-vbs9wjG1faMxEGG67VKe8YrbKJea-zq31p-n-SwDxEgYcBaFhSoyAOtk-LQQh4YnbO4e3Mh1O3qhd1CUPoi~QB1~gR8sul5CK0VJQczSIV5ZAIetLpT6YzKJjTsyOlpvwM1Ndaf6IhiW6ocfSJj45JPk5h8YsmO05fa9p1P7DalJRXVD6AH0o6g__&Key-Pair-Id=APKAJXJN6VNR3OLZJXJA
52,Eri Maldives,dining_menu,2026,current,,https://d7h9v39iheghu.cloudfront.net/previews/7837a234-9635-4da8-b132-476aacd9b4c1/3157d74f-9ff4-49f7-8c1f-0824ea50e048/7e1bf591-f54e-4653-a57b-837ca70da2a6?Policy=eyJTdGF0ZW1lbnQiOiBbeyJSZXNvdXJjZSI6Imh0dHBzOi8vZDdoOXYzOWloZWdodS5jbG91ZGZyb250Lm5ldC9wcmV2aWV3cy83ODM3YTIzNC05NjM1LTRkYTgtYjEzMi00NzZhYWNkOWI0YzEqIiwiQ29uZGl0aW9uIjp7IkRhdGVMZXNzVGhhbiI6eyJBV1M6RXBvY2hUaW1lIjoxNzkzNjg0MDEwfX19XX0_&Signature=0NCrDHEtg~3Ag4tUAPQa6ilJ6cyZ~w4zVuMSD7cG~r-mqETwrHjP~ymbFvuB7vZlbnPnlWCA1ED5pRAzfLnrljg2GzmBKzehdZ5pgyEdg2DhUh1PdoH9P3mOCEtIvAjK8OJMABLlrsk9l-sKHGYMa1a1Cwv28E-vbs9wjG1faMxEGG67VKe8YrbKJea-zq31p-n-SwDxEgYcBaFhSoyAOtk-LQQh4YnbO4e3Mh1O3qhd1CUPoi~QB1~gR8sul5CK0VJQczSIV5ZAIetLpT6YzKJjTsyOlpvwM1Ndaf6IhiW6ocfSJj45JPk5h8YsmO05fa9p1P7DalJRXVD6AH0o6g__&Key-Pair-Id=APKAJXJN6VNR3OLZJXJA
52,Eri Maldives,dining_menu,2025,current,,https://d7h9v39iheghu.cloudfront.net/previews/7837a234-9635-4da8-b132-476aacd9b4c1/43a429aa-24d3-4257-a88f-06d91d2c7716/43a429aa-24d3-4257-a88f-06d91d2c7716?Policy=eyJTdGF0ZW1lbnQiOiBbeyJSZXNvdXJjZSI6Imh0dHBzOi8vZDdoOXYzOWloZWdodS5jbG91ZGZyb250Lm5ldC9wcmV2aWV3cy83ODM3YTIzNC05NjM1LTRkYTgtYjEzMi00NzZhYWNkOWI0YzEqIiwiQ29uZGl0aW9uIjp7IkRhdGVMZXNzVGhhbiI6eyJBV1M6RXBvY2hUaW1lIjoxNzkzNjg0MDEwfX19XX0_&Signature=0NCrDHEtg~3Ag4tUAPQa6ilJ6cyZ~w4zVuMSD7cG~r-mqETwrHjP~ymbFvuB7vZlbnPnlWCA1ED5pRAzfLnrljg2GzmBKzehdZ5pgyEdg2DhUh1PdoH9P3mOCEtIvAjK8OJMABLlrsk9l-sKHGYMa1a1Cwv28E-vbs9wjG1faMxEGG67VKe8YrbKJea-zq31p-n-SwDxEgYcBaFhSoyAOtk-LQQh4YnbO4e3Mh1O3qhd1CUPoi~QB1~gR8sul5CK0VJQczSIV5ZAIetLpT6YzKJjTsyOlpvwM1Ndaf6IhiW6ocfSJj45JPk5h8YsmO05fa9p1P7DalJRXVD6AH0o6g__&Key-Pair-Id=APKAJXJN6VNR3OLZJXJA
52,Eri Maldives,dining_menu,2023,outdated,,https://d7h9v39iheghu.cloudfront.net/previews/7837a234-9635-4da8-b132-476aacd9b4c1/b2b53452-fc01-4f1e-8303-f51038f4c065/b2b53452-fc01-4f1e-8303-f51038f4c065?Policy=eyJTdGF0ZW1lbnQiOiBbeyJSZXNvdXJjZSI6Imh0dHBzOi8vZDdoOXYzOWloZWdodS5jbG91ZGZyb250Lm5ldC9wcmV2aWV3cy83ODM3YTIzNC05NjM1LTRkYTgtYjEzMi00NzZhYWNkOWI0YzEqIiwiQ29uZGl0aW9uIjp7IkRhdGVMZXNzVGhhbiI6eyJBV1M6RXBvY2hUaW1lIjoxNzkzNjg0MDEwfX19XX0_&Signature=0NCrDHEtg~3Ag4tUAPQa6ilJ6cyZ~w4zVuMSD7cG~r-mqETwrHjP~ymbFvuB7vZlbnPnlWCA1ED5pRAzfLnrljg2GzmBKzehdZ5pgyEdg2DhUh1PdoH9P3mOCEtIvAjK8OJMABLlrsk9l-sKHGYMa1a1Cwv28E-vbs9wjG1faMxEGG67VKe8YrbKJea-zq31p-n-SwDxEgYcBaFhSoyAOtk-LQQh4YnbO4e3Mh1O3qhd1CUPoi~QB1~gR8sul5CK0VJQczSIV5ZAIetLpT6YzKJjTsyOlpvwM1Ndaf6IhiW6ocfSJj45JPk5h8YsmO05fa9p1P7DalJRXVD6AH0o6g__&Key-Pair-Id=APKAJXJN6VNR3OLZJXJA
52,Eri Maldives,dive_prices,2026,current,Y,https://d7h9v39iheghu.cloudfront.net/previews/7837a234-9635-4da8-b132-476aacd9b4c1/211acdab-18f3-4cc6-99ee-f67a15a4c30d/13d49216-0e0d-4bb8-90ad-e37b4ac94c81?Policy=eyJTdGF0ZW1lbnQiOiBbeyJSZXNvdXJjZSI6Imh0dHBzOi8vZDdoOXYzOWloZWdodS5jbG91ZGZyb250Lm5ldC9wcmV2aWV3cy83ODM3YTIzNC05NjM1LTRkYTgtYjEzMi00NzZhYWNkOWI0YzEqIiwiQ29uZGl0aW9uIjp7IkRhdGVMZXNzVGhhbiI6eyJBV1M6RXBvY2hUaW1lIjoxNzkzNjg0MDEwfX19XX0_&Signature=0NCrDHEtg~3Ag4tUAPQa6ilJ6cyZ~w4zVuMSD7cG~r-mqETwrHjP~ymbFvuB7vZlbnPnlWCA1ED5pRAzfLnrljg2GzmBKzehdZ5pgyEdg2DhUh1PdoH9P3mOCEtIvAjK8OJMABLlrsk9l-sKHGYMa1a1Cwv28E-vbs9wjG1faMxEGG67VKe8YrbKJea-zq31p-n-SwDxEgYcBaFhSoyAOtk-LQQh4YnbO4e3Mh1O3qhd1CUPoi~QB1~gR8sul5CK0VJQczSIV5ZAIetLpT6YzKJjTsyOlpvwM1Ndaf6IhiW6ocfSJj45JPk5h8YsmO05fa9p1P7DalJRXVD6AH0o6g__&Key-Pair-Id=APKAJXJN6VNR3OLZJXJA
52,Eri Maldives,dive_prices,2025,current,,https://d7h9v39iheghu.cloudfront.net/previews/7837a234-9635-4da8-b132-476aacd9b4c1/8c0ba6f4-331e-4c65-b17b-ee9cc2a557ea/8c0ba6f4-331e-4c65-b17b-ee9cc2a557ea?Policy=eyJTdGF0ZW1lbnQiOiBbeyJSZXNvdXJjZSI6Imh0dHBzOi8vZDdoOXYzOWloZWdodS5jbG91ZGZyb250Lm5ldC9wcmV2aWV3cy83ODM3YTIzNC05NjM1LTRkYTgtYjEzMi00NzZhYWNkOWI0YzEqIiwiQ29uZGl0aW9uIjp7IkRhdGVMZXNzVGhhbiI6eyJBV1M6RXBvY2hUaW1lIjoxNzkzNjg0MDEwfX19XX0_&Signature=0NCrDHEtg~3Ag4tUAPQa6ilJ6cyZ~w4zVuMSD7cG~r-mqETwrHjP~ymbFvuB7vZlbnPnlWCA1ED5pRAzfLnrljg2GzmBKzehdZ5pgyEdg2DhUh1PdoH9P3mOCEtIvAjK8OJMABLlrsk9l-sKHGYMa1a1Cwv28E-vbs9wjG1faMxEGG67VKe8YrbKJea-zq31p-n-SwDxEgYcBaFhSoyAOtk-LQQh4YnbO4e3Mh1O3qhd1CUPoi~QB1~gR8sul5CK0VJQczSIV5ZAIetLpT6YzKJjTsyOlpvwM1Ndaf6IhiW6ocfSJj45JPk5h8YsmO05fa9p1P7DalJRXVD6AH0o6g__&Key-Pair-Id=APKAJXJN6VNR3OLZJXJA
52,Eri Maldives,excursions,2025,current,Y,https://d7h9v39iheghu.cloudfront.net/previews/7837a234-9635-4da8-b132-476aacd9b4c1/951281f7-d8a4-4fd2-9893-4801b3328de4/951281f7-d8a4-4fd2-9893-4801b3328de4?Policy=eyJTdGF0ZW1lbnQiOiBbeyJSZXNvdXJjZSI6Imh0dHBzOi8vZDdoOXYzOWloZWdodS5jbG91ZGZyb250Lm5ldC9wcmV2aWV3cy83ODM3YTIzNC05NjM1LTRkYTgtYjEzMi00NzZhYWNkOWI0YzEqIiwiQ29uZGl0aW9uIjp7IkRhdGVMZXNzVGhhbiI6eyJBV1M6RXBvY2hUaW1lIjoxNzkzNjg0MDEwfX19XX0_&Signature=0NCrDHEtg~3Ag4tUAPQa6ilJ6cyZ~w4zVuMSD7cG~r-mqETwrHjP~ymbFvuB7vZlbnPnlWCA1ED5pRAzfLnrljg2GzmBKzehdZ5pgyEdg2DhUh1PdoH9P3mOCEtIvAjK8OJMABLlrsk9l-sKHGYMa1a1Cwv28E-vbs9wjG1faMxEGG67VKe8YrbKJea-zq31p-n-SwDxEgYcBaFhSoyAOtk-LQQh4YnbO4e3Mh1O3qhd1CUPoi~QB1~gR8sul5CK0VJQczSIV5ZAIetLpT6YzKJjTsyOlpvwM1Ndaf6IhiW6ocfSJj45JPk5h8YsmO05fa9p1P7DalJRXVD6AH0o6g__&Key-Pair-Id=APKAJXJN6VNR3OLZJXJA
52,Eri Maldives,factsheet,2026,current,Y,https://d7h9v39iheghu.cloudfront.net/previews/7837a234-9635-4da8-b132-476aacd9b4c1/d6f35137-6068-41a9-96c1-bb25264b80c9/8ee78a05-4865-4cc5-9e4c-09fb2b6ca406?Policy=eyJTdGF0ZW1lbnQiOiBbeyJSZXNvdXJjZSI6Imh0dHBzOi8vZDdoOXYzOWloZWdodS5jbG91ZGZyb250Lm5ldC9wcmV2aWV3cy83ODM3YTIzNC05NjM1LTRkYTgtYjEzMi00NzZhYWNkOWI0YzEqIiwiQ29uZGl0aW9uIjp7IkRhdGVMZXNzVGhhbiI6eyJBV1M6RXBvY2hUaW1lIjoxNzkzNjg0MDEwfX19XX0_&Signature=0NCrDHEtg~3Ag4tUAPQa6ilJ6cyZ~w4zVuMSD7cG~r-mqETwrHjP~ymbFvuB7vZlbnPnlWCA1ED5pRAzfLnrljg2GzmBKzehdZ5pgyEdg2DhUh1PdoH9P3mOCEtIvAjK8OJMABLlrsk9l-sKHGYMa1a1Cwv28E-vbs9wjG1faMxEGG67VKe8YrbKJea-zq31p-n-SwDxEgYcBaFhSoyAOtk-LQQh4YnbO4e3Mh1O3qhd1CUPoi~QB1~gR8sul5CK0VJQczSIV5ZAIetLpT6YzKJjTsyOlpvwM1Ndaf6IhiW6ocfSJj45JPk5h8YsmO05fa9p1P7DalJRXVD6AH0o6g__&Key-Pair-Id=APKAJXJN6VNR3OLZJXJA
52,Eri Maldives,factsheet,2024,outdated,,https://www.neoscapesmaldives.com/wp-content/uploads/Furaveri-Maldives_Factsheet_Rev24102024.pdf
52,Eri Maldives,map,2028,current,Y,https://furaveri.com/wp-content/uploads/2026/07/Furaveri_Maldives-_Premium-All-Inclusive-plan_2027-2028_rev04072026_243.pdf
110,Furaveri Island Resort & Spa,map,2028,current,Y,https://furaveri.com/wp-content/uploads/2026/07/Furaveri_Maldives-_Premium-All-Inclusive-plan_2027-2028_rev04072026_243.pdf
52,Eri Maldives,map,2027,current,,https://furaveri.com/wp-content/uploads/2026/01/FuraveriMaldives_MealPlanDetailsEntitlements_Stay_11.01.26-10.01.27.pdf
110,Furaveri Island Resort & Spa,map,2027,current,,https://furaveri.com/wp-content/uploads/2026/01/FuraveriMaldives_MealPlanDetailsEntitlements_Stay_11.01.26-10.01.27.pdf
52,Eri Maldives,map,2026,current,,https://d7h9v39iheghu.cloudfront.net/previews/7837a234-9635-4da8-b132-476aacd9b4c1/8624a082-cbfe-4903-b8b8-23933e083ca5/1948dbbc-1f67-4755-bd4d-cff9fffc7702?Policy=eyJTdGF0ZW1lbnQiOiBbeyJSZXNvdXJjZSI6Imh0dHBzOi8vZDdoOXYzOWloZWdodS5jbG91ZGZyb250Lm5ldC9wcmV2aWV3cy83ODM3YTIzNC05NjM1LTRkYTgtYjEzMi00NzZhYWNkOWI0YzEqIiwiQ29uZGl0aW9uIjp7IkRhdGVMZXNzVGhhbiI6eyJBV1M6RXBvY2hUaW1lIjoxNzkzNjg0MDEwfX19XX0_&Signature=0NCrDHEtg~3Ag4tUAPQa6ilJ6cyZ~w4zVuMSD7cG~r-mqETwrHjP~ymbFvuB7vZlbnPnlWCA1ED5pRAzfLnrljg2GzmBKzehdZ5pgyEdg2DhUh1PdoH9P3mOCEtIvAjK8OJMABLlrsk9l-sKHGYMa1a1Cwv28E-vbs9wjG1faMxEGG67VKe8YrbKJea-zq31p-n-SwDxEgYcBaFhSoyAOtk-LQQh4YnbO4e3Mh1O3qhd1CUPoi~QB1~gR8sul5CK0VJQczSIV5ZAIetLpT6YzKJjTsyOlpvwM1Ndaf6IhiW6ocfSJj45JPk5h8YsmO05fa9p1P7DalJRXVD6AH0o6g__&Key-Pair-Id=APKAJXJN6VNR3OLZJXJA
52,Eri Maldives,map,2024,outdated,,https://www.neoscapesmaldives.com/wp-content/uploads/Island_map_updated-27.10.2024.pdf
52,Eri Maldives,map,2023,outdated,,https://furaveri.com/wp-content/uploads/2023/01/furaveri-maldives-map.pdf
110,Furaveri Island Resort & Spa,map,2023,outdated,,https://furaveri.com/wp-content/uploads/2023/01/furaveri-maldives-map.pdf
52,Eri Maldives,spa_menu,2026,current,Y,https://d7h9v39iheghu.cloudfront.net/previews/7837a234-9635-4da8-b132-476aacd9b4c1/7748c6eb-8fff-472c-979b-04df1ae613cf/481b9077-8234-44e1-9b8e-16c246aa9cb8?Policy=eyJTdGF0ZW1lbnQiOiBbeyJSZXNvdXJjZSI6Imh0dHBzOi8vZDdoOXYzOWloZWdodS5jbG91ZGZyb250Lm5ldC9wcmV2aWV3cy83ODM3YTIzNC05NjM1LTRkYTgtYjEzMi00NzZhYWNkOWI0YzEqIiwiQ29uZGl0aW9uIjp7IkRhdGVMZXNzVGhhbiI6eyJBV1M6RXBvY2hUaW1lIjoxNzkzNjg0MDEwfX19XX0_&Signature=0NCrDHEtg~3Ag4tUAPQa6ilJ6cyZ~w4zVuMSD7cG~r-mqETwrHjP~ymbFvuB7vZlbnPnlWCA1ED5pRAzfLnrljg2GzmBKzehdZ5pgyEdg2DhUh1PdoH9P3mOCEtIvAjK8OJMABLlrsk9l-sKHGYMa1a1Cwv28E-vbs9wjG1faMxEGG67VKe8YrbKJea-zq31p-n-SwDxEgYcBaFhSoyAOtk-LQQh4YnbO4e3Mh1O3qhd1CUPoi~QB1~gR8sul5CK0VJQczSIV5ZAIetLpT6YzKJjTsyOlpvwM1Ndaf6IhiW6ocfSJj45JPk5h8YsmO05fa9p1P7DalJRXVD6AH0o6g__&Key-Pair-Id=APKAJXJN6VNR3OLZJXJA
52,Eri Maldives,spa_menu,2023,outdated,,https://furaveri.com/wp-content/uploads/2025/07/WELLNESS-VILLAGE-MENU-2023-with-17.pdf
110,Furaveri Island Resort & Spa,spa_menu,2023,outdated,,https://furaveri.com/wp-content/uploads/2025/07/WELLNESS-VILLAGE-MENU-2023-with-17.pdf
52,Eri Maldives,wedding,2026,current,Y,https://d7h9v39iheghu.cloudfront.net/previews/7837a234-9635-4da8-b132-476aacd9b4c1/d10617e8-ce68-4acc-8fc4-e29b9ab61393/d10617e8-ce68-4acc-8fc4-e29b9ab61393?Policy=eyJTdGF0ZW1lbnQiOiBbeyJSZXNvdXJjZSI6Imh0dHBzOi8vZDdoOXYzOWloZWdodS5jbG91ZGZyb250Lm5ldC9wcmV2aWV3cy83ODM3YTIzNC05NjM1LTRkYTgtYjEzMi00NzZhYWNkOWI0YzEqIiwiQ29uZGl0aW9uIjp7IkRhdGVMZXNzVGhhbiI6eyJBV1M6RXBvY2hUaW1lIjoxNzkzNjg0MDEwfX19XX0_&Signature=0NCrDHEtg~3Ag4tUAPQa6ilJ6cyZ~w4zVuMSD7cG~r-mqETwrHjP~ymbFvuB7vZlbnPnlWCA1ED5pRAzfLnrljg2GzmBKzehdZ5pgyEdg2DhUh1PdoH9P3mOCEtIvAjK8OJMABLlrsk9l-sKHGYMa1a1Cwv28E-vbs9wjG1faMxEGG67VKe8YrbKJea-zq31p-n-SwDxEgYcBaFhSoyAOtk-LQQh4YnbO4e3Mh1O3qhd1CUPoi~QB1~gR8sul5CK0VJQczSIV5ZAIetLpT6YzKJjTsyOlpvwM1Ndaf6IhiW6ocfSJj45JPk5h8YsmO05fa9p1P7DalJRXVD6AH0o6g__&Key-Pair-Id=APKAJXJN6VNR3OLZJXJA
53,Cinnamon Hakuraa Huraa Maldives,all_inclusive,2024,outdated,Y,https://d18slle4wlf9ku.cloudfront.net/www.cinnamonhotels.com-1302818674/cms/pressroom/john_keells_hotels_plc_integrated_report_2024_25.pdf
159,Cinnamon Dhonveli Maldives,all_inclusive,2024,outdated,Y,https://d18slle4wlf9ku.cloudfront.net/www.cinnamonhotels.com-1302818674/cms/pressroom/john_keells_hotels_plc_integrated_report_2024_25.pdf
160,Cinnamon Velifushi Maldives,all_inclusive,2024,outdated,Y,https://d18slle4wlf9ku.cloudfront.net/www.cinnamonhotels.com-1302818674/cms/pressroom/john_keells_hotels_plc_integrated_report_2024_25.pdf
161,Ellaidhoo Maldives By Cinnamon,all_inclusive,2024,outdated,Y,https://d18slle4wlf9ku.cloudfront.net/www.cinnamonhotels.com-1302818674/cms/pressroom/john_keells_hotels_plc_integrated_report_2024_25.pdf
53,Cinnamon Hakuraa Huraa Maldives,dining_menu,2025,current,,https://d18slle4wlf9ku.cloudfront.net/www.cinnamonhotels.com-1302818674/cms/pressroom/breeze_bar_food_menu_2025.pdf
159,Cinnamon Dhonveli Maldives,dining_menu,2025,current,,https://d18slle4wlf9ku.cloudfront.net/www.cinnamonhotels.com-1302818674/cms/pressroom/breeze_bar_food_menu_2025.pdf
160,Cinnamon Velifushi Maldives,dining_menu,2025,current,,https://d18slle4wlf9ku.cloudfront.net/www.cinnamonhotels.com-1302818674/cms/pressroom/breeze_bar_food_menu_2025.pdf
161,Ellaidhoo Maldives By Cinnamon,dining_menu,2025,current,,https://d18slle4wlf9ku.cloudfront.net/www.cinnamonhotels.com-1302818674/cms/pressroom/breeze_bar_food_menu_2025.pdf
53,Cinnamon Hakuraa Huraa Maldives,dining_menu,2025,current,,https://d18slle4wlf9ku.cloudfront.net/www.cinnamonhotels.com-1302818674/cms/pressroom/plates_menu_2025.pdf
159,Cinnamon Dhonveli Maldives,dining_menu,2025,current,,https://d18slle4wlf9ku.cloudfront.net/www.cinnamonhotels.com-1302818674/cms/pressroom/plates_menu_2025.pdf
160,Cinnamon Velifushi Maldives,dining_menu,2025,current,,https://d18slle4wlf9ku.cloudfront.net/www.cinnamonhotels.com-1302818674/cms/pressroom/plates_menu_2025.pdf
161,Ellaidhoo Maldives By Cinnamon,dining_menu,2025,current,,https://d18slle4wlf9ku.cloudfront.net/www.cinnamonhotels.com-1302818674/cms/pressroom/plates_menu_2025.pdf
53,Cinnamon Hakuraa Huraa Maldives,dining_menu,2025,current,,https://d18slle4wlf9ku.cloudfront.net/www.cinnamonhotels.com-1302818674/cms/pressroom/tea_lounge_menu_2025.pdf
159,Cinnamon Dhonveli Maldives,dining_menu,2025,current,,https://d18slle4wlf9ku.cloudfront.net/www.cinnamonhotels.com-1302818674/cms/pressroom/tea_lounge_menu_2025.pdf
160,Cinnamon Velifushi Maldives,dining_menu,2025,current,,https://d18slle4wlf9ku.cloudfront.net/www.cinnamonhotels.com-1302818674/cms/pressroom/tea_lounge_menu_2025.pdf
161,Ellaidhoo Maldives By Cinnamon,dining_menu,2025,current,,https://d18slle4wlf9ku.cloudfront.net/www.cinnamonhotels.com-1302818674/cms/pressroom/tea_lounge_menu_2025.pdf
53,Cinnamon Hakuraa Huraa Maldives,dining_menu,2025,current,,https://d18slle4wlf9ku.cloudfront.net/www.cinnamonhotels.com-1302818674/cms/pressroom/coffee_stop_hot_cold_beverages_menu_a4_2025.pdf
159,Cinnamon Dhonveli Maldives,dining_menu,2025,current,,https://d18slle4wlf9ku.cloudfront.net/www.cinnamonhotels.com-1302818674/cms/pressroom/coffee_stop_hot_cold_beverages_menu_a4_2025.pdf
160,Cinnamon Velifushi Maldives,dining_menu,2025,current,,https://d18slle4wlf9ku.cloudfront.net/www.cinnamonhotels.com-1302818674/cms/pressroom/coffee_stop_hot_cold_beverages_menu_a4_2025.pdf
161,Ellaidhoo Maldives By Cinnamon,dining_menu,2025,current,,https://d18slle4wlf9ku.cloudfront.net/www.cinnamonhotels.com-1302818674/cms/pressroom/coffee_stop_hot_cold_beverages_menu_a4_2025.pdf
53,Cinnamon Hakuraa Huraa Maldives,dining_menu,2025,current,,https://d18slle4wlf9ku.cloudfront.net/www.cinnamonhotels.com-1302818674/cms/pressroom/general_menu.pdf
159,Cinnamon Dhonveli Maldives,dining_menu,2025,current,,https://d18slle4wlf9ku.cloudfront.net/www.cinnamonhotels.com-1302818674/cms/pressroom/general_menu.pdf
160,Cinnamon Velifushi Maldives,dining_menu,2025,current,,https://d18slle4wlf9ku.cloudfront.net/www.cinnamonhotels.com-1302818674/cms/pressroom/general_menu.pdf
161,Ellaidhoo Maldives By Cinnamon,dining_menu,2025,current,,https://d18slle4wlf9ku.cloudfront.net/www.cinnamonhotels.com-1302818674/cms/pressroom/general_menu.pdf
53,Cinnamon Hakuraa Huraa Maldives,dining_menu,2025,current,,https://d18slle4wlf9ku.cloudfront.net/www.cinnamonhotels.com-1302818674/cms/pressroom/dreams_beats_menu.pdf
159,Cinnamon Dhonveli Maldives,dining_menu,2025,current,,https://d18slle4wlf9ku.cloudfront.net/www.cinnamonhotels.com-1302818674/cms/pressroom/dreams_beats_menu.pdf
160,Cinnamon Velifushi Maldives,dining_menu,2025,current,,https://d18slle4wlf9ku.cloudfront.net/www.cinnamonhotels.com-1302818674/cms/pressroom/dreams_beats_menu.pdf
161,Ellaidhoo Maldives By Cinnamon,dining_menu,2025,current,,https://d18slle4wlf9ku.cloudfront.net/www.cinnamonhotels.com-1302818674/cms/pressroom/dreams_beats_menu.pdf
53,Cinnamon Hakuraa Huraa Maldives,dining_menu,2025,current,,https://d18slle4wlf9ku.cloudfront.net/www.cinnamonhotels.com-1302818674/cms/pressroom/bistro_des_mares_menu.pdf
159,Cinnamon Dhonveli Maldives,dining_menu,2025,current,,https://d18slle4wlf9ku.cloudfront.net/www.cinnamonhotels.com-1302818674/cms/pressroom/bistro_des_mares_menu.pdf
160,Cinnamon Velifushi Maldives,dining_menu,2025,current,,https://d18slle4wlf9ku.cloudfront.net/www.cinnamonhotels.com-1302818674/cms/pressroom/bistro_des_mares_menu.pdf
161,Ellaidhoo Maldives By Cinnamon,dining_menu,2025,current,,https://d18slle4wlf9ku.cloudfront.net/www.cinnamonhotels.com-1302818674/cms/pressroom/bistro_des_mares_menu.pdf
53,Cinnamon Hakuraa Huraa Maldives,dining_menu,2025,current,,https://d18slle4wlf9ku.cloudfront.net/www.cinnamonhotels.com-1302818674/cms/pressroom/quizine_menu.pdf
159,Cinnamon Dhonveli Maldives,dining_menu,2025,current,,https://d18slle4wlf9ku.cloudfront.net/www.cinnamonhotels.com-1302818674/cms/pressroom/quizine_menu.pdf
160,Cinnamon Velifushi Maldives,dining_menu,2025,current,,https://d18slle4wlf9ku.cloudfront.net/www.cinnamonhotels.com-1302818674/cms/pressroom/quizine_menu.pdf
161,Ellaidhoo Maldives By Cinnamon,dining_menu,2025,current,,https://d18slle4wlf9ku.cloudfront.net/www.cinnamonhotels.com-1302818674/cms/pressroom/quizine_menu.pdf
53,Cinnamon Hakuraa Huraa Maldives,dining_menu,2025,current,,https://d18slle4wlf9ku.cloudfront.net/www.cinnamonhotels.com-1302818674/cms/pressroom/yoroko_menu.pdf
159,Cinnamon Dhonveli Maldives,dining_menu,2025,current,,https://d18slle4wlf9ku.cloudfront.net/www.cinnamonhotels.com-1302818674/cms/pressroom/yoroko_menu.pdf
160,Cinnamon Velifushi Maldives,dining_menu,2025,current,,https://d18slle4wlf9ku.cloudfront.net/www.cinnamonhotels.com-1302818674/cms/pressroom/yoroko_menu.pdf
161,Ellaidhoo Maldives By Cinnamon,dining_menu,2025,current,,https://d18slle4wlf9ku.cloudfront.net/www.cinnamonhotels.com-1302818674/cms/pressroom/yoroko_menu.pdf
53,Cinnamon Hakuraa Huraa Maldives,dining_menu,2025,current,Y,https://d18slle4wlf9ku.cloudfront.net/www.cinnamonhotels.com-1302818674/cms/pressroom/sapphire_dragon_menu.pdf
159,Cinnamon Dhonveli Maldives,dining_menu,2025,current,Y,https://d18slle4wlf9ku.cloudfront.net/www.cinnamonhotels.com-1302818674/cms/pressroom/sapphire_dragon_menu.pdf
160,Cinnamon Velifushi Maldives,dining_menu,2025,current,Y,https://d18slle4wlf9ku.cloudfront.net/www.cinnamonhotels.com-1302818674/cms/pressroom/sapphire_dragon_menu.pdf
161,Ellaidhoo Maldives By Cinnamon,dining_menu,2025,current,Y,https://d18slle4wlf9ku.cloudfront.net/www.cinnamonhotels.com-1302818674/cms/pressroom/sapphire_dragon_menu.pdf
53,Cinnamon Hakuraa Huraa Maldives,dining_menu,2025,current,,https://d18slle4wlf9ku.cloudfront.net/www.cinnamonhotels.com-1302818674/cms/pressroom/staten_bar_grill_menu_2025.pdf
159,Cinnamon Dhonveli Maldives,dining_menu,2025,current,,https://d18slle4wlf9ku.cloudfront.net/www.cinnamonhotels.com-1302818674/cms/pressroom/staten_bar_grill_menu_2025.pdf
160,Cinnamon Velifushi Maldives,dining_menu,2025,current,,https://d18slle4wlf9ku.cloudfront.net/www.cinnamonhotels.com-1302818674/cms/pressroom/staten_bar_grill_menu_2025.pdf
161,Ellaidhoo Maldives By Cinnamon,dining_menu,2025,current,,https://d18slle4wlf9ku.cloudfront.net/www.cinnamonhotels.com-1302818674/cms/pressroom/staten_bar_grill_menu_2025.pdf
53,Cinnamon Hakuraa Huraa Maldives,dining_menu,2021,outdated,,https://d18slle4wlf9ku.cloudfront.net/www.cinnamonhotels.com-1302818674/cms/pressroom/cloud_wine_menu.pdf
159,Cinnamon Dhonveli Maldives,dining_menu,2021,outdated,,https://d18slle4wlf9ku.cloudfront.net/www.cinnamonhotels.com-1302818674/cms/pressroom/cloud_wine_menu.pdf
160,Cinnamon Velifushi Maldives,dining_menu,2021,outdated,,https://d18slle4wlf9ku.cloudfront.net/www.cinnamonhotels.com-1302818674/cms/pressroom/cloud_wine_menu.pdf
161,Ellaidhoo Maldives By Cinnamon,dining_menu,2021,outdated,,https://d18slle4wlf9ku.cloudfront.net/www.cinnamonhotels.com-1302818674/cms/pressroom/cloud_wine_menu.pdf
53,Cinnamon Hakuraa Huraa Maldives,excursions,2024,outdated,,https://d18slle4wlf9ku.cloudfront.net/www.cinnamonhotels.com-1302818674/cms/pressroom/trans_asia_hotels_plc_annual_report_2425.pdf
159,Cinnamon Dhonveli Maldives,excursions,2024,outdated,,https://d18slle4wlf9ku.cloudfront.net/www.cinnamonhotels.com-1302818674/cms/pressroom/trans_asia_hotels_plc_annual_report_2425.pdf
160,Cinnamon Velifushi Maldives,excursions,2024,outdated,,https://d18slle4wlf9ku.cloudfront.net/www.cinnamonhotels.com-1302818674/cms/pressroom/trans_asia_hotels_plc_annual_report_2425.pdf
161,Ellaidhoo Maldives By Cinnamon,excursions,2024,outdated,,https://d18slle4wlf9ku.cloudfront.net/www.cinnamonhotels.com-1302818674/cms/pressroom/trans_asia_hotels_plc_annual_report_2425.pdf
53,Cinnamon Hakuraa Huraa Maldives,excursions,2024,outdated,Y,https://d18slle4wlf9ku.cloudfront.net/www.cinnamonhotels.com-1302818674/cms/pressroom/john_keells_hotels_plc_annual_report_2425.pdf
159,Cinnamon Dhonveli Maldives,excursions,2024,outdated,Y,https://d18slle4wlf9ku.cloudfront.net/www.cinnamonhotels.com-1302818674/cms/pressroom/john_keells_hotels_plc_annual_report_2425.pdf
160,Cinnamon Velifushi Maldives,excursions,2024,outdated,Y,https://d18slle4wlf9ku.cloudfront.net/www.cinnamonhotels.com-1302818674/cms/pressroom/john_keells_hotels_plc_annual_report_2425.pdf
161,Ellaidhoo Maldives By Cinnamon,excursions,2024,outdated,Y,https://d18slle4wlf9ku.cloudfront.net/www.cinnamonhotels.com-1302818674/cms/pressroom/john_keells_hotels_plc_annual_report_2425.pdf
53,Cinnamon Hakuraa Huraa Maldives,other,2024,outdated,Y,https://d18slle4wlf9ku.cloudfront.net/cinnamon2.dev.cendynecommerce.com-1099126695/cms/pressroom/john_keells_hotels_plc_interim_financials.pdf
159,Cinnamon Dhonveli Maldives,other,2024,outdated,Y,https://d18slle4wlf9ku.cloudfront.net/cinnamon2.dev.cendynecommerce.com-1099126695/cms/pressroom/john_keells_hotels_plc_interim_financials.pdf
160,Cinnamon Velifushi Maldives,other,2024,outdated,Y,https://d18slle4wlf9ku.cloudfront.net/cinnamon2.dev.cendynecommerce.com-1099126695/cms/pressroom/john_keells_hotels_plc_interim_financials.pdf
161,Ellaidhoo Maldives By Cinnamon,other,2024,outdated,Y,https://d18slle4wlf9ku.cloudfront.net/cinnamon2.dev.cendynecommerce.com-1099126695/cms/pressroom/john_keells_hotels_plc_interim_financials.pdf
53,Cinnamon Hakuraa Huraa Maldives,other,2024,outdated,,https://d18slle4wlf9ku.cloudfront.net/cinnamon2.dev.cendynecommerce.com-1099126695/cms/pressroom/fs_q1_24_25_tah_plc.pdf
159,Cinnamon Dhonveli Maldives,other,2024,outdated,,https://d18slle4wlf9ku.cloudfront.net/cinnamon2.dev.cendynecommerce.com-1099126695/cms/pressroom/fs_q1_24_25_tah_plc.pdf
160,Cinnamon Velifushi Maldives,other,2024,outdated,,https://d18slle4wlf9ku.cloudfront.net/cinnamon2.dev.cendynecommerce.com-1099126695/cms/pressroom/fs_q1_24_25_tah_plc.pdf
161,Ellaidhoo Maldives By Cinnamon,other,2024,outdated,,https://d18slle4wlf9ku.cloudfront.net/cinnamon2.dev.cendynecommerce.com-1099126695/cms/pressroom/fs_q1_24_25_tah_plc.pdf
53,Cinnamon Hakuraa Huraa Maldives,other,2024,outdated,,https://d18slle4wlf9ku.cloudfront.net/cinnamon2.dev.cendynecommerce.com-1099126695/cms/pressroom/quarterly_financials_asian_hotels_properties_plc.pdf
159,Cinnamon Dhonveli Maldives,other,2024,outdated,,https://d18slle4wlf9ku.cloudfront.net/cinnamon2.dev.cendynecommerce.com-1099126695/cms/pressroom/quarterly_financials_asian_hotels_properties_plc.pdf
160,Cinnamon Velifushi Maldives,other,2024,outdated,,https://d18slle4wlf9ku.cloudfront.net/cinnamon2.dev.cendynecommerce.com-1099126695/cms/pressroom/quarterly_financials_asian_hotels_properties_plc.pdf
161,Ellaidhoo Maldives By Cinnamon,other,2024,outdated,,https://d18slle4wlf9ku.cloudfront.net/cinnamon2.dev.cendynecommerce.com-1099126695/cms/pressroom/quarterly_financials_asian_hotels_properties_plc.pdf
53,Cinnamon Hakuraa Huraa Maldives,other,2023,outdated,,https://d18slle4wlf9ku.cloudfront.net/www.cinnamonhotels.com-1302818674/cms/pressroom/8_degree.pdf
159,Cinnamon Dhonveli Maldives,other,2023,outdated,,https://d18slle4wlf9ku.cloudfront.net/www.cinnamonhotels.com-1302818674/cms/pressroom/8_degree.pdf
160,Cinnamon Velifushi Maldives,other,2023,outdated,,https://d18slle4wlf9ku.cloudfront.net/www.cinnamonhotels.com-1302818674/cms/pressroom/8_degree.pdf
161,Ellaidhoo Maldives By Cinnamon,other,2023,outdated,,https://d18slle4wlf9ku.cloudfront.net/www.cinnamonhotels.com-1302818674/cms/pressroom/8_degree.pdf
54,Emerald Faarufushi Resort & Spa,all_inclusive,2025,current,Y,https://cdn.prod.website-files.com/614dd23228b0182a7ae09c18/68a5899fa91a1971564ee4e4_082025Emerald%20Faarufushi%20Deluxe%20All-Inclusive%20Package_EN.pdf
54,Emerald Faarufushi Resort & Spa,all_inclusive,2022,outdated,,https://cdn.prod.website-files.com/614dd23228b0182a7ae09c18/6242d6821001acc11caed847_Emerald%20Faarufushi%20Deluxe%20All-Inclusive%20Package_EN.pdf
54,Emerald Faarufushi Resort & Spa,brochure,2025,current,Y,https://www.neoscapesmaldives.com/wp-content/uploads/Emerald-Faarufushi-Brochure-Web.pdf
54,Emerald Faarufushi Resort & Spa,brochure,2023,outdated,,https://cdn.prod.website-files.com/614dd23228b0182a7ae09c18/68baa377da7cf0f48a728e12_Emerald%20Faarufushi%20Brochure%20Web.pdf
54,Emerald Faarufushi Resort & Spa,dive_prices,2023,outdated,Y,https://cdn.prod.website-files.com/614dd23228b0182a7ae09c18/671236c0675bb0d2c5ac8504_Farufushi%20DC%20%26amp%3B%20WS%20PRICE%20LIST%20from%2008.04.2023.pdf
54,Emerald Faarufushi Resort & Spa,map,2026,current,,https://www.neoscapesmaldives.com/wp-content/uploads/Emerald-Faarufushi-Resort-Spa-map.pdf
54,Emerald Faarufushi Resort & Spa,map,2026,current,Y,https://cdn.prod.website-files.com/614dd23228b0182a7ae09c18/6aaa4bfb2a3a2eeaf42f7422_v2EFRS%20Sustainability%20Management%20Plan%202026.pdf
54,Emerald Faarufushi Resort & Spa,map,2025,current,,https://cdn.prod.website-files.com/614dd23228b0182a7ae09c18/68dbb2e81249cc4efa8d0f6a_09EFRS%20Sustainability%20Management%20Plan%202025%20Revised.pdf
54,Emerald Faarufushi Resort & Spa,map,2022,outdated,,https://maldives.ru/doc/doc/Emerald%20Faarufushi%20Resort%20map.pdf
54,Emerald Faarufushi Resort & Spa,other,2023,outdated,Y,https://maldives.ru/doc/doc/EFRS%20Welcome%20Booklet%2011.08.23.pdf
54,Emerald Faarufushi Resort & Spa,press_kit,2026,current,Y,https://cdn.prod.website-files.com/614dd23228b0182a7ae09c18/69f86682118d573ca5b3cfc4_EFRS%20Summer%202026%20ver3_compressed.pdf
54,Emerald Faarufushi Resort & Spa,spa_menu,2025,current,Y,https://cdn.prod.website-files.com/614dd23228b0182a7ae09c18/67d7e2f846395f12f2368f6d_03.25The%20Emerald%20Spa%20Menu%20Emerald%20Faarufushi%20Resort%20%26%20Spa.pdf
54,Emerald Faarufushi Resort & Spa,spa_menu,2022,outdated,,https://cdn.prod.website-files.com/614dd23228b0182a7ae09c18/6242d62770076bb85d28df10_E-Brochure%20Emerald%20Faarufushi%20Resort%20%26%20Spa_ENG.pdf
54,Emerald Faarufushi Resort & Spa,sustainability,2025,current,Y,https://cdn.prod.website-files.com/614dd23228b0182a7ae09c18/6aa3f6fe58c728c6831b9ec2_EO-003%20EFRS%20Environmental%20Policy%20092026.pdf
54,Emerald Faarufushi Resort & Spa,sustainability,2025,current,,https://cdn.prod.website-files.com/614dd23228b0182a7ae09c18/68dbb2f366767a441c648abf_09EFRS%20Environmental%20Policy%202025.pdf
56,Four Seasons Resort Maldives at Kuda Huraa,dining_menu,2019,outdated,Y,https://neoscapesmaldives.com/wp-content/uploads/facts-1.pdf
56,Four Seasons Resort Maldives at Kuda Huraa,map,2019,outdated,Y,https://neoscapesmaldives.com/wp-content/uploads/KH-Resort-map_v2.pdf
57,Fushifaru Maldives,brochure,2026,current,Y,https://maldives.ru/doc/static/Fushifaru%20Presentation%20-%20Russian%20Version.pdf
57,Fushifaru Maldives,calendar,2024,outdated,Y,https://letsgomaldives.com/wp-content/uploads/2024/03/Easter-2024-Programme-Fushifaru-Maldives-mail-version-v2.pdf
58,Sirru Fen Fushi,dive_prices,2019,outdated,Y,https://neoscapesmaldives.com/wp-content/uploads/Fairmont-Maldives_House-Reef-Snorkeling-and-Diving-Spots.pdf
58,Sirru Fen Fushi,factsheet,2023,outdated,Y,https://www.neoscapesmaldives.com/wp-content/uploads/Fairmont-Maldives-Fact-Sheet-2023.pdf
58,Sirru Fen Fushi,map,2019,outdated,Y,https://neoscapesmaldives.com/wp-content/uploads/Fairmont-Maldives_ISLAND-MAP.pdf
58,Sirru Fen Fushi,sustainability,2026,current,Y,https://letsgomaldives.com/wp-content/uploads/2026/03/Eid-Al-Fitr-Sirru-Fen-Fushi.pdf
59,Jumeirah Maldives Olhahali Island,calendar,2026,current,Y,https://letsgomaldives.com/wp-content/uploads/2026/03/Jumeirah-Olhahali-Island-From-Seasons-to-Stories-Eid-Al-Fitr-2026-1.pdf
59,Jumeirah Maldives Olhahali Island,calendar,2026,current,,https://letsgomaldives.com/wp-content/uploads/2026/02/Jumeirah-Olhahali-Island-From-Seasons-to-Stories-Easter-2026.pdf
59,Jumeirah Maldives Olhahali Island,factsheet,2025,current,Y,https://www.neoscapesmaldives.com/wp-content/uploads/Jumeirah-Olhahali-Island-Resort-Factsheet-2025.pdf
59,Jumeirah Maldives Olhahali Island,map,2025,current,Y,https://www.neoscapesmaldives.com/wp-content/uploads/Jumeirah-Olhahali-Island-Resort-Map-2025.pdf
59,Jumeirah Maldives Olhahali Island,spa_menu,2022,outdated,Y,https://visitmaldives.s3.amazonaws.com/KqrvXKqg/mggoe5ku.pdf
133,Oblu By Atmosphere at Helengeli,spa_menu,2022,outdated,Y,https://visitmaldives.s3.amazonaws.com/KqrvXKqg/mggoe5ku.pdf
27,Grand Park Kodhipparu Maldives,spa_menu,2022,outdated,Y,https://visitmaldives.s3.amazonaws.com/KqrvXKqg/mggoe5ku.pdf
41,Ozen By Atmosphere At Maadhoo,spa_menu,2022,outdated,Y,https://visitmaldives.s3.amazonaws.com/KqrvXKqg/mggoe5ku.pdf
171,Velaa Private Island Maldives,spa_menu,2022,outdated,Y,https://visitmaldives.s3.amazonaws.com/KqrvXKqg/mggoe5ku.pdf
50,Sun Siyam Olhuveli Maldives,spa_menu,2022,outdated,Y,https://visitmaldives.s3.amazonaws.com/KqrvXKqg/mggoe5ku.pdf
110,Furaveri Island Resort & Spa,spa_menu,2022,outdated,Y,https://visitmaldives.s3.amazonaws.com/KqrvXKqg/mggoe5ku.pdf
44,Hard Rock Hotel Maldives,spa_menu,2022,outdated,Y,https://visitmaldives.s3.amazonaws.com/KqrvXKqg/mggoe5ku.pdf
19,The Residence Maldives,spa_menu,2022,outdated,Y,https://visitmaldives.s3.amazonaws.com/KqrvXKqg/mggoe5ku.pdf
59,Jumeirah Maldives Olhahali Island,spa_menu,2022,outdated,,https://visitmaldives.s3.amazonaws.com/Vw9r93Yv/ukpn63vn.pdf
133,Oblu By Atmosphere at Helengeli,spa_menu,2022,outdated,,https://visitmaldives.s3.amazonaws.com/Vw9r93Yv/ukpn63vn.pdf
27,Grand Park Kodhipparu Maldives,spa_menu,2022,outdated,,https://visitmaldives.s3.amazonaws.com/Vw9r93Yv/ukpn63vn.pdf
41,Ozen By Atmosphere At Maadhoo,spa_menu,2022,outdated,,https://visitmaldives.s3.amazonaws.com/Vw9r93Yv/ukpn63vn.pdf
171,Velaa Private Island Maldives,spa_menu,2022,outdated,,https://visitmaldives.s3.amazonaws.com/Vw9r93Yv/ukpn63vn.pdf
50,Sun Siyam Olhuveli Maldives,spa_menu,2022,outdated,,https://visitmaldives.s3.amazonaws.com/Vw9r93Yv/ukpn63vn.pdf
110,Furaveri Island Resort & Spa,spa_menu,2022,outdated,,https://visitmaldives.s3.amazonaws.com/Vw9r93Yv/ukpn63vn.pdf
44,Hard Rock Hotel Maldives,spa_menu,2022,outdated,,https://visitmaldives.s3.amazonaws.com/Vw9r93Yv/ukpn63vn.pdf
19,The Residence Maldives,spa_menu,2022,outdated,,https://visitmaldives.s3.amazonaws.com/Vw9r93Yv/ukpn63vn.pdf
61,Equator Village,dining_menu,2023,outdated,Y,https://www.equatorvillage.com/wp-content/uploads/2023/12/excursions-menu_compressed.pdf
61,Equator Village,dining_menu,2017,outdated,,https://www.equatorvillage.com/wp-content/uploads/2023/12/excursions-menu.pdf
61,Equator Village,factsheet,2023,outdated,Y,https://www.equatorvillage.com/wp-content/uploads/2023/12/Equator-factsheet-2023-1.pdf
61,Equator Village,other,2006,outdated,Y,https://www.equatorvillage.com/wp-content/uploads/2023/10/sample-1.pdf
61,Equator Village,spa_menu,2023,outdated,Y,https://www.equatorvillage.com/wp-content/uploads/2023/12/Serena-Spa-Menu-2023.pdf
61,Equator Village,spa_menu,2023,outdated,,https://www.equatorvillage.com/wp-content/uploads/2023/12/Serena-Spa-Menu.pdf
62,Cora Cora Maldives,calendar,2026,current,,https://coracoraresorts.com/wp-content/uploads/2026/02/CCM-Aloha-Ohana-Easter-Party-Calendar-2026.pdf
62,Cora Cora Maldives,calendar,2026,current,,https://coracoraresorts.com/wp-content/uploads/2026/01/CCM-Overview-Schedule-2026.pdf
62,Cora Cora Maldives,calendar,2026,current,Y,https://coracoraresorts.com/wp-content/uploads/2025/12/CCM-Welcome-to-the-Northpole-Festive-Program-2025-2026.pdf
62,Cora Cora Maldives,calendar,2026,current,,https://coracoraresorts.com/wp-content/uploads/2025/12/CCM-MOKSHA®-Festive-Program-2025-2026.pdf
62,Cora Cora Maldives,dining_menu,2026,current,,https://coracoraresorts.com/wp-content/uploads/2026/07/Acquapazza-Menu-Beach-Bites.pdf
62,Cora Cora Maldives,dining_menu,2026,current,Y,https://coracoraresorts.com/wp-content/uploads/2026/04/Ginger-Moon-Dinner-Russian.pdf
62,Cora Cora Maldives,dining_menu,2026,current,,https://coracoraresorts.com/wp-content/uploads/2026/04/Ginger-Moon-Dinner-Japanese.pdf
62,Cora Cora Maldives,dining_menu,2026,current,,https://coracoraresorts.com/wp-content/uploads/2026/04/Ginger-Moon-Dinner-German.pdf
62,Cora Cora Maldives,dining_menu,2026,current,,https://coracoraresorts.com/wp-content/uploads/2026/04/Ginger-Moon-Dinner-Chinese.pdf
62,Cora Cora Maldives,dining_menu,2026,current,,https://coracoraresorts.com/wp-content/uploads/2026/04/Ginger-Moon-Dinner.pdf
62,Cora Cora Maldives,dining_menu,2026,current,,https://coracoraresorts.com/wp-content/uploads/2026/01/Tazaa-Dinner.pdf
62,Cora Cora Maldives,dining_menu,2026,current,,https://coracoraresorts.com/wp-content/uploads/2026/01/Tazaa-Lunch.pdf
62,Cora Cora Maldives,dining_menu,2025,current,,https://coracoraresorts.com/wp-content/uploads/2026/07/Acquapazza-Dinner.pdf
62,Cora Cora Maldives,dining_menu,2025,current,,https://coracoraresorts.com/wp-content/uploads/2026/07/Acquapazza-Lunch.pdf
62,Cora Cora Maldives,dining_menu,2025,current,,https://coracoraresorts.com/wp-content/uploads/2025/12/CCM_Premium-All-Inclusive-Beverage-Menu-25_26.pdf
62,Cora Cora Maldives,dining_menu,2025,current,,https://coracoraresorts.com/wp-content/uploads/2025/07/CCM_MyCoffee_Menu.pdf
62,Cora Cora Maldives,dining_menu,2025,current,,https://coracoraresorts.com/wp-content/uploads/2025/06/Teien_Teppanyaki_Menu-1.pdf
62,Cora Cora Maldives,dining_menu,2025,current,,https://coracoraresorts.com/wp-content/uploads/2025/06/Tazaa-Dinner.pdf
62,Cora Cora Maldives,dining_menu,2025,current,,https://coracoraresorts.com/wp-content/uploads/2025/06/Teien-Dinner.pdf
62,Cora Cora Maldives,dining_menu,2024,outdated,,https://coracoraresorts.com/wp-content/uploads/2024/04/Grab-N-GO-Menu.pdf
62,Cora Cora Maldives,dining_menu,2023,outdated,,https://coracoraresorts.com/wp-content/uploads/2024/01/Acquapazza_Lunch-Menu_A.pdf
62,Cora Cora Maldives,dining_menu,2023,outdated,,https://coracoraresorts.com/wp-content/uploads/2024/01/Acquapazza_Dinner-Menu_A.pdf
62,Cora Cora Maldives,dining_menu,2023,outdated,,https://coracoraresorts.com/wp-content/uploads/2023/08/Ginger-Moon_A-la-Carte-Menu_LowRes.pdf
62,Cora Cora Maldives,dining_menu,2023,outdated,,https://coracoraresorts.com/wp-content/uploads/2023/06/Acquapazza-Dinner-Menu-B.pdf
62,Cora Cora Maldives,dining_menu,2023,outdated,,https://coracoraresorts.com/wp-content/uploads/2023/06/Acquapazza-Lunch-Menu-B.pdf
62,Cora Cora Maldives,dining_menu,2023,outdated,,https://coracoraresorts.com/wp-content/uploads/2023/06/Water-Sports-Menu.pdf
62,Cora Cora Maldives,dining_menu,2022,outdated,,https://coracoraresorts.com/wp-content/uploads/2023/09/Tazaa-Lunch.pdf
62,Cora Cora Maldives,dining_menu,2022,outdated,,https://coracoraresorts.com/wp-content/uploads/2023/09/Tazaa-Dinner.pdf
62,Cora Cora Maldives,dive_prices,2026,current,,https://coracoraresorts.com/wp-content/uploads/2026/01/CCM-Photo-Video-Services-Price-List-2026.pdf
62,Cora Cora Maldives,dive_prices,2026,current,Y,https://coracoraresorts.com/wp-content/uploads/2026/01/CCM-Full-TGI-List-Price-Lists-2026.pdf
62,Cora Cora Maldives,dive_prices,2026,current,,https://coracoraresorts.com/wp-content/uploads/2026/01/CCM-Excursions-Price-List-2026.pdf
62,Cora Cora Maldives,dive_prices,2026,current,,https://coracoraresorts.com/wp-content/uploads/2026/01/CCM-Diving-Center-Price-List-2026.pdf
62,Cora Cora Maldives,dive_prices,2026,current,,https://coracoraresorts.com/wp-content/uploads/2026/01/CCM-Water-Sports-Center-Price-List-2026.pdf
62,Cora Cora Maldives,dive_prices,2025,current,,https://coracoraresorts.com/wp-content/uploads/2025/11/CCM-Diving-Information.pdf
62,Cora Cora Maldives,dive_prices,2025,current,,https://coracoraresorts.com/wp-content/uploads/2025/04/CCM-Water-Sports-Center-Price-List-2024_2025.pdf
62,Cora Cora Maldives,dive_prices,2025,current,,https://coracoraresorts.com/wp-content/uploads/2025/04/CCM-Photo-Video-Services-Price-List-2024_2025.pdf
62,Cora Cora Maldives,dive_prices,2025,current,,https://coracoraresorts.com/wp-content/uploads/2025/04/CCM-Diving-Center-Price-List-2024_2025.pdf
62,Cora Cora Maldives,dive_prices,2025,current,,https://coracoraresorts.com/wp-content/uploads/2025/04/CCM-Diving-Information.pdf
62,Cora Cora Maldives,dive_prices,2025,current,,https://coracoraresorts.com/wp-content/uploads/2025/04/CCM-Excursions-Price-List-2024_2025.pdf
62,Cora Cora Maldives,dive_prices,2024,outdated,,https://coracoraresorts.com/wp-content/uploads/2024/04/CCM-Dive-Spots-Booklet.pdf
62,Cora Cora Maldives,dive_prices,2023,outdated,,https://coracoraresorts.com/wp-content/uploads/2023/06/CCM-Excursions-Price-List-2022_2023-1.pdf
62,Cora Cora Maldives,dive_prices,2023,outdated,,https://coracoraresorts.com/wp-content/uploads/2023/06/CCM-Diving-Center-Price-List-2022_2023.pdf
62,Cora Cora Maldives,excursions,2026,current,Y,https://coracoraresorts.com/wp-content/uploads/2026/06/CoRa-kids-Activity-Calendar-2026.pdf
62,Cora Cora Maldives,excursions,2025,current,,https://coracoraresorts.com/wp-content/uploads/2025/06/CoRa-kids-Activity-Calendar.pdf
62,Cora Cora Maldives,excursions,2024,outdated,,https://coracoraresorts.com/wp-content/uploads/2024/05/CoraKids_DrizzlyDaysActivities_2024.pdf
62,Cora Cora Maldives,excursions,2023,outdated,,https://coracoraresorts.com/wp-content/uploads/2023/07/Drizzly-Days-Activities-CoRa-Kids-2023.pdf
62,Cora Cora Maldives,excursions,2023,outdated,,https://coracoraresorts.com/wp-content/uploads/2023/07/CCM-CoRa-kids-Activity-Calendar-22_23.pdf
62,Cora Cora Maldives,factsheet,2021,outdated,Y,https://www.neoscapesmaldives.com/wp-content/uploads/CCM-Factsheet.pdf
62,Cora Cora Maldives,kids,2026,current,Y,https://coracoraresorts.com/wp-content/uploads/2025/12/CCM-CoRa-kids®-Festive-Program-2025-2026.pdf
62,Cora Cora Maldives,map,2026,current,,https://coracoraresorts.com/wp-content/uploads/2026/01/Gourmet-Meal-Plan®-inclusions-25_26.pdf
62,Cora Cora Maldives,map,2026,current,Y,https://coracoraresorts.com/wp-content/uploads/2026/01/CCM-Sustainability-Management-Plan-2026.pdf
62,Cora Cora Maldives,map,2025,current,,https://www.neoscapesmaldives.com/wp-content/uploads/CCM-Island-Map-1.pdf
62,Cora Cora Maldives,map,2025,current,,https://coracoraresorts.com/wp-content/uploads/2025/05/CCM-Sustainability-Management-Plan-.pdf
62,Cora Cora Maldives,map,2024,outdated,,https://coracoraresorts.com/wp-content/uploads/2024/12/Gourmet-Meal-Plan®-inclusions-24_26.pdf
62,Cora Cora Maldives,map,2023,outdated,,https://coracoraresorts.com/wp-content/uploads/2023/09/Gourmet-Meal-Plan®-inclusions-23_24.pdf
62,Cora Cora Maldives,spa_menu,2026,current,Y,https://coracoraresorts.com/wp-content/uploads/2026/01/Valentine_MOKSHA®.pdf
62,Cora Cora Maldives,spa_menu,2025,current,,https://coracoraresorts.com/wp-content/uploads/2025/04/CCM-Spa-Menu.pdf
62,Cora Cora Maldives,sustainability,2026,current,Y,https://coracoraresorts.com/wp-content/uploads/2026/01/Cora-Cora-Environmental-Policy-2026-1.pdf
62,Cora Cora Maldives,sustainability,2025,current,,https://coracoraresorts.com/wp-content/uploads/2026/08/Sustainability-Impact-report-2025-1.pdf
62,Cora Cora Maldives,sustainability,2025,current,,https://coracoraresorts.com/wp-content/uploads/2026/08/Impact-report-2025-3-1.pdf
62,Cora Cora Maldives,sustainability,2025,current,,https://coracoraresorts.com/wp-content/uploads/2025/05/CCM-Green-Book.pdf
62,Cora Cora Maldives,sustainability,2025,current,,https://coracoraresorts.com/wp-content/uploads/2025/04/Cora-Cora-Environmental-Policy-2025.pdf
62,Cora Cora Maldives,villa_plans,2026,current,Y,https://coracoraresorts.com/wp-content/uploads/2026/07/Grab-Go.pdf
62,Cora Cora Maldives,wedding,2026,current,Y,https://coracoraresorts.com/wp-content/uploads/2026/01/CCM_Wedding-Package_2026.pdf
62,Cora Cora Maldives,wedding,2025,current,,https://coracoraresorts.com/wp-content/uploads/2025/06/CCM_Wedding-Package_2025.pdf
62,Cora Cora Maldives,wedding,2023,outdated,,https://coracoraresorts.com/wp-content/uploads/2023/06/CCM_Wedding-Package.pdf
63,Hondaafushi Island Resort,brochure,2025,current,Y,https://maldives.ru/doc/doc/Hondaafushi%20presentation%202025.pdf
64,Radisson Blu Resort Maldives,dining_menu,2026,current,Y,https://letsgomaldives.com/wp-content/uploads/2026/03/Radisson-Blu-Resort-Maldives_Eid_2026.pdf
64,Radisson Blu Resort Maldives,map,2025,current,Y,https://www.neoscapesmaldives.com/wp-content/uploads/Radisson-Blu-Resort-Maldives-Map.pdf
64,Radisson Blu Resort Maldives,press_kit,2025,current,Y,https://www.neoscapesmaldives.com/wp-content/uploads/Radisson-Blu-Resort-Maldives-August_2025_Newsletter.pdf
65,Cheval Blanc Randheli,brochure,2026,current,Y,https://hmlibrary.chevalblanc.com/asset/af849341-105d-4070-880a-3054dbb2d43d/Families-Portfolio.pdf
65,Cheval Blanc Randheli,dining_menu,2024,outdated,Y,https://www.chevalblanc.com/service/download-media/?url=https%3A%2F%2Flvmh-chevalblanc.cdn.prismic.io%2Flvmh-chevalblanc%2FaAEXLOvxEdbNPMv2_CBI-PrivateOccasionsEN2.pdf&filename=CBI%20-%20Private%20Occasions%20EN%202.pdf
65,Cheval Blanc Randheli,excursions,2026,current,,https://lvmh-chevalblanc.cdn.prismic.io/lvmh-chevalblanc/a3v4hr_XlVvnJaFk_CBRExperiences-EN.pdf
65,Cheval Blanc Randheli,excursions,2026,current,,https://hmlibrary.chevalblanc.com/m/183862ca899568ae/original/Cheval-Blanc-St-Barth-Experiences-EN.pdf
65,Cheval Blanc Randheli,excursions,2026,current,,https://www.chevalblanc.com/service/download-media/?url=https%3A%2F%2Flvmh-chevalblanc.cdn.prismic.io%2Flvmh-chevalblanc%2Fabqpzbbci2UF6MDY_ChevalBlancSt-Barth-Experiences-EN.pdf&amp;filename=Cheval%20Blanc%20St-Barth%20-%20Experiences%20-%20EN.pdf
65,Cheval Blanc Randheli,excursions,2026,current,Y,https://www.chevalblanc.com/service/download-media/?url=https%3A%2F%2Flvmh-chevalblanc.cdn.prismic.io%2Flvmh-chevalblanc%2FafJBg8BOoF08xcV1_ChevalBIancSt-Barth-Families.pdf&amp;filename=Cheval%20BIanc%20St-Barth%20-%20Families.pdf
65,Cheval Blanc Randheli,excursions,2025,current,,https://www.chevalblanc.com/service/download-media/?url=https%3A%2F%2Flvmh-chevalblanc.cdn.prismic.io%2Flvmh-chevalblanc%2FaLB89mGNHVfTOaZm_ChevalBlancSt-Tropez-Experiences.pdf&filename=Cheval%20Blanc%20St-Tropez%20-%20Experiences.pdf
65,Cheval Blanc Randheli,factsheet,2026,current,Y,https://awesomegetawaymaldives.com/wp-content/uploads/2026/04/Cheval-Blanc-Randheli.pdf
65,Cheval Blanc Randheli,factsheet,2022,outdated,,https://www.neoscapesmaldives.com/wp-content/uploads/Cheval-Blanc-Randheli-Factsheet.pdf
65,Cheval Blanc Randheli,factsheet,2018,outdated,,https://www.neoscapesmaldives.com/wp-content/uploads/Cheval-Blanc-Randheli-Factsheet-EN.pdf
65,Cheval Blanc Randheli,kids,2026,current,Y,https://lvmh-chevalblanc.cdn.prismic.io/lvmh-chevalblanc/3D6MAkRHjqmgWdF-_FamiliesatChevalBlancRandheli-EN.pdf
65,Cheval Blanc Randheli,kids,2025,current,,https://www.chevalblanc.com/service/download-media/?url=https%3A%2F%2Flvmh-chevalblanc.cdn.prismic.io%2Flvmh-chevalblanc%2FaCdhjydWJ-7kSO3V_ChevalBlancSeychelles-FamilyPortfolio.pdf&filename=Cheval%20Blanc%20Seychelles%20-%20Family%20Portfolio.pdf
65,Cheval Blanc Randheli,press_kit,2024,outdated,Y,https://lvmh-chevalblanc.cdn.prismic.io/lvmh-chevalblanc/Z9QvOBsAHJWomi3n_CBRPressKitupdated2024-EN-.pdf
65,Cheval Blanc Randheli,spa_menu,2026,current,Y,https://lvmh-chevalblanc.cdn.prismic.io/lvmh-chevalblanc/b-V7Jr1jqx8IEXUF_BrochureSpa_ChevalBlancRandheli_EN.pdf
66,Como Maalifushi,brochure,2027,current,Y,https://de87ve0y4m3tc.cloudfront.net/comohotels.com-2459770069/cms/pressroom/como_maalifushi_seaplane_transfer_flyer.pdf
66,Como Maalifushi,brochure,2024,outdated,,https://de87ve0y4m3tc.cloudfront.net/comohotels.dev.cendynecommerce.com-2459770069/cms/pressroom/como_maalifushi_guestservicedirectory.pdf
66,Como Maalifushi,calendar,2026,current,Y,https://de87ve0y4m3tc.cloudfront.net/comohotels.com-2459770069/cms/pressroom/cmf_festive_programme_dec_24_to_jan_1.pdf
66,Como Maalifushi,calendar,2025,current,,https://de87ve0y4m3tc.cloudfront.net/comohotels.com-2459770069/cms/pressroom/como_maalifushi_playbycomo_weeklyschedule_week1.pdf
66,Como Maalifushi,calendar,2025,current,,https://de87ve0y4m3tc.cloudfront.net/comohotels.com-2459770069/cms/pressroom/como_maalifushi_playbycomo_weeklyschedule_week2.pdf
66,Como Maalifushi,calendar,2024,outdated,,https://de87ve0y4m3tc.cloudfront.net/comohotels.com-2459770069/cms/pressroom/cmf_festive_play_by_como_schedule.pdf
66,Como Maalifushi,destination_dining,2025,current,Y,https://de87ve0y4m3tc.cloudfront.net/comohotels.com-2459770069/cms/pressroom/como_maalifushi_private_dining_brochure.pdf
66,Como Maalifushi,dining_menu,2025,current,,https://de87ve0y4m3tc.cloudfront.net/comohotels.com-2459770069/cms/pressroom/cmf_como_shambala_kitchen_menu.pdf
66,Como Maalifushi,dining_menu,2025,current,,https://de87ve0y4m3tc.cloudfront.net/comohotels.com-2459770069/cms/pressroom/como_maalifushi_dining_thilai_beveragemenu.pdf
66,Como Maalifushi,dining_menu,2025,current,,https://de87ve0y4m3tc.cloudfront.net/comohotels.com-2459770069/cms/pressroom/como_maalifushi_dining_madilunchmenu.pdf
66,Como Maalifushi,dining_menu,2025,current,,https://de87ve0y4m3tc.cloudfront.net/comohotels.com-2459770069/cms/pressroom/cmf_cs_advance_cleanse_itinerary.pdf
66,Como Maalifushi,dining_menu,2025,current,,https://de87ve0y4m3tc.cloudfront.net/comohotels.com-2459770069/cms/pressroom/cmf_cs_beginner_cleanse_itinerary.pdf
66,Como Maalifushi,dining_menu,2025,current,,https://de87ve0y4m3tc.cloudfront.net/comohotels.com-2459770069/cms/pressroom/como_maalifushi_dining_madi_beveragemenu.pdf
66,Como Maalifushi,dining_menu,2025,current,,https://de87ve0y4m3tc.cloudfront.net/comohotels.com-2459770069/cms/pressroom/como_maalifushi_dining_madi_indonesiansetmenu.pdf
66,Como Maalifushi,dining_menu,2025,current,,https://de87ve0y4m3tc.cloudfront.net/comohotels.com-2459770069/cms/pressroom/como_maalifushi_dining_madibreakfastmenu.pdf
66,Como Maalifushi,dining_menu,2025,current,,https://de87ve0y4m3tc.cloudfront.net/comohotels.com-2459770069/cms/pressroom/como_maalifushi_in_villa_dining_late_night_menu.pdf
66,Como Maalifushi,dining_menu,2025,current,,https://de87ve0y4m3tc.cloudfront.net/comohotels.com-2459770069/cms/pressroom/como_maalifushi_in_villa_dining_childrens_menu.pdf
66,Como Maalifushi,dining_menu,2025,current,,https://de87ve0y4m3tc.cloudfront.net/comohotels.com-2459770069/cms/pressroom/como_maalifushi_in_villa_dining_menu.pdf
66,Como Maalifushi,dining_menu,2025,current,Y,https://de87ve0y4m3tc.cloudfront.net/comohotels.com-2459770069/cms/pressroom/cmf_como_compass_activities_menu.pdf
66,Como Maalifushi,dining_menu,2025,current,,https://de87ve0y4m3tc.cloudfront.net/comohotels.com-2459770069/cms/pressroom/como_maalifushi_dining_tai_beveragemenu.pdf
66,Como Maalifushi,dining_menu,2024,outdated,,https://de87ve0y4m3tc.cloudfront.net/comohotels.com-2459770069/cms/pressroom/como_maalifushi_dining_taimenu.pdf
66,Como Maalifushi,dining_menu,2024,outdated,,https://de87ve0y4m3tc.cloudfront.net/comohotels.com-2459770069/cms/pressroom/cmf_in_villa_dining_menu.pdf
66,Como Maalifushi,dive_prices,2026,current,Y,https://de87ve0y4m3tc.cloudfront.net/comohotels.com-2459770069/cms/pressroom/cmf_light_tackle_and_fly_fishing_rate_sheet.pdf
66,Como Maalifushi,events,2025,current,Y,https://de87ve0y4m3tc.cloudfront.net/comohotels.com-2459770069/cms/pressroom/como_maalifushi_brochure_privateislandbuyout.pdf
66,Como Maalifushi,excursions,2026,current,Y,https://de87ve0y4m3tc.cloudfront.net/comohotels.com-2459770069/cms/pressroom/cmf_atoll_adventurer_yacht_charter.pdf
66,Como Maalifushi,excursions,2026,current,,https://de87ve0y4m3tc.cloudfront.net/comohotels.com-2459770069/cms/pressroom/cmf_activity_schedule_october.pdf
66,Como Maalifushi,excursions,2022,outdated,,https://de87ve0y4m3tc.cloudfront.net/comohotels.com-2459770069/cms/pressroom/como_maalifushi_daily_schedule_of_activities_latest.pdf
66,Como Maalifushi,factsheet,2026,current,Y,https://de87ve0y4m3tc.cloudfront.net/comohotels.com-2459770069/cms/pressroom/cmf_all_inclusive_factsheet.pdf
66,Como Maalifushi,factsheet,2020,outdated,,https://de87ve0y4m3tc.cloudfront.net/comohotels.dev.cendynecommerce.com-2459770069/cms/pressroom/como_maalifushi_groups_and_events_fact_sheet.pdf
66,Como Maalifushi,factsheet,2015,outdated,,https://neoscapesmaldives.com/wp-content/uploads/COMO-Maalifushi-Fact-Sheet.pdf
66,Como Maalifushi,kids,2026,current,Y,https://de87ve0y4m3tc.cloudfront.net/comohotels.com-2459770069/cms/pressroom/cmf_sharks4kids_itinerary.pdf
66,Como Maalifushi,map,2024,outdated,Y,https://de87ve0y4m3tc.cloudfront.net/comohotels.com-2459770069/cms/pressroom/como_maalifushi_surfing_map.pdf
66,Como Maalifushi,map,2019,outdated,,https://neoscapesmaldives.com/wp-content/uploads/COMO-Maalifushi-Island-Map.pdf
66,Como Maalifushi,spa_menu,2027,current,Y,https://de87ve0y4m3tc.cloudfront.net/comohotels.com-2459770069/cms/pressroom/cmf_cs_vp_kimberly_rose_treatment_menu.pdf
66,Como Maalifushi,spa_menu,2026,current,,https://de87ve0y4m3tc.cloudfront.net/comohotels.com-2459770069/cms/pressroom/cmf_cs_claudio_bolognini_treatment_menu.pdf
66,Como Maalifushi,spa_menu,2026,current,,https://de87ve0y4m3tc.cloudfront.net/comohotels.com-2459770069/cms/pressroom/cmf_cs_vp_martina_treatment_menu.pdf
66,Como Maalifushi,spa_menu,2025,current,,https://de87ve0y4m3tc.cloudfront.net/comohotels.com-2459770069/cms/pressroom/como_maalifushi_como_shambhala_fulltreatmentmenu.pdf
66,Como Maalifushi,villa_plans,2025,current,Y,https://de87ve0y4m3tc.cloudfront.net/comohotels.com-2459770069/cms/pressroom/como_maalifushi_islandmap.pdf
66,Como Maalifushi,villa_plans,2025,current,,https://de87ve0y4m3tc.cloudfront.net/comohotels.com-2459770069/cms/pressroom/como_maalifushi_floorplan_water_villa.pdf
66,Como Maalifushi,villa_plans,2020,outdated,,https://de87ve0y4m3tc.cloudfront.net/comohotels.com-2459770069/cms/pressroom/como_maalifushi_floorplan_twobedroom_beach_suite.pdf
66,Como Maalifushi,villa_plans,2019,outdated,,https://de87ve0y4m3tc.cloudfront.net/comohotels.com-2459770069/cms/pressroom/como_maalifushi_floorplan_water_suite.pdf
66,Como Maalifushi,villa_plans,2018,outdated,,https://de87ve0y4m3tc.cloudfront.net/comohotels.com-2459770069/cms/pressroom/como_maalifushi_floorplan_maalifushi_beach_villa.pdf
66,Como Maalifushi,villa_plans,2018,outdated,,https://de87ve0y4m3tc.cloudfront.net/comohotels.com-2459770069/cms/pressroom/como_maalifushi_floorplan_twobedroom_beach_villa.pdf
66,Como Maalifushi,villa_plans,2018,outdated,,https://de87ve0y4m3tc.cloudfront.net/comohotels.com-2459770069/cms/pressroom/como_maalifushi_floorplan_twobedroom_beach_house.pdf
66,Como Maalifushi,villa_plans,2017,outdated,,https://de87ve0y4m3tc.cloudfront.net/comohotels.com-2459770069/cms/pressroom/como_maalifushi_floorplan_beach_villa.pdf
66,Como Maalifushi,villa_plans,2017,outdated,,https://de87ve0y4m3tc.cloudfront.net/comohotels.com-2459770069/cms/pressroom/como_maalifushi_floorplan_como_residence.pdf
66,Como Maalifushi,villa_plans,2016,outdated,,https://de87ve0y4m3tc.cloudfront.net/comohotels.com-2459770069/cms/pressroom/como_maalifushi_floorplan_beach_suites.pdf
66,Como Maalifushi,villa_plans,2016,outdated,,https://de87ve0y4m3tc.cloudfront.net/comohotels.com-2459770069/cms/pressroom/como_maalifushi_floorplan_como_villa.pdf
66,Como Maalifushi,villa_plans,2016,outdated,,https://de87ve0y4m3tc.cloudfront.net/comohotels.com-2459770069/cms/pressroom/como_maalifushi_floorplan_maalifushi_water_villa.pdf
66,Como Maalifushi,wedding,2024,outdated,Y,https://de87ve0y4m3tc.cloudfront.net/comohotels.dev.cendynecommerce.com-2459770069/cms/pressroom/cmf_wedding_brochure.pdf
67,Waldorf Astoria Maldives Ithaafushi,calendar,2026,current,Y,https://www.waldorfastoriamaldives.com/wp-content/uploads/2026/10/WAMI-Festive-Brochure-2026.pdf
67,Waldorf Astoria Maldives Ithaafushi,calendar,2025,current,,https://www.waldorfastoriamaldives.com/wp-content/uploads/2025/07/Club-Nova-Program-2025-June.pdf
67,Waldorf Astoria Maldives Ithaafushi,calendar,2025,current,,https://www.waldorfastoriamaldives.com/wp-content/uploads/2025/07/Stars-Club-2025-Themed-Program-June.pdf
67,Waldorf Astoria Maldives Ithaafushi,calendar,2025,current,,https://www.waldorfastoriamaldives.com/wp-content/uploads/2025/07/Rise-n-Shine-Program-2025-v2.pdf
67,Waldorf Astoria Maldives Ithaafushi,destination_dining,2025,current,,https://www.waldorfastoriamaldives.com/wp-content/uploads/2025/07/Beach-Picnic-Menu.pdf
67,Waldorf Astoria Maldives Ithaafushi,destination_dining,2025,current,,https://www.waldorfastoriamaldives.com/wp-content/uploads/2025/07/Lagoon-lunch.pdf
67,Waldorf Astoria Maldives Ithaafushi,destination_dining,2025,current,Y,https://www.waldorfastoriamaldives.com/wp-content/uploads/2025/07/Destination-Dining-Brochure-V2.pdf
67,Waldorf Astoria Maldives Ithaafushi,dining_menu,2026,current,,https://www.waldorfastoriamaldives.com/wp-content/uploads/2026/08/The-Ledge-Dinner.pdf
67,Waldorf Astoria Maldives Ithaafushi,dining_menu,2026,current,Y,https://www.waldorfastoriamaldives.com/wp-content/uploads/2026/08/Nava-Menu.pdf
67,Waldorf Astoria Maldives Ithaafushi,dining_menu,2025,current,,https://www.waldorfastoriamaldives.com/wp-content/uploads/2025/09/Rock_EN_Food-Menu-no-price.pdf
67,Waldorf Astoria Maldives Ithaafushi,dining_menu,2025,current,,https://www.waldorfastoriamaldives.com/wp-content/uploads/2025/08/Amber_Beverage_Menu_no-price.pdf
67,Waldorf Astoria Maldives Ithaafushi,dining_menu,2025,current,,https://www.waldorfastoriamaldives.com/wp-content/uploads/2025/08/Glow-EN-Menu-No-price.pdf
67,Waldorf Astoria Maldives Ithaafushi,dining_menu,2025,current,,https://www.waldorfastoriamaldives.com/wp-content/uploads/2025/08/Li-Long_Menu_no-price.pdf
67,Waldorf Astoria Maldives Ithaafushi,dining_menu,2025,current,,https://www.waldorfastoriamaldives.com/wp-content/uploads/2025/08/PA-Snack-Menu-no-price.pdf
67,Waldorf Astoria Maldives Ithaafushi,dining_menu,2025,current,,https://www.waldorfastoriamaldives.com/wp-content/uploads/2025/08/Terra-Menu_EN_WA25-020-No-price.pdf
67,Waldorf Astoria Maldives Ithaafushi,dining_menu,2025,current,,https://www.waldorfastoriamaldives.com/wp-content/uploads/2025/08/Tasting-Table_En_Dinner-Menu-No-Price.pdf
67,Waldorf Astoria Maldives Ithaafushi,dining_menu,2025,current,,https://www.waldorfastoriamaldives.com/wp-content/uploads/2025/08/Yasmeen_EN_-Menu_no-price.pdf
67,Waldorf Astoria Maldives Ithaafushi,dining_menu,2025,current,,https://www.waldorfastoriamaldives.com/wp-content/uploads/2025/07/Cinema-Under-the-stars-Menu.pdf
67,Waldorf Astoria Maldives Ithaafushi,dining_menu,2024,outdated,,https://www.waldorfastoriamaldives.com/wp-content/uploads/2025/07/Dr.-Arya-Menu.pdf
67,Waldorf Astoria Maldives Ithaafushi,dining_menu,2019,outdated,,https://www.waldorfastoriamaldives.com/wp-content/uploads/2025/07/WA_MALDIVES_Pillow-Menu.pdf
67,Waldorf Astoria Maldives Ithaafushi,dive_prices,2025,current,Y,https://www.waldorfastoriamaldives.com/wp-content/uploads/2025/07/2025-WA-Recreation-Centre-.pdf
67,Waldorf Astoria Maldives Ithaafushi,dive_prices,2025,current,,https://www.waldorfastoriamaldives.com/wp-content/uploads/2025/07/2025-WA-Dive-Centre-.pdf
67,Waldorf Astoria Maldives Ithaafushi,dive_prices,2024,outdated,,https://www.waldorfastoriamaldives.com/wp-content/uploads/2025/07/Luxx-Price-List-WAMI-2024.pdf
67,Waldorf Astoria Maldives Ithaafushi,dive_prices,2024,outdated,,https://www.waldorfastoriamaldives.com/wp-content/uploads/2025/07/Diving-Excursions-Weekly-Schedule-Dec-2023-Dec-2024.pdf
67,Waldorf Astoria Maldives Ithaafushi,excursions,2026,current,Y,https://letsgomaldives.com/wp-content/uploads/2026/03/Eid-Al-Fitr-1.pdf
67,Waldorf Astoria Maldives Ithaafushi,excursions,2025,current,,https://www.waldorfastoriamaldives.com/wp-content/uploads/2025/07/WAMI-Activity-brochure_Ocean.pdf
67,Waldorf Astoria Maldives Ithaafushi,excursions,2025,current,,https://www.waldorfastoriamaldives.com/wp-content/uploads/2025/07/Tennis-Coach-Radu.pdf
67,Waldorf Astoria Maldives Ithaafushi,excursions,2024,outdated,,https://www.waldorfastoriamaldives.com/wp-content/uploads/2025/07/Stars-Club-Booklet.pdf
67,Waldorf Astoria Maldives Ithaafushi,factsheet,2025,current,Y,https://www.neoscapesmaldives.com/wp-content/uploads/Fact-Sheet.pdf
67,Waldorf Astoria Maldives Ithaafushi,factsheet,2023,outdated,,https://www.neoscapesmaldives.com/wp-content/uploads/Ithaafushi-The-Private-Island-Fact-Sheet_2023-1.pdf
67,Waldorf Astoria Maldives Ithaafushi,kids,2025,current,Y,https://www.waldorfastoriamaldives.com/wp-content/uploads/2025/07/Prices-WAMI-x-LUX-Tennis-.pdf
67,Waldorf Astoria Maldives Ithaafushi,kids,2024,outdated,,https://www.waldorfastoriamaldives.com/wp-content/uploads/2025/07/Kids-Concierge-Program.pdf
67,Waldorf Astoria Maldives Ithaafushi,map,2025,current,,https://www.neoscapesmaldives.com/wp-content/uploads/Resort-Map-1.pdf
67,Waldorf Astoria Maldives Ithaafushi,map,2025,current,,https://www.neoscapesmaldives.com/wp-content/uploads/Ithaafushi-Private-Island-Map.pdf
67,Waldorf Astoria Maldives Ithaafushi,map,2025,current,Y,https://www.waldorfastoriamaldives.com/wp-content/uploads/2025/07/Island-Map-Room-Numbers.pdf
67,Waldorf Astoria Maldives Ithaafushi,other,2026,current,Y,https://www.waldorfastoriamaldives.com/wp-content/uploads/2026/04/Zuma-Maldives.pdf
67,Waldorf Astoria Maldives Ithaafushi,other,2025,current,,https://www.waldorfastoriamaldives.com/wp-content/uploads/2025/07/Sanbank-Escape.pdf
67,Waldorf Astoria Maldives Ithaafushi,other,2025,current,,https://www.waldorfastoriamaldives.com/wp-content/uploads/2025/07/Padel-Tennis-Court_March1-1.pdf
67,Waldorf Astoria Maldives Ithaafushi,other,2024,outdated,,https://www.waldorfastoriamaldives.com/wp-content/uploads/2025/07/SIRU-LATELIER-NEW-POSTER-ART-CLASSES67.pdf
67,Waldorf Astoria Maldives Ithaafushi,spa_menu,2026,current,Y,https://www.waldorfastoriamaldives.com/wp-content/uploads/2026/08/Spa-Wellness-Menu.pdf
67,Waldorf Astoria Maldives Ithaafushi,spa_menu,2025,current,,https://www.waldorfastoriamaldives.com/wp-content/uploads/2025/07/Wanaree-Srivichai.pdf
67,Waldorf Astoria Maldives Ithaafushi,spa_menu,2025,current,,https://www.waldorfastoriamaldives.com/wp-content/uploads/2025/07/Spa-Online-Brochure.pdf
67,Waldorf Astoria Maldives Ithaafushi,wedding,2025,current,Y,https://www.waldorfastoriamaldives.com/wp-content/uploads/2025/07/Unforgettable-Honeymoon-and-Romantic-Anniversaries-TC-.pdf
67,Waldorf Astoria Maldives Ithaafushi,wedding,2022,outdated,,https://www.waldorfastoriamaldives.com/wp-content/uploads/2025/07/Waldorf_Astoria_Maldives_Ithaafushi_Weddings.pdf
68,JA Manafaru,calendar,2027,current,Y,https://letsgomaldives.com/wp-content/uploads/2026/08/JA-Manafaru.pdf
68,JA Manafaru,calendar,2026,current,,https://jaweb2019cdn.azureedge.net/assets/docs/default-source/jarh/siteredesign-docs/festive-doc/festive-brochure---ja-manafaru.pdf?sfvrsn=a085c58d_1
68,JA Manafaru,destination_dining,2026,current,Y,https://jaweb2019cdn.azureedge.net/assets/docs/default-source/jarh/siteredesign-docs/ja-mar-hall-menu/sample-private-dinner-menu.pdf?sfvrsn=2488d2a6_9
68,JA Manafaru,factsheet,2024,outdated,Y,https://www.neoscapesmaldives.com/wp-content/uploads/ja-jam-factsheet-digital.pdf
68,JA Manafaru,map,2024,outdated,Y,https://www.neoscapesmaldives.com/wp-content/uploads/JA-Manafaru-Map-24.pdf
69,Adaaran Club Rannalhi,all_inclusive,2026,current,Y,https://www.adaaran.com/clubrannalhi/view-download/?id=p-all-inclusive
69,Adaaran Club Rannalhi,brochure,2025,current,Y,https://www.adaaran.com/clubrannalhi/view-download/?id=DO
69,Adaaran Club Rannalhi,dining_menu,2025,current,Y,https://www.adaaran.com/clubrannalhi/view-download/?id=menu-01
69,Adaaran Club Rannalhi,dive_prices,2026,current,Y,https://www.adaaran.com/clubrannalhi/view-download/?id=menu-05
69,Adaaran Club Rannalhi,dive_prices,2026,current,,https://www.adaaran.com/clubrannalhi/view-download/?id=menu-03
69,Adaaran Club Rannalhi,excursions,2025,current,Y,https://www.adaaran.com/clubrannalhi/view-download/?id=menu-02
69,Adaaran Club Rannalhi,factsheet,2026,current,Y,https://www.adaaran.com/clubrannalhi/view-download/?id=acr-factsheet
69,Adaaran Club Rannalhi,factsheet,2025,current,,https://www.neoscapesmaldives.com/wp-content/uploads/Fact-Sheet-Adaaran-Club-Rannalhi.pdf
69,Adaaran Club Rannalhi,map,2020,outdated,Y,https://www.neoscapesmaldives.com/wp-content/uploads/Adaaran-Ranalhi-Island-Map.pdf
69,Adaaran Club Rannalhi,sustainability,2025,current,Y,https://adaaran.eme-devops.com/2026/05/Sustainabilty-Report-ACR_compressed-2025-26.pdf
69,Adaaran Club Rannalhi,sustainability,2024,outdated,,https://adaaran.eme-devops.com/2025/08/Adaaran-Club-Rannalhi-Sustainability-Report-2024-25.pdf
69,Adaaran Club Rannalhi,sustainability,2023,outdated,,https://adaaran.eme-devops.com/2025/08/Adaaran-Club-Rannalhi-Sustainability-Report-2023-24.pdf
69,Adaaran Club Rannalhi,sustainability,2022,outdated,,https://adaaran.eme-devops.com/2025/08/Adaaran-Club-Rannalhi-Sustainability-Report-2022-23.pdf
69,Adaaran Club Rannalhi,sustainability,2021,outdated,,https://adaaran.eme-devops.com/2025/08/Adaaran-Club-Rannalhi-Sustainability-Report-2021-22.pdf
69,Adaaran Club Rannalhi,sustainability,2019,outdated,,https://adaaran.eme-devops.com/2025/08/Adaaran-Club-Rannalhi-Sustainability-Report-2019-20-21.pdf
69,Adaaran Club Rannalhi,wedding,2026,current,Y,https://www.adaaran.com/clubrannalhi/view-download/?id=acrweddingpack
70,Joy Island,brochure,2024,outdated,Y,https://cdnm.heyzine.com/files/uploaded/ccf44be34ff22ad768f576baebd7ab732d01ba92.pdf
70,Joy Island,calendar,2026,current,,https://letsgomaldives.com/wp-content/uploads/2026/02/Easter-Program-2026-Joy-Island.pdf
70,Joy Island,calendar,2026,current,Y,https://cdnm.heyzine.com/files/uploaded/v3/77ce4a31ca1298b404d8cebf54e3bd8d20e8751f-3.pdf
70,Joy Island,destination_dining,2024,outdated,Y,https://cdnm.heyzine.com/files/uploaded/d7e764db3df5c310bca8c74afb4f92061e17c4bc.pdf
70,Joy Island,events,2026,current,Y,https://cdnm.heyzine.com/flip-book/pdf/561203caf7c34ac7410e440e2fb87685515def06-2.pdf
70,Joy Island,excursions,2025,current,Y,https://cdnm.heyzine.com/files/uploaded/v3/a8586b7edfdc82c59b31a6f93dbbfe3adb198f24.pdf
70,Joy Island,factsheet,2026,current,Y,https://d7h9v39iheghu.cloudfront.net/previews/42de57ca-7efe-4d5a-8d86-d9172148eacf/712f206d-41a8-4b34-9995-3943d4414af0/712f206d-41a8-4b34-9995-3943d4414af0?Policy=eyJTdGF0ZW1lbnQiOiBbeyJSZXNvdXJjZSI6Imh0dHBzOi8vZDdoOXYzOWloZWdodS5jbG91ZGZyb250Lm5ldC9wcmV2aWV3cy80MmRlNTdjYS03ZWZlLTRkNWEtOGQ4Ni1kOTE3MjE0OGVhY2YqIiwiQ29uZGl0aW9uIjp7IkRhdGVMZXNzVGhhbiI6eyJBV1M6RXBvY2hUaW1lIjoxNzkzNjk2OTU2fX19XX0_&Signature=Vzs-zJl8tl5ac3bWITSsHUZQxqBbKumCntqITMi707QlgNawp35AYETVu1lHU6NlchvstDJ4ejGVpVOhrU-oyvcxqwRXcMBCp7gUdjvEIB7VYeYEz4xQfg2V14KAKWS4NIz4SlHdXWdqmlhoi2S0VtUKbJPqjYa95uNR2ltFKIDtBc5oDkrafWTKW4gIvesGI-rVf79HGAyP4qx871btzz2MdWwRRFNK5Od7jBPE25tRZSgCkrdsNMC6h0PaRFrpAUN4WSxvO4b93M2vvjFy-By6Rw27FQAVU3YHu~jhZ0RH0m-gTjcs4SVkM2Dd6IZ8K0g4UkB5mZwvYClMwvtn1Q__&Key-Pair-Id=APKAJXJN6VNR3OLZJXJA
176,Villa Park Sun Island,factsheet,2026,current,Y,https://d7h9v39iheghu.cloudfront.net/previews/42de57ca-7efe-4d5a-8d86-d9172148eacf/712f206d-41a8-4b34-9995-3943d4414af0/712f206d-41a8-4b34-9995-3943d4414af0?Policy=eyJTdGF0ZW1lbnQiOiBbeyJSZXNvdXJjZSI6Imh0dHBzOi8vZDdoOXYzOWloZWdodS5jbG91ZGZyb250Lm5ldC9wcmV2aWV3cy80MmRlNTdjYS03ZWZlLTRkNWEtOGQ4Ni1kOTE3MjE0OGVhY2YqIiwiQ29uZGl0aW9uIjp7IkRhdGVMZXNzVGhhbiI6eyJBV1M6RXBvY2hUaW1lIjoxNzkzNjk2OTU2fX19XX0_&Signature=Vzs-zJl8tl5ac3bWITSsHUZQxqBbKumCntqITMi707QlgNawp35AYETVu1lHU6NlchvstDJ4ejGVpVOhrU-oyvcxqwRXcMBCp7gUdjvEIB7VYeYEz4xQfg2V14KAKWS4NIz4SlHdXWdqmlhoi2S0VtUKbJPqjYa95uNR2ltFKIDtBc5oDkrafWTKW4gIvesGI-rVf79HGAyP4qx871btzz2MdWwRRFNK5Od7jBPE25tRZSgCkrdsNMC6h0PaRFrpAUN4WSxvO4b93M2vvjFy-By6Rw27FQAVU3YHu~jhZ0RH0m-gTjcs4SVkM2Dd6IZ8K0g4UkB5mZwvYClMwvtn1Q__&Key-Pair-Id=APKAJXJN6VNR3OLZJXJA
70,Joy Island,factsheet,2025,current,,https://www.neoscapesmaldives.com/wp-content/uploads/Joy-Island-_-Fact-Sheet-2025.pdf
70,Joy Island,map,2026,current,,https://cdnm.heyzine.com/files/uploaded/1aa047e1962cb5463765e2258ea5faad64cf348f.pdf
70,Joy Island,map,2026,current,Y,https://cdnm.heyzine.com/flip-book/pdf/9feff53d89333821741583c6787ddf21970c9578.pdf
70,Joy Island,map,2025,current,,https://www.neoscapesmaldives.com/wp-content/uploads/Joy-Island-Maldives-_-Resort-Map.pdf
70,Joy Island,spa_menu,2026,current,Y,https://cdnm.heyzine.com/flip-book/pdf/0a11288452f369c938da10bb2d11722fd94a987a.pdf
70,Joy Island,spa_menu,2026,current,,https://cdnm.heyzine.com/files/uploaded/df8f52fe1c8dc18e94fe02a682f228abd6baf25c.pdf
70,Joy Island,wedding,2026,current,Y,https://cdnm.heyzine.com/flip-book/pdf/b1f0f96ff265d012f55d6fbd78eac7ce1d69c094.pdf
71,Kagi Maldives Resort and Spa,all_inclusive,2025,current,Y,https://kagimaldives.com/wp-content/uploads/2026/04/KagiTransferPolicy110125103126Rev031826.pdf
71,Kagi Maldives Resort and Spa,all_inclusive,2025,current,,https://kagimaldives.com/wp-content/uploads/2025/12/PremiumAllInclusivePackageKagi110125103126Ver190625.pdf
71,Kagi Maldives Resort and Spa,all_inclusive,2024,outdated,,https://kagimaldives.com/wp-content/uploads/2024/09/17.-PremiumAllInclusivePlusPackageKagi110124103125Ver090424.pdf
71,Kagi Maldives Resort and Spa,all_inclusive,2024,outdated,,https://kagimaldives.com/wp-content/uploads/2024/06/PremiumAllInclusivePlusPackageKagi110123103123Rev151223.pdf
71,Kagi Maldives Resort and Spa,all_inclusive,2024,outdated,,https://kagimaldives.com/wp-content/uploads/2024/02/Valentines-Special-Promo-Kagi-Maldives.pdf
71,Kagi Maldives Resort and Spa,all_inclusive,2023,outdated,,https://sales.crownandchamparesorts.com/wp-content/uploads/2023/11/PremiumAllInclusivePlusPackageKagi110123103124Rev010923.pdf
71,Kagi Maldives Resort and Spa,all_inclusive,2022,outdated,,https://sales.crownandchamparesorts.com/wp-content/uploads/2023/08/PremiumAllInclusivePlusPackageKagi110122103123Ver011122.pdf
71,Kagi Maldives Resort and Spa,all_inclusive,2022,outdated,,https://kagimaldives.com/wp-content/uploads/2023/01/PremiumAllInclusivePlusPackageKagi110122103123Ver011122.pdf
71,Kagi Maldives Resort and Spa,all_inclusive,2020,outdated,,https://kagimaldives.com/wp-content/uploads/2020/09/PremiumAllInclusivePlusPackageKagi110120103121Rev040221.pdf
71,Kagi Maldives Resort and Spa,all_inclusive,2020,outdated,,https://kagimaldives.com/wp-content/uploads/2021/01/PremiumAllInclusivePlusPackageKagi110120103121Rev010721.pdf
71,Kagi Maldives Resort and Spa,calendar,2026,current,Y,https://kagimaldives.com/wp-content/uploads/2025/08/KagiFestive2025-2026.pdf
71,Kagi Maldives Resort and Spa,calendar,2025,current,,https://kagimaldives.com/wp-content/uploads/2025/10/Kagi_FestiveBrochure_2526_Ver05082025.pdf
71,Kagi Maldives Resort and Spa,calendar,2025,current,,https://kagimaldives.com/wp-content/uploads/2025/03/Kagi-Easter-Brochure-20251.pdf
71,Kagi Maldives Resort and Spa,calendar,2025,current,,https://kagimaldives.com/wp-content/uploads/2025/03/Kagi-Easter-Brochure-2025.pdf
71,Kagi Maldives Resort and Spa,calendar,2025,current,,https://kagimaldives.com/wp-content/uploads/2024/12/Kagi-Festive-Brochure-2024-2025-1.pdf
71,Kagi Maldives Resort and Spa,calendar,2024,outdated,,https://kagimaldives.com/wp-content/uploads/2024/02/Kagi-Easter-Program-2024.pdf
71,Kagi Maldives Resort and Spa,calendar,2023,outdated,,https://kagimaldives.com/wp-content/uploads/2023/01/Kagi-2023-Calendar-Digital-Version.pdf
71,Kagi Maldives Resort and Spa,calendar,2023,outdated,,https://kagimaldives.com/wp-content/uploads/2023/01/Kagi-2023-Calendar-print-Version-A5.pdf
71,Kagi Maldives Resort and Spa,calendar,2023,outdated,,https://kagimaldives.com/wp-content/uploads/2023/01/Kagi-2023-Calendar-Print-Version-A4.pdf
71,Kagi Maldives Resort and Spa,dining_menu,2026,current,Y,https://www.saiihotels.com/wp-content/uploads/2026/07/SunRay_Drink_AllDay_297x105mm_05.pdf
71,Kagi Maldives Resort and Spa,dining_menu,2025,current,,https://kagimaldives.com/wp-content/uploads/2025/11/Ufaa-Snack-Menu-271125.pdf
71,Kagi Maldives Resort and Spa,dining_menu,2025,current,,https://kagimaldives.com/wp-content/uploads/2025/11/Kagi-Keun-Food-Menu-271125.pdf
71,Kagi Maldives Resort and Spa,dining_menu,2025,current,,https://kagimaldives.com/wp-content/uploads/2025/03/Nonna_Food_English_210325.pdf
71,Kagi Maldives Resort and Spa,dining_menu,2025,current,,https://kagimaldives.com/wp-content/uploads/2025/03/Nonna_Food_Chinese_210325.pdf
71,Kagi Maldives Resort and Spa,dining_menu,2025,current,,https://kudafushiresort.com/en/wp-content/uploads/2026/08/JUJU-BAR-CHARGEABLE-BEVERAGE-MENU-2025.pdf
139,Kudafushi Resort & Spa,dining_menu,2025,current,,https://kudafushiresort.com/en/wp-content/uploads/2026/08/JUJU-BAR-CHARGEABLE-BEVERAGE-MENU-2025.pdf
71,Kagi Maldives Resort and Spa,dining_menu,2024,outdated,,https://kagimaldives.com/wp-content/uploads/2024/11/Ke-Un-Menu-English_201124.pdf
71,Kagi Maldives Resort and Spa,dining_menu,2023,outdated,,https://kagimaldives.com/wp-content/uploads/2024/03/MY-PURE-LIFE-JOURNEY.pdf
71,Kagi Maldives Resort and Spa,dining_menu,2023,outdated,,https://kagimaldives.com/wp-content/uploads/2023/12/Nonna-DInner-Menu-Updated-on-11-12-2023.pdf
71,Kagi Maldives Resort and Spa,dining_menu,2023,outdated,,https://kagimaldives.com/wp-content/uploads/2023/12/Nonna-DInner-Menu-Updated-on-01-12-2023.pdf
71,Kagi Maldives Resort and Spa,dining_menu,2023,outdated,,https://kagimaldives.com/wp-content/uploads/2023/04/Ufaa-Snack-Menu-Updated18042023.pdf
71,Kagi Maldives Resort and Spa,dining_menu,2023,outdated,,https://kagimaldives.com/wp-content/uploads/2023/04/Noo-Faru-menu-Updated02042023.pdf
71,Kagi Maldives Resort and Spa,dining_menu,2023,outdated,,https://kagimaldives.com/wp-content/uploads/2023/04/Nonna-Dinner-Menu-Updated10042023.pdf
71,Kagi Maldives Resort and Spa,dining_menu,2023,outdated,,https://kagimaldives.com/wp-content/uploads/2023/04/Ke-Un-Dinner-menu-Updated10042023.pdf
71,Kagi Maldives Resort and Spa,dining_menu,2023,outdated,,https://kagimaldives.com/wp-content/uploads/2023/04/IVD-Midnight-Snack-menu-Updated02042023.pdf
71,Kagi Maldives Resort and Spa,dining_menu,2023,outdated,,https://kagimaldives.com/wp-content/uploads/2023/01/Ufaa-Snack-311222.pdf
71,Kagi Maldives Resort and Spa,dining_menu,2023,outdated,,https://kagimaldives.com/wp-content/uploads/2023/01/NONNA-BEVERAGE-311222.pdf
71,Kagi Maldives Resort and Spa,dining_menu,2023,outdated,,https://kagimaldives.com/wp-content/uploads/2023/01/Ke-Un-Dinner-311222.pdf
71,Kagi Maldives Resort and Spa,dining_menu,2023,outdated,,https://kagimaldives.com/wp-content/uploads/2023/01/KEUN-BEVERAGE-311222.pdf
71,Kagi Maldives Resort and Spa,dining_menu,2022,outdated,,https://kagimaldives.com/wp-content/uploads/2023/01/Ufaa-Beverage-311222.pdf
71,Kagi Maldives Resort and Spa,dining_menu,2022,outdated,,https://kagimaldives.com/wp-content/uploads/2023/01/Noo-Faru-Lunch-311222.pdf
71,Kagi Maldives Resort and Spa,dining_menu,2022,outdated,,https://kagimaldives.com/wp-content/uploads/2023/01/IVD-Midnight-Snack-311222.pdf
71,Kagi Maldives Resort and Spa,dining_menu,2022,outdated,,https://kagimaldives.com/wp-content/uploads/2022/12/Nonna-Dinner-Menu191222.pdf
71,Kagi Maldives Resort and Spa,dining_menu,2022,outdated,,https://kagimaldives.com/wp-content/uploads/2022/02/NONNA-FOOD-MENU.pdf
71,Kagi Maldives Resort and Spa,dining_menu,2022,outdated,,https://kagimaldives.com/wp-content/uploads/2022/02/NONNA-BEVERAGE-MENU.pdf
71,Kagi Maldives Resort and Spa,dining_menu,2021,outdated,,https://kagimaldives.com/wp-content/uploads/2020/09/KEUN-DINNER-MENU.pdf
71,Kagi Maldives Resort and Spa,dining_menu,2021,outdated,,https://kagimaldives.com/wp-content/uploads/2020/09/KEUN-LUNCH-MENU.pdf
71,Kagi Maldives Resort and Spa,dining_menu,2020,outdated,,https://kagimaldives.com/wp-content/uploads/2021/01/UFAA-1.pdf
71,Kagi Maldives Resort and Spa,dining_menu,2020,outdated,,https://kagimaldives.com/wp-content/uploads/2021/01/NOO-FARU-A-LA-CARTE.pdf
71,Kagi Maldives Resort and Spa,dining_menu,2020,outdated,,http://www.crownandchamparesorts.com/wp-content/uploads/2020/03/KAG_PremiumAIP_8March2020.pdf
71,Kagi Maldives Resort and Spa,dining_menu,2019,outdated,,https://kagimaldives.com/wp-content/uploads/2025/12/Kagi_WINEMenu291225.pdf
71,Kagi Maldives Resort and Spa,dining_menu,2019,outdated,,https://kagimaldives.com/wp-content/uploads/2025/12/Kagi-UFA-Beverage.pdf
71,Kagi Maldives Resort and Spa,dining_menu,2019,outdated,,https://kagimaldives.com/wp-content/uploads/2025/12/Kagi-Noofaru-Beverage.pdf
71,Kagi Maldives Resort and Spa,dining_menu,2019,outdated,,https://kagimaldives.com/wp-content/uploads/2025/12/Kagi-Wine-Menu.pdf
71,Kagi Maldives Resort and Spa,dining_menu,2019,outdated,,https://kagimaldives.com/wp-content/uploads/2023/04/Ufaa-Beverage-Menu-Updated18042023.pdf
71,Kagi Maldives Resort and Spa,dining_menu,2019,outdated,,https://kagimaldives.com/wp-content/uploads/2023/04/Noo-faru-Beverage-Menu-Updated18042023.pdf
71,Kagi Maldives Resort and Spa,dining_menu,2019,outdated,,https://kagimaldives.com/wp-content/uploads/2023/04/Nonna-Beverage-Menu-Updated18042023.pdf
71,Kagi Maldives Resort and Spa,dining_menu,2019,outdated,,https://kagimaldives.com/wp-content/uploads/2023/04/Ke-Un-Beverage-menu-Updated18042023.pdf
71,Kagi Maldives Resort and Spa,dining_menu,2018,outdated,,https://sales.crownandchamparesorts.com/wp-content/uploads/2019/02/KagiConcept.pdf
71,Kagi Maldives Resort and Spa,dining_menu,2018,outdated,,https://kagimaldives.com/wp-content/uploads/2023/01/WINE-311222.pdf
71,Kagi Maldives Resort and Spa,dining_menu,2018,outdated,,https://kagimaldives.com/wp-content/uploads/2021/01/Piano-beverage-menu.pdf
71,Kagi Maldives Resort and Spa,dive_map,2025,current,Y,https://kagimaldives.com/wp-content/uploads/2025/12/MSTS-Kagi-Dive-Site-Map.pdf
71,Kagi Maldives Resort and Spa,dive_map,2020,outdated,,https://kagimaldives.com/wp-content/uploads/2021/01/DiveCenterEuroDiversDiveSiteInformationKagi110120103121Ver102020.pdf
71,Kagi Maldives Resort and Spa,dive_prices,2025,current,,https://kagimaldives.com/wp-content/uploads/2026/03/KagiMSTSWatersportsPriceList120125103126Ver060326.pdf
71,Kagi Maldives Resort and Spa,dive_prices,2025,current,,https://kagimaldives.com/wp-content/uploads/2026/02/KagiMSTSWatersportsPriceList120125103126Ver220226.pdf
71,Kagi Maldives Resort and Spa,dive_prices,2025,current,,https://kagimaldives.com/wp-content/uploads/2026/02/KagiMSTSExcursionsPriceList120125103126Ver220226.pdf
71,Kagi Maldives Resort and Spa,dive_prices,2025,current,Y,https://kagimaldives.com/wp-content/uploads/2026/02/KagiMSTSDivingPriceList120125103126Ver220226.pdf
71,Kagi Maldives Resort and Spa,dive_prices,2025,current,,https://kagimaldives.com/wp-content/uploads/2026/02/MSTS-KAGI-PRICELIST-EXCURSION-2025.pdf
71,Kagi Maldives Resort and Spa,dive_prices,2025,current,,https://kagimaldives.com/wp-content/uploads/2026/02/MSTS-KAGI-PRICELIST-WATER-SPORTS-2025.pdf
71,Kagi Maldives Resort and Spa,dive_prices,2025,current,,https://kagimaldives.com/wp-content/uploads/2026/02/MSTS-KAGI-PRICELIST-DIVE-2025.pdf
71,Kagi Maldives Resort and Spa,dive_prices,2025,current,,https://kagimaldives.com/wp-content/uploads/2025/12/Kagi-Price-List-2025-WATERSPORTS.pdf
71,Kagi Maldives Resort and Spa,dive_prices,2025,current,,https://kagimaldives.com/wp-content/uploads/2025/12/Kagi-Price-List-2025-SCUBA-DIVING.pdf
71,Kagi Maldives Resort and Spa,dive_prices,2025,current,,https://kagimaldives.com/wp-content/uploads/2025/12/Kagi-Price-List-2025-EXCURSION.pdf
71,Kagi Maldives Resort and Spa,dive_prices,2023,outdated,,https://kagimaldives.com/wp-content/uploads/2023/01/KAGI-DIVE-GERMAN011223.pdf
71,Kagi Maldives Resort and Spa,dive_prices,2023,outdated,,https://kagimaldives.com/wp-content/uploads/2023/01/KAGI-DIVE-FRENCH011223.pdf
71,Kagi Maldives Resort and Spa,dive_prices,2023,outdated,,https://kagimaldives.com/wp-content/uploads/2023/01/KAGI-DIVE-ENG011223.pdf
71,Kagi Maldives Resort and Spa,dive_prices,2021,outdated,,https://kagimaldives.com/wp-content/uploads/2022/08/PRICE-LIST-SNORKELING-KAGI.pdf
71,Kagi Maldives Resort and Spa,dive_prices,2020,outdated,,https://kagimaldives.com/wp-content/uploads/2022/08/PRICE-LIST-WATERSPORTS-KAGI.pdf
71,Kagi Maldives Resort and Spa,dive_prices,2020,outdated,,https://kagimaldives.com/wp-content/uploads/2022/08/PRICE-LIST-DIVING-KAGI-ENGLISH.pdf
71,Kagi Maldives Resort and Spa,excursions,2020,outdated,Y,http://blog.crownandchamparesorts.com/wp-content/uploads/2020/07/CCR_A_Safe_Holiday_Experience_07172020-min.pdf
71,Kagi Maldives Resort and Spa,factsheet,2026,current,Y,https://kagimaldives.com/wp-content/uploads/2026/07/FactSheetKagi110126103127Ver120726.pdf
71,Kagi Maldives Resort and Spa,factsheet,2026,current,,https://kagimaldives.com/wp-content/uploads/2025/06/FactSheetKagiMaldivesVer190625.pdf
71,Kagi Maldives Resort and Spa,factsheet,2026,current,,https://maldives.ru/doc/KagiFactSheet110126103127Rev150126.pdf
71,Kagi Maldives Resort and Spa,factsheet,2025,current,,https://kagimaldives.com/wp-content/uploads/2025/11/FactSheetKagi110125103126Ver190625.pdf
71,Kagi Maldives Resort and Spa,factsheet,2025,current,,https://kagimaldives.com/wp-content/uploads/2025/01/Kagi-Dive-Center-FactSheet-Jan2025.pdf
71,Kagi Maldives Resort and Spa,factsheet,2023,outdated,,https://sales.crownandchamparesorts.com/wp-content/uploads/2023/08/FactSheetKagi11012210312322Rev011122_compressed-1.pdf
71,Kagi Maldives Resort and Spa,factsheet,2020,outdated,,https://sales.crownandchamparesorts.com/wp-content/uploads/2020/04/FactSheetKagi110120103121Rev040120.pdf
71,Kagi Maldives Resort and Spa,map,2026,current,Y,https://kagimaldives.com/wp-content/uploads/2026/07/Kagi-Map.pdf
71,Kagi Maldives Resort and Spa,map,2025,current,,https://sales.crownandchamparesorts.com/wp-content/uploads/2025/08/Kagi_Map_Rev22082025.pdf
71,Kagi Maldives Resort and Spa,map,2025,current,,https://kagimaldives.com/wp-content/uploads/2025/12/IslandMapKagi10122025-min.pdf
71,Kagi Maldives Resort and Spa,map,2025,current,,https://kagimaldives.com/wp-content/uploads/2025/12/IslandMapKagi22082025-min.pdf
71,Kagi Maldives Resort and Spa,map,2025,current,,https://kagimaldives.com/wp-content/uploads/2025/11/Kagi_Map_Rev22082025.pdf
71,Kagi Maldives Resort and Spa,map,2024,outdated,,https://kagimaldives.com/wp-content/uploads/2024/06/KagiMap121123.pdf
71,Kagi Maldives Resort and Spa,map,2023,outdated,,https://sales.crownandchamparesorts.com/wp-content/uploads/2023/11/KagiMap121123.pdf
71,Kagi Maldives Resort and Spa,other,2025,current,Y,https://kagimaldives.com/wp-content/uploads/2025/03/Nonna_Food_Russian_210325.pdf
71,Kagi Maldives Resort and Spa,other,2020,outdated,,https://kagimaldives.com/wp-content/uploads/2021/01/KE-UN.pdf
71,Kagi Maldives Resort and Spa,other,2020,outdated,,https://kagimaldives.com/wp-content/uploads/2021/01/KAGIMAP.pdf
71,Kagi Maldives Resort and Spa,other,2020,outdated,,https://kagimaldives.com/wp-content/uploads/2020/12/Akuru-bahdhaluvun-work.pdf
71,Kagi Maldives Resort and Spa,other,2018,outdated,,https://sales.crownandchamparesorts.com/wp-content/uploads/2019/02/KagiInteriorDesigns.pdf
71,Kagi Maldives Resort and Spa,spa_menu,2025,current,Y,https://kagimaldives.com/wp-content/uploads/2026/05/BaaniSpaWellnessMenu_English_110125103126Ver150625.pdf
71,Kagi Maldives Resort and Spa,spa_menu,2025,current,,https://kagimaldives.com/wp-content/uploads/2025/12/BaaniSpaWellnessMenu_English_110125103126Ver150625-min.pdf
71,Kagi Maldives Resort and Spa,spa_menu,2024,outdated,,https://kagimaldives.com/wp-content/uploads/2024/11/Spa-Coner_Beverage_English_191124.pdf
71,Kagi Maldives Resort and Spa,spa_menu,2023,outdated,,https://kagimaldives.com/wp-content/uploads/2023/04/Spa-Corner-Lunch-Menu-Updated02042023.pdf
71,Kagi Maldives Resort and Spa,spa_menu,2023,outdated,,https://kagimaldives.com/wp-content/uploads/2023/02/KagiMaldivesSpaIslandSayWhenWellnessVer021123.pdf
71,Kagi Maldives Resort and Spa,spa_menu,2023,outdated,,https://kagimaldives.com/wp-content/uploads/2023/02/Say-When-Wellness-2.pdf
71,Kagi Maldives Resort and Spa,spa_menu,2023,outdated,,https://kagimaldives.com/wp-content/uploads/2023/01/BaaniSpa-A3-EN-WellnessMenu2023Revised.pdf
71,Kagi Maldives Resort and Spa,spa_menu,2023,outdated,,https://kagimaldives.com/wp-content/uploads/2023/01/SPA-Corner-Lunch-311222.pdf
71,Kagi Maldives Resort and Spa,spa_menu,2023,outdated,,https://kagimaldives.com/wp-content/uploads/2023/01/SPA-CORNER-BEVERAGE-311222.pdf
71,Kagi Maldives Resort and Spa,spa_menu,2022,outdated,,https://kagimaldives.com/wp-content/uploads/2022/12/BAANI_SPA_MENU_301122.pdf
71,Kagi Maldives Resort and Spa,spa_menu,2021,outdated,,https://kagimaldives.com/wp-content/uploads/2020/09/SPA-CORNER-FOOD-MENU.pdf
71,Kagi Maldives Resort and Spa,spa_menu,2021,outdated,,https://kagimaldives.com/wp-content/uploads/2020/09/KagiMaldives_BaaniSpa_YogaRetreatPackage_Ver260321.pdf
71,Kagi Maldives Resort and Spa,spa_menu,2021,outdated,,https://kagimaldives.com/wp-content/uploads/2020/09/KagiMaldives_BaaniSpa_PureLIfeRetreatPackage_Ver260321.pdf
71,Kagi Maldives Resort and Spa,spa_menu,2021,outdated,,https://kagimaldives.com/wp-content/uploads/2020/09/KagiMaldives_BaaniSpa_CouplesRetreatPackage_Ver260321.pdf
71,Kagi Maldives Resort and Spa,spa_menu,2021,outdated,,https://kagimaldives.com/wp-content/uploads/2020/09/KagiMaldives_BaaniSpa_YogaRetreatPackage_Ver200221.pdf
71,Kagi Maldives Resort and Spa,spa_menu,2021,outdated,,https://kagimaldives.com/wp-content/uploads/2020/09/KagiMaldives_BaaniSpa_PureLIfeRetreatPackage_Ver200221.pdf
71,Kagi Maldives Resort and Spa,spa_menu,2021,outdated,,https://kagimaldives.com/wp-content/uploads/2020/09/KagiMaldives_BaaniSpa_CouplesRetreatPackage_Ver200221.pdf
71,Kagi Maldives Resort and Spa,spa_menu,2020,outdated,,https://kagimaldives.com/wp-content/uploads/2021/01/SPA-CORNER.pdf
71,Kagi Maldives Resort and Spa,spa_menu,2020,outdated,,https://kagimaldives.com/wp-content/uploads/2021/01/Spa-beverage-menu.pdf
71,Kagi Maldives Resort and Spa,spa_menu,2020,outdated,,https://kagimaldives.com/wp-content/uploads/2021/01/KAGI_Purelife-and-luxury-Innovation_25Aug2020.pdf
71,Kagi Maldives Resort and Spa,spa_menu,2020,outdated,,https://kagimaldives.com/wp-content/uploads/2021/01/BaaniSpaInformation010520311020Ver030320.pdf
71,Kagi Maldives Resort and Spa,spa_menu,2019,outdated,,https://sales.crownandchamparesorts.com/wp-content/uploads/2020/01/KAGI_BaaniSpaMenu_16Dec2019.pdf
71,Kagi Maldives Resort and Spa,sustainability,2024,outdated,Y,https://kagimaldives.com/wp-content/uploads/2024/07/Kagi-Maldives-Sustainability-Report-2024-min.pdf
71,Kagi Maldives Resort and Spa,sustainability,2023,outdated,,https://heritancehotels.eme-devops.com/2025/01/Heritance-Hotels-Purchasing-and-supplier-Policy-V2-1.pdf
71,Kagi Maldives Resort and Spa,sustainability,2021,outdated,,https://investor.centarahotelsresorts.com/storage/download/cg-document/20210507-centel-sustainble-procurement-policy-en.pdf
71,Kagi Maldives Resort and Spa,villa_plans,2019,outdated,Y,https://sales.crownandchamparesorts.com/wp-content/uploads/2019/03/Kagi-beach-villa.pdf
71,Kagi Maldives Resort and Spa,villa_plans,2019,outdated,,https://sales.crownandchamparesorts.com/wp-content/uploads/2019/03/Kagi-water-villa.pdf
71,Kagi Maldives Resort and Spa,villa_plans,2018,outdated,,https://sales.crownandchamparesorts.com/wp-content/uploads/2019/03/A100B_Villa-Plans_110118s.pdf
71,Kagi Maldives Resort and Spa,wedding,2021,outdated,,https://kagimaldives.com/wp-content/uploads/2021/01/Kagi_PureRomanceProposals2021.pdf
71,Kagi Maldives Resort and Spa,wedding,2021,outdated,Y,https://kagimaldives.com/wp-content/uploads/2021/01/Kagi_PureRomanceWeddings2021.pdf
72,Embudhu Village,dining_menu,2025,current,,https://embuduvillage.eme-devops.com/2025/10/Snack-Menu-fm-1.11.22025.pdf
72,Embudhu Village,dining_menu,2025,current,Y,https://embuduvillage.eme-devops.com/2025/10/All-Sea-Food-Menus-from-1.11.-2025.pdf
72,Embudhu Village,factsheet,2023,outdated,Y,https://embuduvillage.eme-devops.com/2023/12/Embudu-Village-Fact-Sheet-2023.pdf
72,Embudhu Village,other,2006,outdated,Y,https://embuduvillage.eme-devops.com/2023/10/sample-1.pdf
72,Embudhu Village,spa_menu,2024,outdated,Y,https://embuduvillage.eme-devops.com/2024/01/spa-menu.pdf
72,Embudhu Village,sustainability,2025,current,Y,https://embuduvillage.eme-devops.com/2025/05/Annual-Sustainability-Assessment.pdf
72,Embudhu Village,villa_plans,2025,current,Y,https://embuduvillage.eme-devops.com/2025/05/Embudu-Village-Environmental-Policy.pdf
72,Embudhu Village,villa_plans,2024,outdated,,https://embuduvillage.eme-devops.com/2025/05/Embudu-Village-Resort-Travelife-Sustainability-Report.pdf
72,Embudhu Village,villa_plans,2024,outdated,,https://embuduvillage.eme-devops.com/2025/05/Sustainability-Policy-for-Embudu-Village-Resort.pdf
72,Embudhu Village,villa_plans,2024,outdated,,https://embuduvillage.eme-devops.com/2024/10/Embudu-Guest-Registration-Card-Interactive-2024.pdf
72,Embudhu Village,villa_plans,2024,outdated,,https://embuduvillage.eme-devops.com/2024/01/Embuduu-Village-Excusrsion-List.pdf
72,Embudhu Village,villa_plans,2023,outdated,,https://embuduvillage.eme-devops.com/2023/12/Embudu-Village-Excusrsion-List.pdf
72,Embudhu Village,villa_plans,2016,outdated,,https://embuduvillage.eme-devops.com/2025/05/Labour-and-human-rights-legislation.pdf
72,Embudhu Village,wedding,2026,current,Y,https://embuduvillage.eme-devops.com/2026/04/Simple-Wedding-Package.pdf
72,Embudhu Village,wedding,2026,current,,https://embuduvillage.eme-devops.com/2026/04/Embudu-wedding-Package.pdf
73,Summer Island Maldives,all_inclusive,2023,outdated,Y,https://www.summerislandmaldives.com/wp-content/uploads/2023/04/SIM-All_Inclusive_list.pdf
73,Summer Island Maldives,calendar,2023,outdated,Y,https://www.summerislandmaldives.com/blog/wp-content/uploads/sites/2/2023/12/Summer-Island-Maldives-Festive-Program-2023.pdf
73,Summer Island Maldives,dining_menu,2023,outdated,,https://www.summerislandmaldives.com/wp-content/uploads/2023/06/Summer-Island-Maldives-Snack-Menu-1.pdf
73,Summer Island Maldives,dining_menu,2023,outdated,Y,https://www.summerislandmaldives.com/wp-content/uploads/2023/06/Summer-Cocktail-List.pdf
73,Summer Island Maldives,dining_menu,2023,outdated,,https://www.summerislandmaldives.com/wp-content/uploads/2023/06/Sunrise-Breakfast.pdf
73,Summer Island Maldives,dining_menu,2023,outdated,,https://www.summerislandmaldives.com/wp-content/uploads/2023/06/Summer-Excursions-menu.pdf
73,Summer Island Maldives,dining_menu,2023,outdated,,https://www.summerislandmaldives.com/wp-content/uploads/2023/06/Summer-Island-Wine-Menu.pdf
73,Summer Island Maldives,dive_prices,2023,outdated,,https://www.summerislandmaldives.com/wp-content/uploads/2023/06/Summer-Watersports-2023.pdf
73,Summer Island Maldives,dive_prices,2023,outdated,Y,https://www.summerislandmaldives.com/wp-content/uploads/2023/06/Summer-Island-Maldives-Price-List-for-Diverland-Maldives.pdf
73,Summer Island Maldives,factsheet,2026,current,Y,https://www.summerislandmaldives.com/wp-content/uploads/2026/04/Summer-Island-Maldives-Fact-Sheet-2026-04.pdf
73,Summer Island Maldives,factsheet,2026,current,,https://maldives.ru/doc/static/Summer%20Island%20Maldives%20Fact%20Sheet%202026%20-%20Russian.pdf
73,Summer Island Maldives,factsheet,2018,outdated,,https://www.summerislandmaldives.com/wp-content/uploads/2023/06/Summer-Island-Maldives-Fact-Sheet.pdf
73,Summer Island Maldives,map,2025,current,Y,https://maldives.ru/doc/static/Summer%20Island%20Maldives%20Map.pdf
73,Summer Island Maldives,other,2023,outdated,Y,https://www.summerislandmaldives.com/wp-content/uploads/2023/06/Summer-Island-Maldives-Coffee-_-Mocktail-List.pdf
73,Summer Island Maldives,press_kit,2023,outdated,Y,https://www.summerislandmaldives.com/wp-content/uploads/2023/05/Udana-Mocktail.pdf
73,Summer Island Maldives,press_kit,2023,outdated,,https://www.summerislandmaldives.com/wp-content/uploads/2023/05/Sajith-Mocktail.pdf
73,Summer Island Maldives,spa_menu,2023,outdated,Y,https://www.summerislandmaldives.com/wp-content/uploads/2023/06/Serena-Spa-Menu-English.pdf
73,Summer Island Maldives,spa_menu,2020,outdated,,https://www.summerislandmaldives.com/wp-content/uploads/2022/06/Firumaa-by-Serena-Spa.pdf
73,Summer Island Maldives,villa_plans,2023,outdated,Y,https://www.summerislandmaldives.com/wp-content/uploads/2023/06/InVilla_pg2.pdf
74,Kandolhu Island Maldives,all_inclusive,2025,current,Y,https://www.kandolhu.com/wp-content/uploads/2026/08/Austrian-Magazine-AVIDA-2025-Kandolhu.pdf
74,Kandolhu Island Maldives,all_inclusive,2015,outdated,,https://www.kandolhu.com/wp-content/uploads/2026/08/Culinary-Symphony-Chef-Guillaume-Goupils-Collaboration-with-Kandolhu.pdf
74,Kandolhu Island Maldives,all_inclusive,2015,outdated,,https://www.kandolhu.com/wp-content/uploads/2026/08/Kandolhu-Maldives-–-Ultimate-Inclusions.pdf
74,Kandolhu Island Maldives,all_inclusive,2015,outdated,,https://www.kandolhu.com/wp-content/uploads/2026/08/Kandolhu-Maldives-Intimate-Island-genuine-service.pdf
74,Kandolhu Island Maldives,calendar,2026,current,,https://www.kandolhu.com/wp-content/uploads/2026/08/Kandolhu-Festive-Brochure-_Digital.pdf
74,Kandolhu Island Maldives,calendar,2026,current,,https://www.kandolhu.com/wp-content/uploads/2026/09/Kandolhu-Festive-Brochure-2026.pdf
74,Kandolhu Island Maldives,calendar,2026,current,Y,https://www.kandolhu.com/wp-content/uploads/2026/08/Kandolhu-Festive-Brochure-_Digital-2026.pdf
74,Kandolhu Island Maldives,calendar,2026,current,,https://www.kandolhu.com/wp-content/uploads/2026/08/Kandolhu-Maldives-Announces-Magical-Festive-Season-Programme.pdf
74,Kandolhu Island Maldives,destination_dining,2026,current,Y,https://www.kandolhu.com/wp-content/uploads/2026/10/Kandolhu-Private-Dining-Poster.pdf
74,Kandolhu Island Maldives,destination_dining,2025,current,,https://www.kandolhu.com/wp-content/uploads/2026/08/Kandolhu-Private-Dining-Poster-1.pdf
74,Kandolhu Island Maldives,destination_dining,2025,current,,https://www.kandolhu.com/wp-content/uploads/2026/08/Kandolhu-floating-breakfast-1-1.pdf
74,Kandolhu Island Maldives,dining_menu,2026,current,,https://www.kandolhu.com/wp-content/uploads/2026/07/Ata-Roa-Menu-Sep26.pdf
74,Kandolhu Island Maldives,dining_menu,2026,current,,https://www.kandolhu.com/wp-content/uploads/2026/07/KDD-Ata-Roa-Menu.pdf
74,Kandolhu Island Maldives,dining_menu,2026,current,Y,https://www.kandolhu.com/wp-content/uploads/2026/08/VILU-BAR-MENU.pdf
74,Kandolhu Island Maldives,dining_menu,2026,current,,https://www.kandolhu.com/wp-content/uploads/2026/08/The-Market-Menu-2026.pdf
74,Kandolhu Island Maldives,dining_menu,2026,current,,https://www.kandolhu.com/wp-content/uploads/2026/08/VILU-BAR-MENU-2026.pdf
74,Kandolhu Island Maldives,dining_menu,2026,current,,https://www.kandolhu.com/wp-content/uploads/2026/08/The-Market-Breakfast-Menu-2026.pdf
74,Kandolhu Island Maldives,dining_menu,2026,current,,https://www.kandolhu.com/wp-content/uploads/2026/08/Sea-Grill-Menu.pdf
74,Kandolhu Island Maldives,dining_menu,2026,current,,https://www.kandolhu.com/wp-content/uploads/2026/08/Kandolhu-Maldives-Announces-Exclusive-Chef-Collaboration-with-German-Chef-Pascal-Oudotte-in-March-2026.pdf
74,Kandolhu Island Maldives,dining_menu,2025,current,,https://www.kandolhu.com/wp-content/uploads/2026/08/Chef-Benjamin-Peifer-updated.pdf
74,Kandolhu Island Maldives,dining_menu,2025,current,,https://www.kandolhu.com/wp-content/uploads/2026/08/Kandolhu-In-Villa-Dining-Menu.pdf
74,Kandolhu Island Maldives,dining_menu,2025,current,,https://www.kandolhu.com/wp-content/uploads/2026/08/Kandolhu-The-Market-Menu-Lunch-Dinner.pdf
74,Kandolhu Island Maldives,dining_menu,2025,current,,https://www.kandolhu.com/wp-content/uploads/2026/08/Kandolhu-Banzai-Menu.pdf
74,Kandolhu Island Maldives,dining_menu,2025,current,,https://www.kandolhu.com/wp-content/uploads/2026/08/Kandolhu-Ata-Roa-Menu.pdf
74,Kandolhu Island Maldives,dining_menu,2025,current,,https://www.kandolhu.com/wp-content/uploads/2026/08/Chef-Benjamin-Peifer.pdf
74,Kandolhu Island Maldives,dining_menu,2024,outdated,,https://www.kandolhu.com/wp-content/uploads/2026/08/Chef-Fabrizio-Zanetti-updated-2.pdf
74,Kandolhu Island Maldives,dining_menu,2024,outdated,,https://www.kandolhu.com/wp-content/uploads/2026/08/Chef_Fabrizio-Zanetti.pdf
74,Kandolhu Island Maldives,dining_menu,2024,outdated,,https://www.kandolhu.com/wp-content/uploads/2026/08/Culinary-Fusion-Extravaganza-Kandolhu-Welcomes-Chef-Begona-Rodrigo.pdf
74,Kandolhu Island Maldives,dining_menu,2023,outdated,,https://www.kandolhu.com/wp-content/uploads/2026/08/Kandolhu-Maldives-Chef-Joe-Barza-A-Week-of-Culinary-Enchantment.pdf
74,Kandolhu Island Maldives,dining_menu,2022,outdated,,https://www.kandolhu.com/wp-content/uploads/2026/08/Olive-Menu-Final-v2.pdf
74,Kandolhu Island Maldives,dining_menu,2022,outdated,,https://www.kandolhu.com/wp-content/uploads/2026/08/Olive-Menu.pdf
74,Kandolhu Island Maldives,dining_menu,2015,outdated,,https://www.kandolhu.com/wp-content/uploads/2026/08/Savouring-Success-A-Culinary-Extravaganza-with-Chef-Yoni-Saada-at-Kandolhu-Maldives-v2.pdf
74,Kandolhu Island Maldives,dining_menu,2015,outdated,,https://www.kandolhu.com/wp-content/uploads/2026/08/Discover-Dhivehi-Cuisine-at-Kandolhu-Maldives.pdf
74,Kandolhu Island Maldives,dining_menu,2015,outdated,,https://www.kandolhu.com/wp-content/uploads/2026/08/Kandolhu-Maldives-tops-even-further-their-highest-restaurant-to-room-ratio-with-new-outlet-Ata-Roa.pdf
74,Kandolhu Island Maldives,dive_map,2023,outdated,Y,https://www.kandolhu.com/wp-content/uploads/2026/08/Dive-Sites-Marine-Life.pdf
74,Kandolhu Island Maldives,dive_prices,2025,current,,https://www.kandolhu.com/wp-content/uploads/2026/08/Water-Sports-Excursions-Price-List-1.pdf
74,Kandolhu Island Maldives,dive_prices,2025,current,Y,https://www.kandolhu.com/wp-content/uploads/2026/08/Water-Sports-Brochure.pdf
74,Kandolhu Island Maldives,dive_prices,2025,current,,https://www.kandolhu.com/wp-content/uploads/2026/08/Kandolhu-Maldives-Diving-Price-list.pdf
74,Kandolhu Island Maldives,dive_prices,2023,outdated,,https://www.kandolhu.com/wp-content/uploads/2026/07/Diving-FAQs.pdf
74,Kandolhu Island Maldives,dive_prices,2017,outdated,,https://www.kandolhu.com/wp-content/uploads/2026/08/Oh-La-La-Magazine-January-2017.pdf
74,Kandolhu Island Maldives,events,2026,current,Y,https://www.kandolhu.com/wp-content/uploads/2026/09/Kandolhu-Corporate-social-responsibility-policy-updated.pdf
74,Kandolhu Island Maldives,events,2026,current,,https://www.kandolhu.com/wp-content/uploads/2026/09/Kandolhu_Maldives_Corporate-Social-Responsibility-Policy.pdf
74,Kandolhu Island Maldives,excursions,2015,outdated,Y,https://www.kandolhu.com/wp-content/uploads/2026/08/Immersive-Experiences-in-Kandolhu-Maldives.pdf
74,Kandolhu Island Maldives,factsheet,2019,outdated,Y,https://www.neoscapesmaldives.com/wp-content/uploads/kandolhu-maldives-factsheet.pdf
74,Kandolhu Island Maldives,factsheet,2015,outdated,,https://www.kandolhu.com/wp-content/uploads/2026/08/Kandolhu_Factsheet.pdf
74,Kandolhu Island Maldives,kids,2026,current,Y,https://www.kandolhu.com/wp-content/uploads/2026/09/Kandolhu_Maldives_Child-protection-policy.pdf
74,Kandolhu Island Maldives,kids,2020,outdated,,https://www.kandolhu.com/wp-content/uploads/2026/09/Kandolhu-Child-Protection-policy-updated.pdf
74,Kandolhu Island Maldives,map,2025,current,Y,https://www.kandolhu.com/wp-content/uploads/2026/09/Kandolhu-Meal-Plan-Flyer.pdf
74,Kandolhu Island Maldives,map,2025,current,,https://maldives.ru/doc/Kandolhu%20Maldives%20Island%20Map.pdf
74,Kandolhu Island Maldives,map,2019,outdated,,https://www.neoscapesmaldives.com/wp-content/uploads/kandolhu-maldives-resort-map-may-2019.pdf
74,Kandolhu Island Maldives,other,2025,current,Y,https://www.kandolhu.com/wp-content/uploads/2026/08/TAUCHEN-MAGAZINE-2025-.pdf
74,Kandolhu Island Maldives,other,2023,outdated,,https://www.kandolhu.com/wp-content/uploads/2026/08/VON-Magazine-–-December-2023.pdf
74,Kandolhu Island Maldives,other,2018,outdated,,https://www.kandolhu.com/wp-content/uploads/2026/08/Sunday-Times-Travel-Magazine-January-2018.pdf
74,Kandolhu Island Maldives,other,2017,outdated,,https://www.kandolhu.com/wp-content/uploads/2026/08/TwentyFour-November-2017.pdf
74,Kandolhu Island Maldives,press_kit,2025,current,Y,https://www.kandolhu.com/wp-content/uploads/2026/08/Kandolhu-Maldives-Among-Top-Indian-Ocean-Resorts-in-Conde-Nast-Travelers-2025-Readers-Choice-Awards-.pdf
74,Kandolhu Island Maldives,press_kit,2024,outdated,,https://www.kandolhu.com/wp-content/uploads/2026/08/Savoir-Vivre-2024.pdf
74,Kandolhu Island Maldives,press_kit,2018,outdated,,https://www.kandolhu.com/wp-content/uploads/2026/08/Red-Magazine-June-2018.pdf
74,Kandolhu Island Maldives,press_kit,2015,outdated,,https://www.kandolhu.com/wp-content/uploads/2026/08/Kandolhu-Maldives-Wins-Big-on-TripAdvisor-4-Top-Hotel-in-the-World.pdf
74,Kandolhu Island Maldives,spa_menu,2025,current,Y,https://www.kandolhu.com/wp-content/uploads/2026/08/Spa-Menu.pdf
74,Kandolhu Island Maldives,spa_menu,2023,outdated,,https://www.kandolhu.com/wp-content/uploads/2026/08/Varu_Spa_Pricelist.pdf
74,Kandolhu Island Maldives,spa_menu,2015,outdated,,https://www.kandolhu.com/wp-content/uploads/2026/08/Rest-and-Reset-at-Varu-Spa-on-Kandolhu-Maldives.pdf
74,Kandolhu Island Maldives,sustainability,2026,current,,https://www.kandolhu.com/wp-content/uploads/2026/09/Kandolhu-Public-Sustainability-Statement-updated.pdf
74,Kandolhu Island Maldives,sustainability,2026,current,,https://www.kandolhu.com/wp-content/uploads/2026/09/Kandolhu-Harrassment-and-Discrimination-policy-updated.pdf
74,Kandolhu Island Maldives,sustainability,2026,current,,https://www.kandolhu.com/wp-content/uploads/2026/09/Kandolhu-Environment-policy-updated.pdf
74,Kandolhu Island Maldives,sustainability,2026,current,,https://www.kandolhu.com/wp-content/uploads/2026/09/Kandolhu-Equal-Opportunity-policy-updated.pdf
74,Kandolhu Island Maldives,sustainability,2026,current,Y,https://www.kandolhu.com/wp-content/uploads/2026/09/Kandolhu-Responsible-Guest-Guide.pdf
74,Kandolhu Island Maldives,sustainability,2026,current,,https://www.kandolhu.com/wp-content/uploads/2026/09/Kandolhu_Maldives_Harassment-and-discrimination-policy.pdf
74,Kandolhu Island Maldives,sustainability,2026,current,,https://www.kandolhu.com/wp-content/uploads/2026/09/Kandolhu_Responsible_Guest_Guide_Flyer.pdf
74,Kandolhu Island Maldives,sustainability,2026,current,,https://www.kandolhu.com/wp-content/uploads/2026/09/Kandolhu_Maldives_Public-Sustainability-Statement.pdf
74,Kandolhu Island Maldives,sustainability,2026,current,,https://www.kandolhu.com/wp-content/uploads/2026/09/Kandolhu_Maldives_Equal-Opportunity-policy.pdf
74,Kandolhu Island Maldives,sustainability,2026,current,,https://www.kandolhu.com/wp-content/uploads/2026/09/Kandolhu_Maldives_Environment-Policy.pdf
74,Kandolhu Island Maldives,sustainability,2022,outdated,,https://www.kandolhu.com/wp-content/uploads/2026/08/FOGS-green_style_magazine.pdf
74,Kandolhu Island Maldives,villa_plans,2017,outdated,Y,https://www.kandolhu.com/wp-content/uploads/2026/08/Hey-Gents-Magazine-April-2017.pdf
74,Kandolhu Island Maldives,villa_plans,2015,outdated,,https://www.kandolhu.com/wp-content/uploads/2026/08/Kandolhu-Maldives-Unveils-Newly-Refurbished-Deluxe-Ocean-Pool-Villas.pdf
74,Kandolhu Island Maldives,wedding,2025,current,Y,https://www.kandolhu.com/wp-content/uploads/2026/08/Kandolhu-Renewal-of-Vows.pdf
74,Kandolhu Island Maldives,wedding,2017,outdated,,https://www.kandolhu.com/wp-content/uploads/2026/08/Brides-November-2017.pdf
74,Kandolhu Island Maldives,wedding,2017,outdated,,https://www.kandolhu.com/wp-content/uploads/2026/08/Perfect-Wedding-November-2017.pdf
74,Kandolhu Island Maldives,wedding,2015,outdated,,https://www.kandolhu.com/wp-content/uploads/2026/08/Kandolhu-Maldives-–-One-of-the-Top-Romantic-Resorts-in-the-World.pdf
75,Kandima Maldives,brochure,2026,current,Y,https://d7h9v39iheghu.cloudfront.net/previews/7837a234-9635-4da8-b132-476aacd9b4c1/e8815e61-7ac8-4f7b-88f1-4aad63213494/7ea6dde9-fb4c-4648-91a7-77b325f08809?Policy=eyJTdGF0ZW1lbnQiOiBbeyJSZXNvdXJjZSI6Imh0dHBzOi8vZDdoOXYzOWloZWdodS5jbG91ZGZyb250Lm5ldC9wcmV2aWV3cy83ODM3YTIzNC05NjM1LTRkYTgtYjEzMi00NzZhYWNkOWI0YzEqIiwiQ29uZGl0aW9uIjp7IkRhdGVMZXNzVGhhbiI6eyJBV1M6RXBvY2hUaW1lIjoxNzkzNjg0MDEwfX19XX0_&Signature=0NCrDHEtg~3Ag4tUAPQa6ilJ6cyZ~w4zVuMSD7cG~r-mqETwrHjP~ymbFvuB7vZlbnPnlWCA1ED5pRAzfLnrljg2GzmBKzehdZ5pgyEdg2DhUh1PdoH9P3mOCEtIvAjK8OJMABLlrsk9l-sKHGYMa1a1Cwv28E-vbs9wjG1faMxEGG67VKe8YrbKJea-zq31p-n-SwDxEgYcBaFhSoyAOtk-LQQh4YnbO4e3Mh1O3qhd1CUPoi~QB1~gR8sul5CK0VJQczSIV5ZAIetLpT6YzKJjTsyOlpvwM1Ndaf6IhiW6ocfSJj45JPk5h8YsmO05fa9p1P7DalJRXVD6AH0o6g__&Key-Pair-Id=APKAJXJN6VNR3OLZJXJA
75,Kandima Maldives,brochure,2024,outdated,,https://d7h9v39iheghu.cloudfront.net/previews/7837a234-9635-4da8-b132-476aacd9b4c1/6a6f4d3d-e1ff-4ba4-96c4-72551079a05d/6a6f4d3d-e1ff-4ba4-96c4-72551079a05d?Policy=eyJTdGF0ZW1lbnQiOiBbeyJSZXNvdXJjZSI6Imh0dHBzOi8vZDdoOXYzOWloZWdodS5jbG91ZGZyb250Lm5ldC9wcmV2aWV3cy83ODM3YTIzNC05NjM1LTRkYTgtYjEzMi00NzZhYWNkOWI0YzEqIiwiQ29uZGl0aW9uIjp7IkRhdGVMZXNzVGhhbiI6eyJBV1M6RXBvY2hUaW1lIjoxNzkzNjg0MDEwfX19XX0_&Signature=0NCrDHEtg~3Ag4tUAPQa6ilJ6cyZ~w4zVuMSD7cG~r-mqETwrHjP~ymbFvuB7vZlbnPnlWCA1ED5pRAzfLnrljg2GzmBKzehdZ5pgyEdg2DhUh1PdoH9P3mOCEtIvAjK8OJMABLlrsk9l-sKHGYMa1a1Cwv28E-vbs9wjG1faMxEGG67VKe8YrbKJea-zq31p-n-SwDxEgYcBaFhSoyAOtk-LQQh4YnbO4e3Mh1O3qhd1CUPoi~QB1~gR8sul5CK0VJQczSIV5ZAIetLpT6YzKJjTsyOlpvwM1Ndaf6IhiW6ocfSJj45JPk5h8YsmO05fa9p1P7DalJRXVD6AH0o6g__&Key-Pair-Id=APKAJXJN6VNR3OLZJXJA
75,Kandima Maldives,brochure,2022,outdated,,https://d7h9v39iheghu.cloudfront.net/previews/7837a234-9635-4da8-b132-476aacd9b4c1/9a08e197-332f-4503-9475-e2aec18b6ccb/9a08e197-332f-4503-9475-e2aec18b6ccb?Policy=eyJTdGF0ZW1lbnQiOiBbeyJSZXNvdXJjZSI6Imh0dHBzOi8vZDdoOXYzOWloZWdodS5jbG91ZGZyb250Lm5ldC9wcmV2aWV3cy83ODM3YTIzNC05NjM1LTRkYTgtYjEzMi00NzZhYWNkOWI0YzEqIiwiQ29uZGl0aW9uIjp7IkRhdGVMZXNzVGhhbiI6eyJBV1M6RXBvY2hUaW1lIjoxNzkzNjg0MDEwfX19XX0_&Signature=0NCrDHEtg~3Ag4tUAPQa6ilJ6cyZ~w4zVuMSD7cG~r-mqETwrHjP~ymbFvuB7vZlbnPnlWCA1ED5pRAzfLnrljg2GzmBKzehdZ5pgyEdg2DhUh1PdoH9P3mOCEtIvAjK8OJMABLlrsk9l-sKHGYMa1a1Cwv28E-vbs9wjG1faMxEGG67VKe8YrbKJea-zq31p-n-SwDxEgYcBaFhSoyAOtk-LQQh4YnbO4e3Mh1O3qhd1CUPoi~QB1~gR8sul5CK0VJQczSIV5ZAIetLpT6YzKJjTsyOlpvwM1Ndaf6IhiW6ocfSJj45JPk5h8YsmO05fa9p1P7DalJRXVD6AH0o6g__&Key-Pair-Id=APKAJXJN6VNR3OLZJXJA
75,Kandima Maldives,calendar,2024,outdated,Y,https://kandima.com/images/News/2023/Kandima-dec.pdf
75,Kandima Maldives,calendar,2023,outdated,,https://letsgomaldives.com/wp-content/uploads/2023/11/Holoworld_2023_Kandima_Maldives_Festive_Brochure.pdf
75,Kandima Maldives,calendar,2023,outdated,,https://kandima.com/images/News/Festive_2023_Press_Release.pdf
75,Kandima Maldives,calendar,2023,outdated,,https://kandima.com/images//News/2023/Easter_at_Kandima_-_Press_Release_General.pdf
75,Kandima Maldives,dining_menu,2026,current,Y,https://d7h9v39iheghu.cloudfront.net/previews/7837a234-9635-4da8-b132-476aacd9b4c1/84e465ab-4226-4c7d-b4fd-780347f67f94/84e465ab-4226-4c7d-b4fd-780347f67f94?Policy=eyJTdGF0ZW1lbnQiOiBbeyJSZXNvdXJjZSI6Imh0dHBzOi8vZDdoOXYzOWloZWdodS5jbG91ZGZyb250Lm5ldC9wcmV2aWV3cy83ODM3YTIzNC05NjM1LTRkYTgtYjEzMi00NzZhYWNkOWI0YzEqIiwiQ29uZGl0aW9uIjp7IkRhdGVMZXNzVGhhbiI6eyJBV1M6RXBvY2hUaW1lIjoxNzkzNjg0MDEwfX19XX0_&Signature=0NCrDHEtg~3Ag4tUAPQa6ilJ6cyZ~w4zVuMSD7cG~r-mqETwrHjP~ymbFvuB7vZlbnPnlWCA1ED5pRAzfLnrljg2GzmBKzehdZ5pgyEdg2DhUh1PdoH9P3mOCEtIvAjK8OJMABLlrsk9l-sKHGYMa1a1Cwv28E-vbs9wjG1faMxEGG67VKe8YrbKJea-zq31p-n-SwDxEgYcBaFhSoyAOtk-LQQh4YnbO4e3Mh1O3qhd1CUPoi~QB1~gR8sul5CK0VJQczSIV5ZAIetLpT6YzKJjTsyOlpvwM1Ndaf6IhiW6ocfSJj45JPk5h8YsmO05fa9p1P7DalJRXVD6AH0o6g__&Key-Pair-Id=APKAJXJN6VNR3OLZJXJA
75,Kandima Maldives,excursions,2023,outdated,Y,https://kandima.com/images/News/2023/julyVersion.pdf
75,Kandima Maldives,factsheet,2025,current,Y,https://d7h9v39iheghu.cloudfront.net/previews/7837a234-9635-4da8-b132-476aacd9b4c1/08d5fb4a-3c75-4f03-9593-362d00c15bcf/e2bbc463-d094-42fa-b480-fd9cdbb53f46?Policy=eyJTdGF0ZW1lbnQiOiBbeyJSZXNvdXJjZSI6Imh0dHBzOi8vZDdoOXYzOWloZWdodS5jbG91ZGZyb250Lm5ldC9wcmV2aWV3cy83ODM3YTIzNC05NjM1LTRkYTgtYjEzMi00NzZhYWNkOWI0YzEqIiwiQ29uZGl0aW9uIjp7IkRhdGVMZXNzVGhhbiI6eyJBV1M6RXBvY2hUaW1lIjoxNzkzNjg0MDEwfX19XX0_&Signature=0NCrDHEtg~3Ag4tUAPQa6ilJ6cyZ~w4zVuMSD7cG~r-mqETwrHjP~ymbFvuB7vZlbnPnlWCA1ED5pRAzfLnrljg2GzmBKzehdZ5pgyEdg2DhUh1PdoH9P3mOCEtIvAjK8OJMABLlrsk9l-sKHGYMa1a1Cwv28E-vbs9wjG1faMxEGG67VKe8YrbKJea-zq31p-n-SwDxEgYcBaFhSoyAOtk-LQQh4YnbO4e3Mh1O3qhd1CUPoi~QB1~gR8sul5CK0VJQczSIV5ZAIetLpT6YzKJjTsyOlpvwM1Ndaf6IhiW6ocfSJj45JPk5h8YsmO05fa9p1P7DalJRXVD6AH0o6g__&Key-Pair-Id=APKAJXJN6VNR3OLZJXJA
75,Kandima Maldives,factsheet,2024,outdated,,https://d7h9v39iheghu.cloudfront.net/previews/7837a234-9635-4da8-b132-476aacd9b4c1/1fdf46df-b819-4df6-a051-20665328e2ce/1fdf46df-b819-4df6-a051-20665328e2ce?Policy=eyJTdGF0ZW1lbnQiOiBbeyJSZXNvdXJjZSI6Imh0dHBzOi8vZDdoOXYzOWloZWdodS5jbG91ZGZyb250Lm5ldC9wcmV2aWV3cy83ODM3YTIzNC05NjM1LTRkYTgtYjEzMi00NzZhYWNkOWI0YzEqIiwiQ29uZGl0aW9uIjp7IkRhdGVMZXNzVGhhbiI6eyJBV1M6RXBvY2hUaW1lIjoxNzkzNjg0MDEwfX19XX0_&Signature=0NCrDHEtg~3Ag4tUAPQa6ilJ6cyZ~w4zVuMSD7cG~r-mqETwrHjP~ymbFvuB7vZlbnPnlWCA1ED5pRAzfLnrljg2GzmBKzehdZ5pgyEdg2DhUh1PdoH9P3mOCEtIvAjK8OJMABLlrsk9l-sKHGYMa1a1Cwv28E-vbs9wjG1faMxEGG67VKe8YrbKJea-zq31p-n-SwDxEgYcBaFhSoyAOtk-LQQh4YnbO4e3Mh1O3qhd1CUPoi~QB1~gR8sul5CK0VJQczSIV5ZAIetLpT6YzKJjTsyOlpvwM1Ndaf6IhiW6ocfSJj45JPk5h8YsmO05fa9p1P7DalJRXVD6AH0o6g__&Key-Pair-Id=APKAJXJN6VNR3OLZJXJA
75,Kandima Maldives,factsheet,2019,outdated,,https://www.neoscapesmaldives.com/wp-content/uploads/Kandima-Maldives-Resort-Factsheet.pdf
75,Kandima Maldives,factsheet,2016,outdated,,http://www.kandima.com/images/images/villas/factsheets/Beach-Sky-Family-Studios-Factsheet.pdf
75,Kandima Maldives,kids,2024,outdated,Y,https://kandima.com/images/News/2024/The%20Independent.pdf
75,Kandima Maldives,kids,2023,outdated,,https://kandima.com/images/News/2023/Ederson_Moraes_at_Kandima_Maldives.pdf
75,Kandima Maldives,map,2025,current,Y,https://d7h9v39iheghu.cloudfront.net/previews/7837a234-9635-4da8-b132-476aacd9b4c1/dac5aa8a-1fc5-4557-b1fe-7c350a0161e2/ccc5bed4-e045-45a7-91d2-13c6c2e3e3b5?Policy=eyJTdGF0ZW1lbnQiOiBbeyJSZXNvdXJjZSI6Imh0dHBzOi8vZDdoOXYzOWloZWdodS5jbG91ZGZyb250Lm5ldC9wcmV2aWV3cy83ODM3YTIzNC05NjM1LTRkYTgtYjEzMi00NzZhYWNkOWI0YzEqIiwiQ29uZGl0aW9uIjp7IkRhdGVMZXNzVGhhbiI6eyJBV1M6RXBvY2hUaW1lIjoxNzkzNjg0MDEwfX19XX0_&Signature=0NCrDHEtg~3Ag4tUAPQa6ilJ6cyZ~w4zVuMSD7cG~r-mqETwrHjP~ymbFvuB7vZlbnPnlWCA1ED5pRAzfLnrljg2GzmBKzehdZ5pgyEdg2DhUh1PdoH9P3mOCEtIvAjK8OJMABLlrsk9l-sKHGYMa1a1Cwv28E-vbs9wjG1faMxEGG67VKe8YrbKJea-zq31p-n-SwDxEgYcBaFhSoyAOtk-LQQh4YnbO4e3Mh1O3qhd1CUPoi~QB1~gR8sul5CK0VJQczSIV5ZAIetLpT6YzKJjTsyOlpvwM1Ndaf6IhiW6ocfSJj45JPk5h8YsmO05fa9p1P7DalJRXVD6AH0o6g__&Key-Pair-Id=APKAJXJN6VNR3OLZJXJA
75,Kandima Maldives,map,2023,outdated,,https://kandima.com/images/images/banners/map%20with%20the%20app%20QR%20code%20Dec%202023.pdf
75,Kandima Maldives,map,2019,outdated,,https://www.neoscapesmaldives.com/wp-content/uploads/Kandima-Maldives-Resort-map.pdf
75,Kandima Maldives,other,2024,outdated,,https://kandima.com/images/News/2024/April/TTG%20UK.pdf
75,Kandima Maldives,other,2024,outdated,Y,https://kandima.com/images/News/2024/April/Head%20Topics%20UK.pdf
75,Kandima Maldives,other,2024,outdated,,https://kandima.com/images/News/2024/NDTV%20Swirlster.pdf
75,Kandima Maldives,other,2024,outdated,,https://kandima.com/images/News/2024/April/Prestige-Travel.ch%20DACH.pdf
75,Kandima Maldives,other,2024,outdated,,https://kandima.com/images/News/2024/April/The%20Herald%20UK.pdf
75,Kandima Maldives,other,2024,outdated,,https://kandima.com/images/News/2024/April/ittn.ie%20UK.pdf
75,Kandima Maldives,other,2024,outdated,,https://kandima.com/images/News/2024/April/Executive%20Bulletin%20GCC%202.pdf
75,Kandima Maldives,other,2024,outdated,,https://kandima.com/images/News/2024/April/Fabian%20Media%20India.pdf
75,Kandima Maldives,other,2024,outdated,,https://kandima.com/images/News/2024/April/Global%20Travel%20Media%20UK.pdf
75,Kandima Maldives,other,2024,outdated,,https://kandima.com/images/News/2024/April/Blackpool%20Gazette%20UK.pdf
75,Kandima Maldives,other,2024,outdated,,https://kandima.com/images/News/2024/Glamour.pdf
75,Kandima Maldives,other,2024,outdated,,https://kandima.com/images/News/2024/April/Western%20Cooperative%20Company%20UK.pdf
75,Kandima Maldives,other,2024,outdated,,https://kandima.com/images/News/2024/April/Hotelier%20Maldives%20UK.pdf
75,Kandima Maldives,other,2024,outdated,,https://kandima.com/images/News/2024/April/Travel%20and%20Tour%20World%20India.pdf
75,Kandima Maldives,other,2024,outdated,,https://kandima.com/images/News/2024/April/Travel%20Dreams%20Magazine%20UK%202.pdf
75,Kandima Maldives,other,2024,outdated,,https://kandima.com/images/News/2024/April/Travel%20And%20Tour%20World%20GCC.pdf
75,Kandima Maldives,other,2024,outdated,,https://kandima.com/images/News/2024/April/The%20Evening%20Leader%20UK.pdf
75,Kandima Maldives,other,2024,outdated,,https://kandima.com/images/News/2024/April/OK%20Magazine%20UK.pdf
75,Kandima Maldives,other,2024,outdated,,https://kandima.com/images/News/2024/April/AOL.com%20UK.pdf
75,Kandima Maldives,other,2017,outdated,,https://d7h9v39iheghu.cloudfront.net/previews/7837a234-9635-4da8-b132-476aacd9b4c1/460b8dd2-6638-4c85-93b3-790d22a2b9e0/460b8dd2-6638-4c85-93b3-790d22a2b9e0?Policy=eyJTdGF0ZW1lbnQiOiBbeyJSZXNvdXJjZSI6Imh0dHBzOi8vZDdoOXYzOWloZWdodS5jbG91ZGZyb250Lm5ldC9wcmV2aWV3cy83ODM3YTIzNC05NjM1LTRkYTgtYjEzMi00NzZhYWNkOWI0YzEqIiwiQ29uZGl0aW9uIjp7IkRhdGVMZXNzVGhhbiI6eyJBV1M6RXBvY2hUaW1lIjoxNzkzNjg0MDEwfX19XX0_&Signature=0NCrDHEtg~3Ag4tUAPQa6ilJ6cyZ~w4zVuMSD7cG~r-mqETwrHjP~ymbFvuB7vZlbnPnlWCA1ED5pRAzfLnrljg2GzmBKzehdZ5pgyEdg2DhUh1PdoH9P3mOCEtIvAjK8OJMABLlrsk9l-sKHGYMa1a1Cwv28E-vbs9wjG1faMxEGG67VKe8YrbKJea-zq31p-n-SwDxEgYcBaFhSoyAOtk-LQQh4YnbO4e3Mh1O3qhd1CUPoi~QB1~gR8sul5CK0VJQczSIV5ZAIetLpT6YzKJjTsyOlpvwM1Ndaf6IhiW6ocfSJj45JPk5h8YsmO05fa9p1P7DalJRXVD6AH0o6g__&Key-Pair-Id=APKAJXJN6VNR3OLZJXJA
75,Kandima Maldives,press_kit,2024,outdated,Y,https://kandima.com/images/News/2024/knews%20april-cropped.pdf
75,Kandima Maldives,press_kit,2023,outdated,,https://kandima.com/images//News/2023/International_Womens_Day_2023_Press_Release_-_Kandima_Maldives_General.pdf
75,Kandima Maldives,press_kit,2023,outdated,,https://kandima.com/images/News/November_news.pdf
75,Kandima Maldives,villa_plans,2024,outdated,Y,https://d7h9v39iheghu.cloudfront.net/previews/7837a234-9635-4da8-b132-476aacd9b4c1/d9281c6f-f671-40da-b757-9212fc48d819/d9281c6f-f671-40da-b757-9212fc48d819?Policy=eyJTdGF0ZW1lbnQiOiBbeyJSZXNvdXJjZSI6Imh0dHBzOi8vZDdoOXYzOWloZWdodS5jbG91ZGZyb250Lm5ldC9wcmV2aWV3cy83ODM3YTIzNC05NjM1LTRkYTgtYjEzMi00NzZhYWNkOWI0YzEqIiwiQ29uZGl0aW9uIjp7IkRhdGVMZXNzVGhhbiI6eyJBV1M6RXBvY2hUaW1lIjoxNzkzNjg0MDEwfX19XX0_&Signature=0NCrDHEtg~3Ag4tUAPQa6ilJ6cyZ~w4zVuMSD7cG~r-mqETwrHjP~ymbFvuB7vZlbnPnlWCA1ED5pRAzfLnrljg2GzmBKzehdZ5pgyEdg2DhUh1PdoH9P3mOCEtIvAjK8OJMABLlrsk9l-sKHGYMa1a1Cwv28E-vbs9wjG1faMxEGG67VKe8YrbKJea-zq31p-n-SwDxEgYcBaFhSoyAOtk-LQQh4YnbO4e3Mh1O3qhd1CUPoi~QB1~gR8sul5CK0VJQczSIV5ZAIetLpT6YzKJjTsyOlpvwM1Ndaf6IhiW6ocfSJj45JPk5h8YsmO05fa9p1P7DalJRXVD6AH0o6g__&Key-Pair-Id=APKAJXJN6VNR3OLZJXJA
75,Kandima Maldives,wedding,2024,outdated,Y,https://d7h9v39iheghu.cloudfront.net/previews/7837a234-9635-4da8-b132-476aacd9b4c1/31206170-5ea3-465a-a437-631202d5a54d/31206170-5ea3-465a-a437-631202d5a54d?Policy=eyJTdGF0ZW1lbnQiOiBbeyJSZXNvdXJjZSI6Imh0dHBzOi8vZDdoOXYzOWloZWdodS5jbG91ZGZyb250Lm5ldC9wcmV2aWV3cy83ODM3YTIzNC05NjM1LTRkYTgtYjEzMi00NzZhYWNkOWI0YzEqIiwiQ29uZGl0aW9uIjp7IkRhdGVMZXNzVGhhbiI6eyJBV1M6RXBvY2hUaW1lIjoxNzkzNjg0MDEwfX19XX0_&Signature=0NCrDHEtg~3Ag4tUAPQa6ilJ6cyZ~w4zVuMSD7cG~r-mqETwrHjP~ymbFvuB7vZlbnPnlWCA1ED5pRAzfLnrljg2GzmBKzehdZ5pgyEdg2DhUh1PdoH9P3mOCEtIvAjK8OJMABLlrsk9l-sKHGYMa1a1Cwv28E-vbs9wjG1faMxEGG67VKe8YrbKJea-zq31p-n-SwDxEgYcBaFhSoyAOtk-LQQh4YnbO4e3Mh1O3qhd1CUPoi~QB1~gR8sul5CK0VJQczSIV5ZAIetLpT6YzKJjTsyOlpvwM1Ndaf6IhiW6ocfSJj45JPk5h8YsmO05fa9p1P7DalJRXVD6AH0o6g__&Key-Pair-Id=APKAJXJN6VNR3OLZJXJA
76,Hideaway Beach Resort and Spa at Dhonakulhi Island Maldives,factsheet,2020,outdated,Y,https://www.neoscapesmaldives.com/wp-content/uploads/Factsheet-Hideaway-Beach-Maldives-NEO.pdf
76,Hideaway Beach Resort and Spa at Dhonakulhi Island Maldives,map,2018,outdated,Y,https://www.neoscapesmaldives.com/wp-content/uploads/Resort-Map-Hideaway-Beach-Maldives.pdf
77,Atmosphere Kanifushi Maldives,brochure,2025,current,Y,https://www.neoscapesmaldives.com/wp-content/uploads/AKM-Resort-Brochure-MAR-2025-1.pdf
77,Atmosphere Kanifushi Maldives,calendar,2024,outdated,Y,https://letsgomaldives.com/wp-content/uploads/2023/11/Festive_Calendar_2023_2024_Atmosphere-Kanifushi_Maldives.pdf
77,Atmosphere Kanifushi Maldives,map,2019,outdated,Y,https://www.neoscapesmaldives.com/wp-content/uploads/ATMOSPHERE-KANIFUSHI-MALDIVES-ISLAND-MAP-DEC2019.pdf
78,Meeru Maldives Resort Island,all_inclusive,2026,current,Y,https://www.meeru.com/wp-content/uploads/2025/11/AllInclusiveDineAroundPackageMeeru.pdf
78,Meeru Maldives Resort Island,all_inclusive,2024,outdated,,https://www.meeru.com/wp-content/uploads/2025/03/AllInclusivePlusPackageMeeru110124103125.pdf
78,Meeru Maldives Resort Island,all_inclusive,2024,outdated,,https://www.meeru.com/wp-content/uploads/2024/07/AllInclusivePlusPackageMeeru2024.pdf
78,Meeru Maldives Resort Island,all_inclusive,2024,outdated,,https://www.meeru.com/wp-content/uploads/2024/01/Meeru-AllInclusivePackage-2024.pdf
78,Meeru Maldives Resort Island,all_inclusive,2023,outdated,,https://www.meeru.com/wp-content/uploads/2022/11/MeeruSPOQ12023Ver111722.pdf
78,Meeru Maldives Resort Island,all_inclusive,2022,outdated,,https://www.meeru.com/wp-content/uploads/2022/11/MeeruSPOWinterVer102822.pdf
78,Meeru Maldives Resort Island,brochure,2023,outdated,Y,https://www.meeru.com/wp-content/uploads/2023/02/Meeru-Moments-Photography-Flyer-2022-2023.pdf
78,Meeru Maldives Resort Island,brochure,2022,outdated,,https://www.meeru.com/wp-content/uploads/2023/02/MeeruMomentsPhotographyFlyerSalesCollateral110122103123Rev010123-1.pdf
78,Meeru Maldives Resort Island,brochure,2022,outdated,,https://www.meeru.com/wp-content/uploads/2023/02/MeeruMomentsPhotographyFlyerSalesCollateral110122103123Rev010123.pdf
78,Meeru Maldives Resort Island,brochure,2021,outdated,,https://www.meeru.com/wp-content/uploads/2022/07/Meeru-Moments-Photography-Flyer-Sales-Collateral110121103122Ver110121.pdf
78,Meeru Maldives Resort Island,calendar,2026,current,,https://www.meeru.com/wp-content/uploads/2025/11/TransferPolicySpeedboatMeeruMaldives.pdf
78,Meeru Maldives Resort Island,calendar,2026,current,Y,https://www.meeru.com/wp-content/uploads/2025/11/meeru-festives-brochure-2025-2026.pdf
78,Meeru Maldives Resort Island,calendar,2025,current,,https://www.meeru.com/wp-content/uploads/2025/02/Meeru-Events-Calendar-2025.pdf
78,Meeru Maldives Resort Island,calendar,2025,current,,https://www.meeru.com/wp-content/uploads/2024/10/Meeru-Festive-Season-Brochure-2024-2025-1.pdf
78,Meeru Maldives Resort Island,calendar,2025,current,,https://www.meeru.com/wp-content/uploads/2024/09/2024-2025-Meeru-Maldives-Festive-Season-Brochure.pdf
78,Meeru Maldives Resort Island,calendar,2022,outdated,,https://www.meeru.com/wp-content/uploads/2024/04/TransferPolicySpeedboatMeeru110122103123Rev_090623.pdf
78,Meeru Maldives Resort Island,calendar,2022,outdated,,https://www.meeru.com/wp-content/uploads/2024/04/TransferPolicySpeedboatMeeru110122103123Rev090623_.pdf
78,Meeru Maldives Resort Island,calendar,2022,outdated,,https://www.meeru.com/wp-content/uploads/2023/07/TransferPolicySpeedboatMeeru110122103123Rev090623.pdf
78,Meeru Maldives Resort Island,calendar,2020,outdated,,https://www.meeru.com/wp-content/uploads/2022/04/TransferPolicySpeedboatMeeru110120103121Rev033020.pdf
78,Meeru Maldives Resort Island,dining_menu,2026,current,Y,https://www.meeru.com/wp-content/uploads/2026/10/ASIAN_WOK_FOOD_MENU.pdf
78,Meeru Maldives Resort Island,dining_menu,2026,current,,https://www.meeru.com/wp-content/uploads/2026/04/TheReef_Menu.pdf
78,Meeru Maldives Resort Island,dining_menu,2026,current,,https://www.meeru.com/wp-content/uploads/2026/04/A-MARE_MENU.pdf
78,Meeru Maldives Resort Island,dining_menu,2026,current,,https://www.meeru.com/wp-content/uploads/2026/02/MeeruCafeMenu.pdf
78,Meeru Maldives Resort Island,dining_menu,2026,current,,https://www.meeru.com/wp-content/uploads/2025/12/MeeruCafeMenuFestive-Revised-08122025updated.pdf
78,Meeru Maldives Resort Island,dining_menu,2025,current,,https://www.meeru.com/wp-content/uploads/2025/04/MeeruCafeMenu2025.pdf
78,Meeru Maldives Resort Island,dining_menu,2024,outdated,,https://www.meeru.com/wp-content/uploads/2025/03/FB-IVD-MENU.pdf
78,Meeru Maldives Resort Island,dining_menu,2024,outdated,,https://www.meeru.com/wp-content/uploads/2025/03/ASIAN_WOK_TEPPANYAKI-MENU.pdf
78,Meeru Maldives Resort Island,dining_menu,2024,outdated,,https://www.meeru.com/wp-content/uploads/2025/03/ASIAN_WOK_HOT_POT_MENU.pdf
78,Meeru Maldives Resort Island,dining_menu,2020,outdated,,https://www.meeru.com/wp-content/uploads/2025/03/DHONI-BAR-BEVERAG.pdf
78,Meeru Maldives Resort Island,dining_menu,2020,outdated,,https://www.meeru.com/wp-content/uploads/2023/12/DHONI-BAR-1.pdf
78,Meeru Maldives Resort Island,dive_prices,2025,current,Y,https://www.meeru.com/wp-content/uploads/2025/06/MEERU-DIVE-GERMAN.pdf
78,Meeru Maldives Resort Island,dive_prices,2025,current,,https://www.meeru.com/wp-content/uploads/2025/06/MEERU-DIVE-ENGLISH.pdf
78,Meeru Maldives Resort Island,dive_prices,2025,current,,https://www.meeru.com/wp-content/uploads/2025/06/MEERU-DIVE-FRENCH.pdf
78,Meeru Maldives Resort Island,dive_prices,2025,current,,https://www.meeru.com/wp-content/uploads/2025/03/MEERU-MALDIVES-SCUBA-DIVING-ENGLISH.pdf
78,Meeru Maldives Resort Island,dive_prices,2023,outdated,,https://www.meeru.com/wp-content/uploads/2023/01/EuroDiversScubaDivePriceListMeeruVer010123.pdf
78,Meeru Maldives Resort Island,dive_prices,2022,outdated,,https://www.meeru.com/wp-content/uploads/2022/08/PRICES-WS-MEERU.pdf
78,Meeru Maldives Resort Island,dive_prices,2022,outdated,,https://www.meeru.com/wp-content/uploads/2022/08/PRICES-DIVE-MEERU-1.pdf
78,Meeru Maldives Resort Island,dive_prices,2020,outdated,,https://www.meeru.com/wp-content/uploads/2022/08/21_22PRICE-LIST-WATERSPORTS-MEERU-ENGLISH.pdf
78,Meeru Maldives Resort Island,dive_prices,2018,outdated,,https://www.meeru.com/wp-content/uploads/2022/07/EuroDiversWaterSportsPriceListMeeru110118103119Ver010519.pdf
78,Meeru Maldives Resort Island,excursions,2026,current,Y,https://www.meeru.com/wp-content/uploads/2026/07/KPR-Activity-Schedule-2026-2.pdf
78,Meeru Maldives Resort Island,excursions,2023,outdated,,https://www.meeru.com/wp-content/uploads/2023/06/Koamas-Kids-Playroom-Activities-Schedule.pdf
78,Meeru Maldives Resort Island,factsheet,2025,current,,https://sales.crownandchamparesorts.com/wp-content/uploads/2025/12/FactSheetMeeru110125103126Ver01022025-1.pdf
78,Meeru Maldives Resort Island,factsheet,2025,current,,https://sales.crownandchamparesorts.com/wp-content/uploads/2025/12/FactSheetMeeru110125103126Ver01022025.pdf
78,Meeru Maldives Resort Island,factsheet,2025,current,Y,https://www.meeru.com/wp-content/uploads/2025/11/FactSheetMeeru110125103126Ver01022025.pdf
78,Meeru Maldives Resort Island,factsheet,2025,current,,https://www.meeru.com/wp-content/uploads/2024/11/Factsheet-Meeru-01112024.pdf
78,Meeru Maldives Resort Island,factsheet,2022,outdated,,https://sales.crownandchamparesorts.com/wp-content/uploads/2023/09/FactSheetMeeru110122103123Rev090623.pdf
78,Meeru Maldives Resort Island,factsheet,2019,outdated,,https://sales.crownandchamparesorts.com/wp-content/uploads/2018/11/FactSheetMeeru110119103120Rev051219.pdf
78,Meeru Maldives Resort Island,factsheet,2018,outdated,,https://sales.crownandchamparesorts.com/wp-content/uploads/2018/04/FactSheetMeeru110118103119Rev040318.pdf
78,Meeru Maldives Resort Island,factsheet,2018,outdated,,https://sales.crownandchamparesorts.com/wp-content/uploads/2018/04/FactSheetCCH050118103118Rev033118.pdf
78,Meeru Maldives Resort Island,map,2025,current,,https://sales.crownandchamparesorts.com/wp-content/uploads/2025/08/MeeruMaldivesColorMap110125103126Ver200425.pdf
78,Meeru Maldives Resort Island,map,2025,current,Y,https://www.meeru.com/wp-content/uploads/2025/11/MeeruMaldivesColorMap110125103126Ver200425.pdf
78,Meeru Maldives Resort Island,map,2024,outdated,,https://www.meeru.com/wp-content/uploads/2024/05/MeeruMaldivesColorMap110124103125Ver070424.pdf
78,Meeru Maldives Resort Island,map,2018,outdated,,https://sales.crownandchamparesorts.com/wp-content/uploads/2018/11/MapMeeru022218ColorEnglish.pdf
78,Meeru Maldives Resort Island,obsolete,2020,obsolete,Y,https://sales.crownandchamparesorts.com/wp-content/uploads/2020/07/EURO-DIVERS-Covid-19-Precaution-and-Hygiene-Measures-071720-Meeru-and-Vilamendhoo.pdf
78,Meeru Maldives Resort Island,other,2025,current,Y,https://www.meeru.com/wp-content/uploads/2025/03/MIR_A4-16032025.pdf
78,Meeru Maldives Resort Island,spa_menu,2024,outdated,Y,https://www.meeru.com/wp-content/uploads/2025/07/DuniyeSpaMenuA3Meeru110124103125Ver070424-English.pdf
78,Meeru Maldives Resort Island,spa_menu,2022,outdated,,https://www.meeru.com/wp-content/uploads/2022/05/DuniyeSpaMenuA4Meeru-310122103122-Ver310122..pdf
78,Meeru Maldives Resort Island,sustainability,2024,outdated,,https://www.meeru.com/wp-content/uploads/2024/07/Meeru-Maldives-Sustainability-Report-2024-min.pdf
78,Meeru Maldives Resort Island,sustainability,2019,outdated,,https://www.meeru.com/wp-content/uploads/2022/04/MeeruSustainabilityBrochureVer010122.pdf
79,Komandoo Island Resort,all_inclusive,2025,current,Y,https://sales.crownandchamparesorts.com/wp-content/uploads/2025/12/KomandooAll-InclusivePlus110125103126Ver081724.pdf
79,Komandoo Island Resort,factsheet,2025,current,Y,https://sales.crownandchamparesorts.com/wp-content/uploads/2025/12/KomandooFactsheet110125103126Ver170824.pdf
79,Komandoo Island Resort,factsheet,2021,outdated,,https://sales.crownandchamparesorts.com/wp-content/uploads/2023/08/FactSheetKomandoo110121103122Ver110121.pdf
79,Komandoo Island Resort,factsheet,2019,outdated,,https://sales.crownandchamparesorts.com/wp-content/uploads/2018/10/FactSheetKomandoo110119103120Rev010720.pdf
79,Komandoo Island Resort,factsheet,2018,outdated,,https://sales.crownandchamparesorts.com/wp-content/uploads/2018/04/FactSheetKomandoo110118103119Rev011718.pdf
79,Komandoo Island Resort,map,2025,current,Y,https://sales.crownandchamparesorts.com/wp-content/uploads/2025/12/KomandooMap110125103126Ver042024.pdf
79,Komandoo Island Resort,map,2019,outdated,,https://sales.crownandchamparesorts.com/wp-content/uploads/2020/01/MapKomandooColorEnglish061719.pdf
80,Raaya by Atmosphere,brochure,2025,current,Y,https://www.neoscapesmaldives.com/wp-content/uploads/RAAYA-by-Atmosphere-Brochure-APR-2025.pdf
80,Raaya by Atmosphere,map,2025,current,Y,https://www.neoscapesmaldives.com/wp-content/uploads/RAAYA-by-Atmosphere-Island-Map-MAR-2025-Portrait.pdf
81,Kuredu Island Resort,dive_prices,2020,outdated,Y,https://sales.crownandchamparesorts.com/wp-content/uploads/2020/07/General-ProDivers-operation-guidelines-071720KURKOMHURKUDINN.pdf
81,Kuredu Island Resort,factsheet,2025,current,Y,https://sales.crownandchamparesorts.com/wp-content/uploads/2025/12/KureduFactsheet110125103126Rev301025.pdf
81,Kuredu Island Resort,factsheet,2021,outdated,,https://sales.crownandchamparesorts.com/wp-content/uploads/2023/08/FactSheetKuredu110121103122Rev010122.pdf
81,Kuredu Island Resort,factsheet,2020,outdated,,https://sales.crownandchamparesorts.com/wp-content/uploads/2018/10/FactSheetKuredu110120103121Ver091720.pdf
81,Kuredu Island Resort,map,2025,current,Y,https://sales.crownandchamparesorts.com/wp-content/uploads/2025/12/Kuredu_IslandMapVer301025.pdf
81,Kuredu Island Resort,map,2018,outdated,,https://sales.crownandchamparesorts.com/wp-content/uploads/2018/10/MapKuredu070318ColorEnglish.pdf
81,Kuredu Island Resort,map,2017,outdated,,https://sales.crownandchamparesorts.com/wp-content/uploads/2018/04/MapKuredu120617ColorEnglish.pdf
82,Ifuru Island Maldives,brochure,2025,current,Y,https://document-tc.galaxy.tf/wdpdf-22myhtt9dpea6fzx80dqt16hs/brochure.pdf
82,Ifuru Island Maldives,brochure,2024,outdated,,https://cdnm.heyzine.com/files/uploaded/246737651a4c81657dba9a31ac3af545993e1f45-2.pdf
82,Ifuru Island Maldives,calendar,2025,current,Y,https://document-tc.galaxy.tf/wdpdf-4cfy3bydqr5cqsmudllu289sl/ifuru-fanatic_cms-document.pdf
82,Ifuru Island Maldives,factsheet,2023,outdated,Y,https://www.neoscapesmaldives.com/wp-content/uploads/IFURU-ISLAND-MALDIVES-Fact-Sheet.pdf
82,Ifuru Island Maldives,map,2024,outdated,Y,https://www.neoscapesmaldives.com/wp-content/uploads/Ifuru_Island_Resort_Island_Map.pdf
82,Ifuru Island Maldives,spa_menu,2024,outdated,Y,https://document-tc.galaxy.tf/wdpdf-59txyl7cqri9u969y5hcstqcx/file.pdf
85,Centara Mirage Lagoon Maldives & Centara Grand Lagoon Maldives,all_inclusive,2026,current,Y,https://prod.centarahotelsresorts.com/centara/sites/centara-centara/files/2026-04/ATOLLIA%20HALF%20BOARD_0.pdf
85,Centara Mirage Lagoon Maldives & Centara Grand Lagoon Maldives,all_inclusive,2026,current,,https://prod.centarahotelsresorts.com/centara/sites/centara-centara/files/2026-04/ATOLLIA%20FULL%20BOARD_0.pdf
85,Centara Mirage Lagoon Maldives & Centara Grand Lagoon Maldives,destination_dining,2025,current,Y,https://www.centarahotelsresorts.com/centara/sites/centara-centara/files/2025-09/cmlm-floating-breakfast.pdf
85,Centara Mirage Lagoon Maldives & Centara Grand Lagoon Maldives,factsheet,2025,current,Y,https://www.neoscapesmaldives.com/wp-content/uploads/Centara-Mirage-Lagoon-Factsheet-October-2025.pdf
85,Centara Mirage Lagoon Maldives & Centara Grand Lagoon Maldives,factsheet,2024,outdated,,https://www.neoscapesmaldives.com/wp-content/uploads/CGLM-Factsheet.pdf
85,Centara Mirage Lagoon Maldives & Centara Grand Lagoon Maldives,factsheet,2024,outdated,,https://maldives.ru/doc/858_CMLM_Fact_Sheet_2024_10_31.pdf
85,Centara Mirage Lagoon Maldives & Centara Grand Lagoon Maldives,map,2026,current,,https://prod.centarahotelsresorts.com/centara/sites/centara-centara/files/2026-04/HALF%20BOARD%20PLUS%20MEAL%20PLAN%20_0.pdf
85,Centara Mirage Lagoon Maldives & Centara Grand Lagoon Maldives,map,2026,current,Y,https://prod.centarahotelsresorts.com/centara/sites/centara-centara/files/2026-04/FULL%20BOARD%20PLUS%20MEAL%20PLAN%20_0.pdf
85,Centara Mirage Lagoon Maldives & Centara Grand Lagoon Maldives,map,2026,current,,https://prod.centarahotelsresorts.com/centara/sites/centara-centara/files/2026-04/ALL-INCLUSIVE%20MEAL%20PLAN%20_0.pdf
85,Centara Mirage Lagoon Maldives & Centara Grand Lagoon Maldives,map,2026,current,,https://prod.centarahotelsresorts.com/centara/sites/centara-centara/files/2026-04/ATOLLIA%20ALL-INCLUSIVE%20MEAL%20PLAN%20_0.pdf
85,Centara Mirage Lagoon Maldives & Centara Grand Lagoon Maldives,map,2025,current,,https://www.neoscapesmaldives.com/wp-content/uploads/Centara-Grand-Lagoon-Maldives-Resort-Map_09.10.25.pdf
85,Centara Mirage Lagoon Maldives & Centara Grand Lagoon Maldives,map,2025,current,,https://www.neoscapesmaldives.com/wp-content/uploads/Centara-Mirage-Lagoon-Maldives-Resort-Map-2025.pdf
87,Four Seasons Resort Maldives at Landaa Giraavaru,map,2022,outdated,Y,https://www.neoscapesmaldives.com/wp-content/uploads/Landaa-Giraavaru-Resort-Map.pdf
87,Four Seasons Resort Maldives at Landaa Giraavaru,press_kit,2015,outdated,Y,https://www.neoscapesmaldives.com/wp-content/uploads/Four-Seasons-Resorts-Maldives-Press-Kit..pdf
87,Four Seasons Resort Maldives at Landaa Giraavaru,sustainability,2025,current,Y,https://amilla.com/wp-content/uploads/Amilla-Sustainability-Policy.pdf
87,Four Seasons Resort Maldives at Landaa Giraavaru,sustainability,2024,outdated,,https://amilla.com/wp-content/uploads/Amilla-Maldives-Sustainability-Policy.pdf
89,Inter Continental Maldives Maamunagau,factsheet,2020,outdated,Y,https://www.neoscapesmaldives.com/wp-content/uploads/InterContinental-Maldives-Maamunagau-Resort-Factsheet-NEO.pdf
90,Six Senses Kanuhura,factsheet,2018,outdated,Y,https://www.neoscapesmaldives.com/wp-content/uploads/Factsheet_2018_NEW.pdf
90,Six Senses Kanuhura,villa_plans,2026,current,Y,https://awesomegetawaymaldives.com/wp-content/uploads/2026/03/Six-Senses-Kanuhura.pdf
91,Lily Beach Resort,factsheet,2019,outdated,Y,https://www.neoscapesmaldives.com/wp-content/uploads/LilyBeach-Factsheet-Resort-NEO.pdf
91,Lily Beach Resort,map,2020,outdated,Y,https://www.neoscapesmaldives.com/wp-content/uploads/LilyBeach-Resort-Map.pdf
92,Amaya Kuda Rah Maldives,factsheet,2024,outdated,Y,https://www.neoscapesmaldives.com/wp-content/uploads/NH-Maldives-Kuda-Rah-Fact-Sheet.pdf
92,Amaya Kuda Rah Maldives,map,2024,outdated,Y,https://www.neoscapesmaldives.com/wp-content/uploads/Pages-from-NH-Maldives-Kuda-Rah-map.pdf
94,Reethi Faru Resort,all_inclusive,2026,current,Y,https://www.reethifaru.com/pdf/all-inclusive-package-.pdf
94,Reethi Faru Resort,all_inclusive,2026,current,,https://www.reethifaru.com/pdf/full-dine-around-all-inclusive-package.pdf
94,Reethi Faru Resort,brochure,2016,outdated,Y,https://www.reethifaru.com/pdf/brochure.pdf
94,Reethi Faru Resort,calendar,2026,current,Y,https://www.reethifaru.com/pdf/festive-season-2026-27.pdf
94,Reethi Faru Resort,dining_menu,2026,current,Y,https://www.reethifaru.com/pdf/sunset-bar-menu.pdf
94,Reethi Faru Resort,dining_menu,2026,current,,https://www.reethifaru.com/pdf/nala-bar-menu.pdf
94,Reethi Faru Resort,dining_menu,2026,current,,https://www.reethifaru.com/pdf/thari-bar-menu.pdf
94,Reethi Faru Resort,dining_menu,2026,current,,https://www.reethifaru.com/pdf/the-haruge-bar-menu.pdf
94,Reethi Faru Resort,dining_menu,2026,current,,https://www.reethifaru.com/pdf/veyo-bar-menu.pdf
94,Reethi Faru Resort,dining_menu,2026,current,,https://www.reethifaru.com/pdf/veggie-n-vegan-menu.pdf
94,Reethi Faru Resort,dining_menu,2019,outdated,,https://www.reethifaru.com/pdf/wine-list.pdf
94,Reethi Faru Resort,dive_prices,2026,current,Y,https://tablecells.com/api/v1/files/public/01M3BBAVWQNQ4HD8AS898Z0V9C-water-sports.pdf
94,Reethi Faru Resort,dive_prices,2025,current,,https://www.reethifaru.com/pdf/diving-and-snorkeling.pdf
94,Reethi Faru Resort,factsheet,2026,current,Y,https://www.reethifaru.com/pdf/fact-sheets-english.pdf
94,Reethi Faru Resort,factsheet,2026,current,,https://www.reethifaru.com/pdf/fact-sheets-russian.pdf
94,Reethi Faru Resort,factsheet,2026,current,,https://www.reethifaru.com/pdf/fact-sheets-german.pdf
94,Reethi Faru Resort,map,2026,current,Y,https://www.reethifaru.com/pdf/sustainability-management-plan.pdf
94,Reethi Faru Resort,spa_menu,2026,current,Y,https://www.reethifaru.com/pdf/coconut-spa.pdf
94,Reethi Faru Resort,wedding,2025,current,Y,https://www.reethifaru.com/pdf/renewal-of-vows.pdf
95,Malahini Kuda Bandos,dining_menu,2026,current,Y,https://d3w0d8jk0ek7xo.cloudfront.net/files/b48cf1b1-932e-4bfd-8c89-3f8f4cea4a57.pdf
95,Malahini Kuda Bandos,dining_menu,2026,current,,https://d3w0d8jk0ek7xo.cloudfront.net/files/a707051e-ce59-4ca5-826b-6d15cdec1de7.pdf
95,Malahini Kuda Bandos,dining_menu,2025,current,,https://d3w0d8jk0ek7xo.cloudfront.net/files/4113afda-d9e1-4c3f-9007-0734938e2fa2.pdf
95,Malahini Kuda Bandos,dining_menu,2025,current,,https://d3w0d8jk0ek7xo.cloudfront.net/files/fe6329b0-d23e-43c8-9673-ed40175d7843.pdf
95,Malahini Kuda Bandos,dive_prices,2026,current,Y,https://d3w0d8jk0ek7xo.cloudfront.net/files/18ef7b26-c172-43c8-9756-9b69c690280c.pdf
95,Malahini Kuda Bandos,factsheet,2017,outdated,Y,https://www.neoscapesmaldives.com/wp-content/uploads/Malahini-Kuda-Bandos-E-factsheet_2017.pdf
95,Malahini Kuda Bandos,map,2020,outdated,,https://www.neoscapesmaldives.com/wp-content/uploads/Malahini-Kuda-Bandos-Map.pdf
96,Dhawa Ihuru,all_inclusive,2019,outdated,Y,https://www.banyantree.com/assets/2021-11/under-the-banyan-tree-25th-anniversary-issue.pdf
169,Banyan Tree Maldives Vabbinfaru,all_inclusive,2019,outdated,Y,https://www.banyantree.com/assets/2021-11/under-the-banyan-tree-25th-anniversary-issue.pdf
97,Angsana Resort & Spa Maldives - Velavaru,all_inclusive,2019,outdated,Y,https://www.banyantree.com/assets/2021-11/under-the-banyan-tree-25th-anniversary-issue.pdf
96,Dhawa Ihuru,brochure,2025,current,Y,https://www.banyantree.com/assets/2025-06/bt-mayakoba-gastronomic-guide.pdf
169,Banyan Tree Maldives Vabbinfaru,brochure,2025,current,Y,https://www.banyantree.com/assets/2025-06/bt-mayakoba-gastronomic-guide.pdf
97,Angsana Resort & Spa Maldives - Velavaru,brochure,2025,current,Y,https://www.banyantree.com/assets/2025-06/bt-mayakoba-gastronomic-guide.pdf
96,Dhawa Ihuru,brochure,2018,outdated,,https://www.banyantree.com/assets/2021-11/gdpr-addendum_0.pdf
169,Banyan Tree Maldives Vabbinfaru,brochure,2018,outdated,,https://www.banyantree.com/assets/2021-11/gdpr-addendum_0.pdf
97,Angsana Resort & Spa Maldives - Velavaru,brochure,2018,outdated,,https://www.banyantree.com/assets/2021-11/gdpr-addendum_0.pdf
96,Dhawa Ihuru,events,2022,outdated,Y,https://www.banyantree.com/assets/2022-06/mice-bt-shanghai.pdf
169,Banyan Tree Maldives Vabbinfaru,events,2022,outdated,Y,https://www.banyantree.com/assets/2022-06/mice-bt-shanghai.pdf
97,Angsana Resort & Spa Maldives - Velavaru,events,2022,outdated,Y,https://www.banyantree.com/assets/2022-06/mice-bt-shanghai.pdf
96,Dhawa Ihuru,excursions,2026,current,Y,https://cdn3.me-qr.com/pdf/20435864.pdf?time=1768340980
169,Banyan Tree Maldives Vabbinfaru,excursions,2026,current,Y,https://cdn3.me-qr.com/pdf/20435864.pdf?time=1768340980
97,Angsana Resort & Spa Maldives - Velavaru,excursions,2026,current,Y,https://cdn3.me-qr.com/pdf/20435864.pdf?time=1768340980
96,Dhawa Ihuru,factsheet,2024,outdated,Y,https://www.neoscapesmaldives.com/wp-content/uploads/DHMVIH-Fact-Sheet.pdf
96,Dhawa Ihuru,map,2021,outdated,Y,https://www.banyantree.com/assets/2021-10/bt-shanghai-grand_bund_suite_floor_plan.pdf
169,Banyan Tree Maldives Vabbinfaru,map,2021,outdated,Y,https://www.banyantree.com/assets/2021-10/bt-shanghai-grand_bund_suite_floor_plan.pdf
97,Angsana Resort & Spa Maldives - Velavaru,map,2021,outdated,Y,https://www.banyantree.com/assets/2021-10/bt-shanghai-grand_bund_suite_floor_plan.pdf
96,Dhawa Ihuru,map,2021,outdated,,https://www.banyantree.com/assets/2021-10/bt-shanghai-grand_riverside_suite_floor_plan.pdf
169,Banyan Tree Maldives Vabbinfaru,map,2021,outdated,,https://www.banyantree.com/assets/2021-10/bt-shanghai-grand_riverside_suite_floor_plan.pdf
97,Angsana Resort & Spa Maldives - Velavaru,map,2021,outdated,,https://www.banyantree.com/assets/2021-10/bt-shanghai-grand_riverside_suite_floor_plan.pdf
96,Dhawa Ihuru,map,2021,outdated,,https://www.banyantree.com/assets/2021-10/bt-shanghai-riverside_suite_floor_plan.pdf
169,Banyan Tree Maldives Vabbinfaru,map,2021,outdated,,https://www.banyantree.com/assets/2021-10/bt-shanghai-riverside_suite_floor_plan.pdf
97,Angsana Resort & Spa Maldives - Velavaru,map,2021,outdated,,https://www.banyantree.com/assets/2021-10/bt-shanghai-riverside_suite_floor_plan.pdf
96,Dhawa Ihuru,other,2018,outdated,Y,https://www.banyantree.com/assets/2021-11/under-the-banyan-tree-20.pdf
169,Banyan Tree Maldives Vabbinfaru,other,2018,outdated,Y,https://www.banyantree.com/assets/2021-11/under-the-banyan-tree-20.pdf
97,Angsana Resort & Spa Maldives - Velavaru,other,2018,outdated,Y,https://www.banyantree.com/assets/2021-11/under-the-banyan-tree-20.pdf
96,Dhawa Ihuru,other,2017,outdated,,https://www.banyantree.com/assets/2021-11/under-the-banyan-tree-19.pdf
169,Banyan Tree Maldives Vabbinfaru,other,2017,outdated,,https://www.banyantree.com/assets/2021-11/under-the-banyan-tree-19.pdf
97,Angsana Resort & Spa Maldives - Velavaru,other,2017,outdated,,https://www.banyantree.com/assets/2021-11/under-the-banyan-tree-19.pdf
96,Dhawa Ihuru,other,2017,outdated,,https://www.banyantree.com/assets/2021-11/under-the-banyan-tree-18.pdf
169,Banyan Tree Maldives Vabbinfaru,other,2017,outdated,,https://www.banyantree.com/assets/2021-11/under-the-banyan-tree-18.pdf
97,Angsana Resort & Spa Maldives - Velavaru,other,2017,outdated,,https://www.banyantree.com/assets/2021-11/under-the-banyan-tree-18.pdf
96,Dhawa Ihuru,spa_menu,2026,current,Y,https://cdn3.me-qr.com/pdf/19798997.pdf?time=1775077089
169,Banyan Tree Maldives Vabbinfaru,spa_menu,2026,current,Y,https://cdn3.me-qr.com/pdf/19798997.pdf?time=1775077089
97,Angsana Resort & Spa Maldives - Velavaru,spa_menu,2026,current,Y,https://cdn3.me-qr.com/pdf/19798997.pdf?time=1775077089
96,Dhawa Ihuru,spa_menu,2024,outdated,,https://www.banyantree.com/assets/2024-01/BTCNSH%202024%20Spa%20menu%20ENG_updated.pdf
169,Banyan Tree Maldives Vabbinfaru,spa_menu,2024,outdated,,https://www.banyantree.com/assets/2024-01/BTCNSH%202024%20Spa%20menu%20ENG_updated.pdf
97,Angsana Resort & Spa Maldives - Velavaru,spa_menu,2024,outdated,,https://www.banyantree.com/assets/2024-01/BTCNSH%202024%20Spa%20menu%20ENG_updated.pdf
96,Dhawa Ihuru,villa_plans,2021,outdated,Y,https://www.banyantree.com/assets/2021-10/bt-shanghai-summit-room-floorplan_1.pdf
169,Banyan Tree Maldives Vabbinfaru,villa_plans,2021,outdated,Y,https://www.banyantree.com/assets/2021-10/bt-shanghai-summit-room-floorplan_1.pdf
97,Angsana Resort & Spa Maldives - Velavaru,villa_plans,2021,outdated,Y,https://www.banyantree.com/assets/2021-10/bt-shanghai-summit-room-floorplan_1.pdf
96,Dhawa Ihuru,villa_plans,2021,outdated,,https://www.banyantree.com/assets/2021-10/bt-shanghai-boardroom-floorplan.pdf
169,Banyan Tree Maldives Vabbinfaru,villa_plans,2021,outdated,,https://www.banyantree.com/assets/2021-10/bt-shanghai-boardroom-floorplan.pdf
97,Angsana Resort & Spa Maldives - Velavaru,villa_plans,2021,outdated,,https://www.banyantree.com/assets/2021-10/bt-shanghai-boardroom-floorplan.pdf
96,Dhawa Ihuru,villa_plans,2021,outdated,,https://www.banyantree.com/assets/2021-10/bt-shanghai-banyan-room-floorplan.pdf
169,Banyan Tree Maldives Vabbinfaru,villa_plans,2021,outdated,,https://www.banyantree.com/assets/2021-10/bt-shanghai-banyan-room-floorplan.pdf
97,Angsana Resort & Spa Maldives - Velavaru,villa_plans,2021,outdated,,https://www.banyantree.com/assets/2021-10/bt-shanghai-banyan-room-floorplan.pdf
96,Dhawa Ihuru,villa_plans,2017,outdated,,https://www.banyantree.com/assets/2021-10/bt-mayakoba-mk-blue-floorplan.pdf
169,Banyan Tree Maldives Vabbinfaru,villa_plans,2017,outdated,,https://www.banyantree.com/assets/2021-10/bt-mayakoba-mk-blue-floorplan.pdf
97,Angsana Resort & Spa Maldives - Velavaru,villa_plans,2017,outdated,,https://www.banyantree.com/assets/2021-10/bt-mayakoba-mk-blue-floorplan.pdf
96,Dhawa Ihuru,villa_plans,2017,outdated,,https://www.banyantree.com/assets/2021-10/bt-mayakoba-lobby-terrace-floorplan.pdf
169,Banyan Tree Maldives Vabbinfaru,villa_plans,2017,outdated,,https://www.banyantree.com/assets/2021-10/bt-mayakoba-lobby-terrace-floorplan.pdf
97,Angsana Resort & Spa Maldives - Velavaru,villa_plans,2017,outdated,,https://www.banyantree.com/assets/2021-10/bt-mayakoba-lobby-terrace-floorplan.pdf
96,Dhawa Ihuru,villa_plans,2017,outdated,,https://www.banyantree.com/assets/2021-10/bt-mayakoba-mayapan-floorplan.pdf
169,Banyan Tree Maldives Vabbinfaru,villa_plans,2017,outdated,,https://www.banyantree.com/assets/2021-10/bt-mayakoba-mayapan-floorplan.pdf
97,Angsana Resort & Spa Maldives - Velavaru,villa_plans,2017,outdated,,https://www.banyantree.com/assets/2021-10/bt-mayakoba-mayapan-floorplan.pdf
96,Dhawa Ihuru,villa_plans,2017,outdated,,https://www.banyantree.com/assets/2021-10/bt-mayakoba-la-copa-terrace-floorplan.pdf
169,Banyan Tree Maldives Vabbinfaru,villa_plans,2017,outdated,,https://www.banyantree.com/assets/2021-10/bt-mayakoba-la-copa-terrace-floorplan.pdf
97,Angsana Resort & Spa Maldives - Velavaru,villa_plans,2017,outdated,,https://www.banyantree.com/assets/2021-10/bt-mayakoba-la-copa-terrace-floorplan.pdf
96,Dhawa Ihuru,villa_plans,2016,outdated,,https://www.banyantree.com/assets/2021-10/bt-mayakoba-mayapan-garden-floorplan.pdf
169,Banyan Tree Maldives Vabbinfaru,villa_plans,2016,outdated,,https://www.banyantree.com/assets/2021-10/bt-mayakoba-mayapan-garden-floorplan.pdf
97,Angsana Resort & Spa Maldives - Velavaru,villa_plans,2016,outdated,,https://www.banyantree.com/assets/2021-10/bt-mayakoba-mayapan-garden-floorplan.pdf
97,Angsana Resort & Spa Maldives - Velavaru,events,2022,outdated,Y,https://www.angsana.com/assets/2022-06/mice-an-velavaru_0.pdf
97,Angsana Resort & Spa Maldives - Velavaru,factsheet,2024,outdated,Y,https://www.neoscapesmaldives.com/wp-content/uploads/Fact-Sheet-Angsana-Velavaru.pdf
97,Angsana Resort & Spa Maldives - Velavaru,kids,2023,outdated,Y,https://www.angsana.com/assets/2023-04/An-Velavaru-Beachfront%20Family%20Pool%20Villa.pdf
97,Angsana Resort & Spa Maldives - Velavaru,other,2020,outdated,Y,https://www.neoscapesmaldives.com/wp-content/uploads/islandmap-velavaru.pdf
97,Angsana Resort & Spa Maldives - Velavaru,villa_plans,2022,outdated,Y,https://www.angsana.com/assets/2022-06/an-velavaru-two-bedroom-pool-villa-living%20room-2022.pdf
97,Angsana Resort & Spa Maldives - Velavaru,villa_plans,2022,outdated,,https://www.angsana.com/assets/2021-11/an-velavaru-inocean-pool-villa-bench.pdf
97,Angsana Resort & Spa Maldives - Velavaru,villa_plans,2022,outdated,,https://www.angsana.com/assets/2021-11/an-velavaru-deluxe-inocean-pool-villa.pdf
97,Angsana Resort & Spa Maldives - Velavaru,villa_plans,2022,outdated,,https://www.angsana.com/assets/2021-11/an-velavaru-Three-Bedroom%20Pool%20Villa.pdf
97,Angsana Resort & Spa Maldives - Velavaru,villa_plans,2022,outdated,,https://www.angsana.com/assets/2021-11/an-velavaru-deluxe-inocean-two-bedroom-pool-villa.pdf
97,Angsana Resort & Spa Maldives - Velavaru,villa_plans,2021,outdated,,https://www.neoscapesmaldives.com/wp-content/uploads/Villa-Categories-Update_08-04-2021_Angsana-Velavaru.pdf
97,Angsana Resort & Spa Maldives - Velavaru,villa_plans,2021,outdated,,https://www.angsana.com/assets/2021-11/an-velavaru-beachfront-infinity-pool-villa-floorplan.pdf
97,Angsana Resort & Spa Maldives - Velavaru,villa_plans,2021,outdated,,https://www.angsana.com/assets/2021-11/an-velavaru-beachfront-villa-floorplan.pdf
97,Angsana Resort & Spa Maldives - Velavaru,villa_plans,2021,outdated,,https://www.angsana.com/assets/2021-11/an-velavaru-deluxe-beachfront-pool-villa-floorplan.pdf
98,Madifushi Private Island,dining_menu,2026,current,Y,https://tablecells.com/api/v1/files/public/01KRB3VVNRCDQZNB0NJ4195TGC-IN_VILLA_DINING_NEW_MENU_-_NO_PRICES.pdf
98,Madifushi Private Island,dining_menu,2023,outdated,,https://tablecells.com/api/v1/files/public/01KRB3V4G5K9JQC1JXEQBSW6A6-Bluefin-A-la-Carte-Menu_December-2023-1.pdf
98,Madifushi Private Island,dining_menu,2023,outdated,,https://tablecells.com/api/v1/files/public/01KRB3VNZDZDZSRYGN5K5DQ2YH-Mojito-A-la-Carte-Menu_December-2023-1.pdf
98,Madifushi Private Island,dining_menu,2023,outdated,,https://tablecells.com/api/v1/files/public/01KRB3VA5H472GA66XZTMZSWEP-Fahrenheit-A-la-Carte-Menu_December-2023-1.pdf
98,Madifushi Private Island,dining_menu,2023,outdated,,https://tablecells.com/api/v1/files/public/01KRB3VGZW52NGEGQR2JF77PV8-Splashbar-A-la-Carte-Menu_December-2023-1.pdf
98,Madifushi Private Island,spa_menu,2026,current,Y,https://tablecells.com/api/v1/files/public/01M3VWMA7ME95E17H4EN46FJ91-Pure-Coconut-Oil.pdf
99,Conrad Maldives Rangali Island,all_inclusive,2026,current,,https://cdnm.heyzine.com/files/uploaded/v3/07cebccb1812d839cbdc22778e2133336529e094-2.pdf
99,Conrad Maldives Rangali Island,all_inclusive,2026,current,Y,https://cdnm.heyzine.com/files/uploaded/v3/78f628514af279e4b0bec32d84b7aad63639a6db-4.pdf
99,Conrad Maldives Rangali Island,all_inclusive,2024,outdated,,https://cdnm.heyzine.com/files/uploaded/0c5599386ca131359214c3878d4d6440d2ed2c37-7.pdf
99,Conrad Maldives Rangali Island,all_inclusive,2013,outdated,,https://cdnm.heyzine.com/files/uploaded/v3/235daa172ea61dba8eb6abd721e35a8aef0fb31d.pdf
99,Conrad Maldives Rangali Island,brochure,2026,current,,https://cdnm.heyzine.com/files/uploaded/dd2725be89b6333e6c15fb0a5d7d3c181a9806a2-22.pdf
99,Conrad Maldives Rangali Island,brochure,2026,current,Y,https://cdnm.heyzine.com/files/uploaded/v2/df3a310befc6320487f0f2e156dc8f7ef58faa1f-2.pdf
99,Conrad Maldives Rangali Island,brochure,2026,current,,https://cdnm.heyzine.com/files/uploaded/6073f37e1c8f772006cf890de44456af9211c33c-3.pdf
99,Conrad Maldives Rangali Island,brochure,2026,current,,https://cdnm.heyzine.com/files/uploaded/12743fbe5f24d4e29de8e5c45685a3e367efd0d2-3.pdf
99,Conrad Maldives Rangali Island,brochure,2025,current,,https://www.conradmaldives.com/wp-content/uploads/2025/12/2025-Recreational-Planner.pdf
99,Conrad Maldives Rangali Island,brochure,2025,current,,https://www.conradmaldives.com/wp-content/uploads/2025/11/2025-Conrad-Recreation-Centre-Brochure-.pdf
99,Conrad Maldives Rangali Island,calendar,2026,current,,https://letsgomaldives.com/wp-content/uploads/2026/02/An-Island-Safari-this-Easter-at-Conrad-Maldives.pdf
99,Conrad Maldives Rangali Island,calendar,2026,current,Y,https://www.conradmaldives.com/wp-content/uploads/2026/02/An-Island-Safari-this-Easter-at-Conrad-Maldives.pdf
99,Conrad Maldives Rangali Island,destination_dining,2025,current,Y,https://www.conradmaldives.com/wp-content/uploads/2025/12/Island-Destination-Dining-Conrad-Maldives-Rangali-Island.pdf
99,Conrad Maldives Rangali Island,dining_menu,2026,current,Y,https://www.conradmaldives.com/wp-content/uploads/2026/01/Battuta-Menu.pdf
99,Conrad Maldives Rangali Island,dining_menu,2026,current,,https://www.conradmaldives.com/wp-content/uploads/2026/01/Beverage-Menu-Battuta.pdf
99,Conrad Maldives Rangali Island,dining_menu,2026,current,,https://cdnm.heyzine.com/files/uploaded/15a3edca9a179963a1f5f0a9e220047af9c13015-5.pdf
99,Conrad Maldives Rangali Island,dining_menu,2026,current,,https://cdnm.heyzine.com/files/uploaded/daee823c079c9cec04c554cb8474ec5a8ad30589-5.pdf
99,Conrad Maldives Rangali Island,dining_menu,2026,current,,https://cdnm.heyzine.com/files/uploaded/v3/b96e7e10fd95e5927e3e812d46948482c17f9185-2.pdf
99,Conrad Maldives Rangali Island,dining_menu,2026,current,,https://cdnm.heyzine.com/files/uploaded/v3/39de7b8c4c85e055bfec580da2e2056c9e96f600-2.pdf
99,Conrad Maldives Rangali Island,dining_menu,2026,current,,https://cdnm.heyzine.com/files/uploaded/v3/1c070480e8c5e762e0fc4ff9e11b444a217a1e5f-5.pdf
99,Conrad Maldives Rangali Island,dining_menu,2026,current,,https://cdnm.heyzine.com/files/uploaded/ec5bfec64dff1ed31270ea093746bb979e471f92-5.pdf
99,Conrad Maldives Rangali Island,dining_menu,2026,current,,https://cdnm.heyzine.com/files/uploaded/2e9b8d2241129884f815818fcba7866a425034d2-2.pdf
99,Conrad Maldives Rangali Island,dining_menu,2026,current,,https://cdnm.heyzine.com/files/uploaded/c75f65b8eaa42ada0eb6bac875e9cc7446d1421d-7.pdf
99,Conrad Maldives Rangali Island,dining_menu,2026,current,,https://cdnm.heyzine.com/files/uploaded/v3/284ef5c29ed662c46eeebb9a19ecdf076aafec63-4.pdf
99,Conrad Maldives Rangali Island,dining_menu,2026,current,,https://cdnm.heyzine.com/files/uploaded/v3/05d670fa49de1b36a64509c8ea9dd3846ebf7260-2.pdf
99,Conrad Maldives Rangali Island,dining_menu,2026,current,,https://cdnm.heyzine.com/files/uploaded/e9056cbb6ff4942ca25e822d3aa10cfb0e21f87f-5.pdf
99,Conrad Maldives Rangali Island,dining_menu,2025,current,,https://cdnm.heyzine.com/files/uploaded/v3/901fa5e764177dde14ac056093dce28b6af07480-2.pdf
99,Conrad Maldives Rangali Island,dining_menu,2025,current,,https://cdnm.heyzine.com/files/uploaded/224875c112ef8256cf0e06032d58ace4a12d4894-1.pdf
99,Conrad Maldives Rangali Island,dining_menu,2025,current,,https://cdnm.heyzine.com/files/uploaded/3569034784451c25e8bb93058772a310b11a2e0b-1.pdf
99,Conrad Maldives Rangali Island,dining_menu,2025,current,,https://cdnm.heyzine.com/files/uploaded/v3/82311ec2d0bdb676f08c739cd7c829473ececcd6-2.pdf
99,Conrad Maldives Rangali Island,dining_menu,2025,current,,https://cdnm.heyzine.com/files/uploaded/2738009d4b462e85e29f48ec9532cadb302b13c9-2.pdf
99,Conrad Maldives Rangali Island,dining_menu,2023,outdated,,https://cdnm.heyzine.com/files/uploaded/v3/9d190ae148fae849b7519a3ebbbc5febf329abfe-4.pdf
99,Conrad Maldives Rangali Island,dining_menu,2023,outdated,,https://cdnm.heyzine.com/files/uploaded/487b16adfc9d41a610bd82f7b57e095f3f7d40c0-9.pdf
99,Conrad Maldives Rangali Island,dining_menu,2022,outdated,,https://cdnm.heyzine.com/files/uploaded/v3/116064dd2b0f9a7807ea60df24e51a6406e69d0c.pdf
99,Conrad Maldives Rangali Island,dining_menu,2021,outdated,,https://www.conradmaldives.com/wp-content/uploads/2026/01/Wine-List-Battuta.pdf
99,Conrad Maldives Rangali Island,dining_menu,2021,outdated,,https://cdnm.heyzine.com/files/uploaded/416543deeec8ae28e20d89c64bc9a044aa0d578e-7.pdf
99,Conrad Maldives Rangali Island,dive_prices,2025,current,Y,https://www.conradmaldives.com/wp-content/uploads/2025/12/2025-Conrad-Dive-Centre-Brochure-.pdf
99,Conrad Maldives Rangali Island,excursions,2025,current,,https://www.conradmaldives.com/wp-content/uploads/2026/05/CMRI_Hilton-Honors-Experiences.pdf
99,Conrad Maldives Rangali Island,excursions,2025,current,Y,https://www.conradmaldives.com/wp-content/uploads/2025/12/2025-Signature-Island-Experiences.pdf
99,Conrad Maldives Rangali Island,excursions,2025,current,,https://www.conradmaldives.com/wp-content/uploads/2025/12/Hilton-Honors-Experiences-Conrad-Maldives-Rangali-Island.pdf
99,Conrad Maldives Rangali Island,excursions,2024,outdated,,https://www.conradmaldives.com/wp-content/uploads/2025/12/Ocean-weekly-excursion-schedule-2024.pdf-1.pdf.pdf
99,Conrad Maldives Rangali Island,factsheet,2025,current,Y,https://www.conradmaldives.com/wp-content/uploads/2025/12/CMRI-Villa-Factsheet-1.pdf
99,Conrad Maldives Rangali Island,factsheet,2025,current,,https://www.conradmaldives.com/wp-content/uploads/2025/12/Dining-Factsheet-Conrad-Maldives-Rangali-Island-1.pdf
99,Conrad Maldives Rangali Island,factsheet,2024,outdated,,https://www.conradmaldives.com/wp-content/uploads/2025/12/CMRI_Resort-FactSheet_082024.pdf
99,Conrad Maldives Rangali Island,kids,2025,current,Y,https://www.conradmaldives.com/wp-content/uploads/2025/12/2025-Kids-and-Teens-Timetable-Brochure.pdf
99,Conrad Maldives Rangali Island,kids,2025,current,,https://www.conradmaldives.com/wp-content/uploads/2025/12/2025-Kids-Club-July-to-December.pdf
99,Conrad Maldives Rangali Island,kids,2025,current,,https://cdnm.heyzine.com/files/uploaded/a957b07c576a30e181b636669ce20052888a803b-1.pdf
99,Conrad Maldives Rangali Island,kids,2025,current,,https://cdnm.heyzine.com/files/uploaded/575c47fe34ff19254fe27b7d97c908f9c6d8e3e5-1.pdf
99,Conrad Maldives Rangali Island,map,2026,current,Y,https://www.conradmaldives.com/wp-content/uploads/2026/05/Resort-Experience-Map-2026-copy.pdf
99,Conrad Maldives Rangali Island,map,2023,outdated,,https://www.conradmaldives.com/wp-content/uploads/2025/12/Resort-Map-Conrad-Maldives-Rangali-Island.pdf
99,Conrad Maldives Rangali Island,map,2020,outdated,,https://www.neoscapesmaldives.com/wp-content/uploads/CONRAD-MALDIVES-RANGALI-MAP.pdf
99,Conrad Maldives Rangali Island,other,2026,current,Y,https://www.conradmaldives.com/wp-content/uploads/2025/11/e70266330988529dc2de3317470087e40198d0c4.pdf
99,Conrad Maldives Rangali Island,other,2026,current,,https://cdnm.heyzine.com/files/uploaded/v3/5d2f6fb1c729e999a658a73bd33f35b3082b9abf-2.pdf
99,Conrad Maldives Rangali Island,other,2026,current,,https://cdnm.heyzine.com/files/uploaded/3def574babd1cd1cd075ffbd1871e6f6f9c91a0b-7.pdf
99,Conrad Maldives Rangali Island,other,2025,current,,https://cdnm.heyzine.com/files/uploaded/v3/74643ec2478c937145b51f7519f5d1506fa46144.pdf
99,Conrad Maldives Rangali Island,other,2025,current,,https://cdnm.heyzine.com/files/uploaded/d3b206aa82812eb2cbfe04354bc2f9788e8d1ffd-1.pdf
99,Conrad Maldives Rangali Island,other,2025,current,,https://cdnm.heyzine.com/files/uploaded/c1320351a4964f26ddfc4ee07a3c2429bb4115de-1.pdf
99,Conrad Maldives Rangali Island,other,2025,current,,https://cdnm.heyzine.com/files/uploaded/57234b977e0b723b7a5ff79adac2e55f62bad941-2.pdf
99,Conrad Maldives Rangali Island,other,2025,current,,https://cdnm.heyzine.com/files/uploaded/cbc1d99112dbd3ce353b7cad881a22b9c61afcb0-1.pdf
99,Conrad Maldives Rangali Island,other,2025,current,,https://cdnm.heyzine.com/files/uploaded/7b13cf43965bb499d243dfb661eb3da726cbb58d-1.pdf
99,Conrad Maldives Rangali Island,other,2020,outdated,,https://cr.hilton.com/wp-content/uploads/2021/06/Hilton-Slavery-and-Trafficking-Statement-2020.pdf?_gl=1*13mi6mu*_gcl_au*MTAxMzg5NzQ3OC4xNzYyMTQ4NjQ3
99,Conrad Maldives Rangali Island,press_kit,2026,current,,https://cdnm.heyzine.com/files/uploaded/v3/04606813e415a01bc0126c181622e3c2b3ba9a4a-5.pdf
99,Conrad Maldives Rangali Island,press_kit,2026,current,Y,https://cdnm.heyzine.com/files/uploaded/5ad4361f6bb2eb0658bd91deddd206d1ba955355-4.pdf
99,Conrad Maldives Rangali Island,spa_menu,2025,current,,https://www.conradmaldives.com/wp-content/uploads/2025/12/CMRI_SkylightSpa.pdf
99,Conrad Maldives Rangali Island,spa_menu,2025,current,Y,https://www.conradmaldives.com/wp-content/uploads/2025/12/2025-Spa-Retreat-Brochure.pdf
99,Conrad Maldives Rangali Island,spa_menu,2025,current,,https://www.conradmaldives.com/wp-content/uploads/2025/12/Spa-Retreat-Conrad-Maldives-Rangali-Island.pdf
99,Conrad Maldives Rangali Island,spa_menu,2012,outdated,,https://www.conradmaldives.com/wp-content/uploads/2025/12/CMRI-Hassan-Fayaz-Rangali-Runner.pdf
99,Conrad Maldives Rangali Island,sustainability,2016,outdated,Y,https://www.conradmaldives.com/wp-content/uploads/2025/12/Coral-Conservation-Flyer.pdf
99,Conrad Maldives Rangali Island,villa_plans,2026,current,Y,https://cdnm.heyzine.com/files/uploaded/526026a1e7883dc6f94609fc41c31b3c7e5a7c9a-3.pdf
99,Conrad Maldives Rangali Island,wedding,2025,current,Y,https://www.conradmaldives.com/wp-content/uploads/2025/12/CMRI_Wedding-Brochure_July2025-2.pdf
100,Club Med Kanifinolhu,all_inclusive,2024,outdated,Y,https://assets.dream.clubmed/pm_7531_685_685303-gcjd9fcg1f.pdf
100,Club Med Kanifinolhu,factsheet,2026,current,Y,https://factsheets.clubmed/en-us/factsheet_kanc.pdf
100,Club Med Kanifinolhu,sustainability,2024,outdated,Y,https://assets.dream.clubmed/pm_7531_737_737247-fybx7wia91.pdf
102,W Maldives,brochure,2022,outdated,Y,https://www.maldivesexperts.com/uploads/resorts/538a360e92b56921329713a8af417bfc.pdf
102,W Maldives,dining_menu,2023,outdated,Y,https://letsgomaldives.com/wp-content/uploads/2023/01/W-Maldives-Whats-Next-January-2023.pdf
102,W Maldives,excursions,2022,outdated,Y,https://www.finolhu.com/wp-content/uploads/2024/01/oceaneers-daily-club-activity-schedule.pdf
102,W Maldives,factsheet,2019,outdated,Y,https://neoscapesmaldives.com/wp-content/uploads/W_Retreat-Maldives-Factsheet.pdf
102,W Maldives,map,2024,outdated,Y,https://www.maldivestourism.net/wp-content/uploads/maldives-map-by-maldives-tourism.pdf
102,W Maldives,other,2023,outdated,Y,https://www.maldivesexperts.com/uploads/resorts/bb26ab8ea54621ea88bffcaba7ddb59b.pdf
102,W Maldives,press_kit,2023,outdated,Y,https://letsgomaldives.com/wp-content/uploads/2023/08/W-Maldives-Whats-Next-Newsletter-August-2023.pdf
102,W Maldives,spa_menu,2022,outdated,,https://www.maldivesexperts.com/uploads/resorts/c8e7f1090122203c346dde7f8be2c290.pdf
102,W Maldives,spa_menu,2022,outdated,Y,https://www.maldivesexperts.com/uploads/resorts/ad0e8a7d99256672d5f992e76ef7ead2.pdf
103,Sheraton Maldives Full Moon Resort & Spa,calendar,2026,current,,https://letsgomaldives.com/wp-content/uploads/2026/02/Finolhu-Easter-2026-Programme.pdf
103,Sheraton Maldives Full Moon Resort & Spa,calendar,2026,current,Y,https://www.finolhu.com/wp-content/uploads/2026/03/finolhu-easter-program-2026.pdf
136,Finolhu Baa Atoll Maldives,calendar,2026,current,Y,https://www.finolhu.com/wp-content/uploads/2026/03/finolhu-easter-program-2026.pdf
103,Sheraton Maldives Full Moon Resort & Spa,dining_menu,2020,outdated,Y,https://dra0pipbd8ype.cloudfront.net/sites/3/2020/12/FullMoonBBQBuffetMenu-min.pdf
103,Sheraton Maldives Full Moon Resort & Spa,factsheet,2018,outdated,Y,https://www.neoscapesmaldives.com/wp-content/uploads/Fact-Sheet_EN.pdf
103,Sheraton Maldives Full Moon Resort & Spa,map,2025,current,Y,https://www.neoscapesmaldives.com/wp-content/uploads/Resort-Map_EN.pdf
105,Kuda Villingili Resort Maldives,brochure,2026,current,Y,https://dhshr15av118h.cloudfront.net/2026/08/Halloween-Brochure-2026-Friendly-Spirits-and-Ghosts-After-Dark.pdf
105,Kuda Villingili Resort Maldives,brochure,2026,current,,https://dhshr15av118h.cloudfront.net/2026/09/KV-Chinese-Golden-Week-Brochure-2026.pdf
105,Kuda Villingili Resort Maldives,brochure,2026,current,,https://dhshr15av118h.cloudfront.net/2026/09/Golden-Week-Brochure-2026.pdf
105,Kuda Villingili Resort Maldives,calendar,2026,current,Y,https://dhshr15av118h.cloudfront.net/2026/02/Kuda-Villingili-Maldives-Easter-Brochure-2026.pdf
105,Kuda Villingili Resort Maldives,calendar,2026,current,,https://dhshr15av118h.cloudfront.net/2026/02/Lunar-New-Year-Programm-2026_Kuda-Villingili-Resort.pdf
105,Kuda Villingili Resort Maldives,calendar,2025,current,,https://dhshr15av118h.cloudfront.net/2025/12/Festive-Brochure-2025-Kuda-Villingili-Maldives.pdf
105,Kuda Villingili Resort Maldives,dining_menu,2026,current,,https://dhshr15av118h.cloudfront.net/2026/09/Marumi_Lunch_CN.pdf
105,Kuda Villingili Resort Maldives,dining_menu,2026,current,,https://dhshr15av118h.cloudfront.net/2026/02/eid-2026.pdf
105,Kuda Villingili Resort Maldives,dining_menu,2026,current,Y,https://dhshr15av118h.cloudfront.net/2026/02/Valentines-Day-2026_Kuda-Villingili-Maldives.pdf
105,Kuda Villingili Resort Maldives,dining_menu,2021,outdated,,https://dhshr15av118h.cloudfront.net/2026/07/Marumi_Beverage_Menu.pdf
105,Kuda Villingili Resort Maldives,factsheet,2025,current,Y,https://www.neoscapesmaldives.com/wp-content/uploads/241220_-_Factsheet.pdf
105,Kuda Villingili Resort Maldives,map,2027,current,Y,https://dhshr15av118h.cloudfront.net/2026/07/Kuda-Villingili-Resort-Map.pdf
105,Kuda Villingili Resort Maldives,map,2026,current,,https://dhshr15av118h.cloudfront.net/2026/07/Kuda-Villingili-Sustainability-Management-Plan-2026_updated.pdf
105,Kuda Villingili Resort Maldives,map,2026,current,,https://dhshr15av118h.cloudfront.net/2026/06/Kuda-Villingili-Sustainability-Management-Plan-2026.pdf
105,Kuda Villingili Resort Maldives,map,2025,current,,https://dhshr15av118h.cloudfront.net/2026/07/KV-Floor-Plan.pdf
105,Kuda Villingili Resort Maldives,map,2024,outdated,,https://www.neoscapesmaldives.com/wp-content/uploads/Kuda-Villingili-Resort-Map.pdf
105,Kuda Villingili Resort Maldives,other,2024,outdated,Y,https://www.kudavillingili.com/download-pdf/?id=flplantwo
105,Kuda Villingili Resort Maldives,other,2024,outdated,,https://www.kudavillingili.com/download-pdf/?id=flplanone
105,Kuda Villingili Resort Maldives,press_kit,2026,current,Y,https://dhshr15av118h.cloudfront.net/2026/09/%D0%9F%D1%80%D0%BE%D0%B3%D0%BE%D0%BB%D0%BE%D1%81%D1%83%D0%B9%D1%82%D0%B5-%D0%B7%D0%B0-KudaVillingili-%D0%B2-%D0%BF%D1%80%D0%B5%D0%BC%D0%B8%D0%B8Conde-Nast-Traveller-Middle-East-Readers-Choice-Awards-2026.pdf
105,Kuda Villingili Resort Maldives,press_kit,2024,outdated,,https://www.kudavillingili.com/download-pdf/?id=fitness
105,Kuda Villingili Resort Maldives,spa_menu,2026,current,Y,https://dhshr15av118h.cloudfront.net/2026/07/Spa-Menu-A4-Square.pdf
105,Kuda Villingili Resort Maldives,sustainability,2022,outdated,Y,https://www.kudavillingili.com/download-pdf/?id=envpolicy
105,Kuda Villingili Resort Maldives,wedding,2026,current,Y,https://dhshr15av118h.cloudfront.net/2026/03/Wedding-Brochure-2026-Kuda-Villingili-1.pdf
106,Anantara Kihavah Villas,factsheet,2022,outdated,Y,https://www.neoscapesmaldives.com/wp-content/uploads/Anantara_Kihavah_Maldives_Villas_Factsheet_Resort.pdf
106,Anantara Kihavah Villas,map,2022,outdated,Y,https://www.neoscapesmaldives.com/wp-content/uploads/Anantara_Kihavah_Maldives_Villas_Resort_Map.pdf
107,The Westin Maldives Miriandhoo Resort,calendar,2024,outdated,Y,https://letsgomaldives.com/wp-content/uploads/2024/03/The-Westin-Maldives-2024-Easter-Celebration-Brochure.pdf
108,Rahaa Resort,map,2024,outdated,Y,https://letsgomaldives.com/wp-content/uploads/2024/03/RAHAA-RESORT-ALL-INCLUSIVE-MEAL-PLAN-2024.pdf
109,Constance Moofushi Resort,factsheet,2023,outdated,Y,https://www.neoscapesmaldives.com/wp-content/uploads/moofushi-factsheet-en-24april2023.pdf
109,Constance Moofushi Resort,factsheet,2010,outdated,,https://cdn.bfldr.com/4HTSVWZZ/at/2q2q6fv86927gcp4xqr7gtt/Constance-Moofushi-Factsheet-_En.pdf
109,Constance Moofushi Resort,map,2019,outdated,Y,https://www.neoscapesmaldives.com/wp-content/uploads/constance-moofushi-island-map.pdf
110,Furaveri Island Resort & Spa,dining_menu,2025,current,,https://furaveri.com/wp-content/uploads/2025/05/Daily-Events-FB-MAY-2025.pdf
110,Furaveri Island Resort & Spa,dining_menu,2025,current,Y,https://furaveri.com/wp-content/uploads/2025/12/INTO-THE-BLUES.pdf
110,Furaveri Island Resort & Spa,dining_menu,2022,outdated,,https://furaveri.com/wp-content/uploads/2022/04/Furaveri-DiveClub-Menu.pdf
110,Furaveri Island Resort & Spa,dining_menu,2021,outdated,,https://furaveri.com/wp-content/uploads/2022/04/Furaveri-Reyla-Adventures-Menu.pdf
110,Furaveri Island Resort & Spa,dive_prices,2025,current,Y,https://furaveri.com/wp-content/uploads/2026/01/DCF-Price-List-new.pdf
110,Furaveri Island Resort & Spa,dive_prices,2023,outdated,,https://furaveri.com/wp-content/uploads/2023/01/Dive-Club-Furaveri-Price-List-2023.pdf
110,Furaveri Island Resort & Spa,dive_prices,2023,outdated,,https://furaveri.com/wp-content/uploads/2023/01/Watersports-Furaveri-2023.pdf
110,Furaveri Island Resort & Spa,dive_prices,2023,outdated,,https://furaveri.com/wp-content/uploads/2022/12/2023-New-Price-List.pdf
110,Furaveri Island Resort & Spa,excursions,2025,current,Y,https://furaveri.com/wp-content/uploads/2025/07/Reyla-Adventure-Brochure-2025-AMENDED.pdf
110,Furaveri Island Resort & Spa,excursions,2025,current,,https://furaveri.com/wp-content/uploads/2025/05/Reyla-Adventure-Brochure-2025-.pdf
110,Furaveri Island Resort & Spa,map,2024,outdated,,https://furaveri.com/wp-content/uploads/2024/11/Meal-Plan-Details-Entitlements.pdf
110,Furaveri Island Resort & Spa,map,2022,outdated,,https://furaveri.com/wp-content/uploads/2022/08/Bed-and-Breakfast-Meal-Plan-Details.pdf
110,Furaveri Island Resort & Spa,map,2022,outdated,,https://furaveri.com/wp-content/uploads/2022/08/Full-Board-Meal-Plan-Details.pdf
110,Furaveri Island Resort & Spa,map,2022,outdated,,https://furaveri.com/wp-content/uploads/2022/08/Half-Board-Meal-Plan-Details.pdf
110,Furaveri Island Resort & Spa,spa_menu,2025,current,Y,https://furaveri.com/wp-content/uploads/2025/07/WELLNESS-VILLAGE-MENU-17-gst.pdf
110,Furaveri Island Resort & Spa,spa_menu,2023,outdated,,https://furaveri.com/wp-content/uploads/2023/04/Furaveri_Spa_Menu_2023.pdf
110,Furaveri Island Resort & Spa,spa_menu,2023,outdated,,https://furaveri.com/wp-content/uploads/2023/06/SPA_promo_WELLNESS-RETREAT_A3_A4_A5.pdf
110,Furaveri Island Resort & Spa,spa_menu,2023,outdated,,https://furaveri.com/wp-content/uploads/2023/02/Furaveri_Spa_Mobile_Menu_2023.pdf
110,Furaveri Island Resort & Spa,spa_menu,2019,outdated,,https://furaveri.com/wp-content/uploads/2022/04/FM_WellnessVillage_Menu.pdf
110,Furaveri Island Resort & Spa,wedding,2022,outdated,Y,https://furaveri.com/wp-content/uploads/2022/05/FM_Website_SignatureWeddingPackage-min.pdf
111,Huvafenfushi Maldives,brochure,2026,current,Y,https://www.huvafenfushi.com/wp-content/uploads/2026/04/FLOAT-Brochure-2026.pdf
111,Huvafenfushi Maldives,brochure,2026,current,,https://www.huvafenfushi.com/wp-content/uploads/2026/04/FLOAT-Brochure-March-2026.pdf
111,Huvafenfushi Maldives,brochure,2026,current,,https://www.huvafenfushi.com/wp-content/uploads/2026/02/FLOAT-Brochure_Feb-2026-Small1.pdf
111,Huvafenfushi Maldives,brochure,2025,current,,https://www.huvafenfushi.com/wp-content/uploads/2025/06/FLOAT-Brochure_July-2025_compressed.pdf
111,Huvafenfushi Maldives,brochure,2025,current,,https://www.huvafenfushi.com/wp-content/uploads/2025/02/Digital_FLOAT-Brochure-Feb-2025.pdf
111,Huvafenfushi Maldives,brochure,2025,current,,https://www.huvafenfushi.com/wp-content/uploads/2025/01/Digital_FLOAT-Brochure-2025.pdf
111,Huvafenfushi Maldives,brochure,2024,outdated,,https://www.huvafenfushi.com/wp-content/uploads/2025/03/Sales-Presentation-June-2024.pdf
111,Huvafenfushi Maldives,brochure,2024,outdated,,https://www.huvafenfushi.com/wp-content/uploads/2025/03/HF-Brochure_digital.pdf
111,Huvafenfushi Maldives,brochure,2024,outdated,,https://www.huvafenfushi.com/wp-content/uploads/2024/12/FLOAT-Brochure_Sep-2024_Digital.pdf
111,Huvafenfushi Maldives,calendar,2026,current,Y,https://www.huvafenfushi.com/wp-content/uploads/2026/07/Huvafen-Festive-brochure-2026-.pdf
111,Huvafenfushi Maldives,calendar,2026,current,,https://www.huvafenfushi.com/wp-content/uploads/2026/04/Huvafenfushi_Events-Calendar-2026.pdf
111,Huvafenfushi Maldives,calendar,2026,current,,https://www.huvafenfushi.com/wp-content/uploads/2025/09/Huvafen-Festive-brochure-2025_2026.pdf
111,Huvafenfushi Maldives,calendar,2024,outdated,,https://www.huvafenfushi.com/wp-content/uploads/2024/12/Print_HF-Festive-Brochure-2024-Digital.pdf
111,Huvafenfushi Maldives,calendar,2024,outdated,,https://www.huvafenfushi.com/wp-content/uploads/2024/11/Digital_HF-Festive-Brochure-2024-25-1.pdf
111,Huvafenfushi Maldives,calendar,2024,outdated,,https://www.huvafenfushi.com/wp-content/uploads/2024/10/Digital_HF-Festive-Brochure-2024-25.pdf
111,Huvafenfushi Maldives,calendar,2024,outdated,,https://www.huvafenfushi.com/wp-content/uploads/2024/09/Digital_HF-Festive-Brochure-2024-25.pdf
111,Huvafenfushi Maldives,destination_dining,2026,current,Y,https://www.huvafenfushi.com/wp-content/uploads/2026/06/Sandbank-dinner.pdf
111,Huvafenfushi Maldives,destination_dining,2026,current,,https://www.huvafenfushi.com/wp-content/uploads/2026/06/Sandbank-Lunch.pdf
111,Huvafenfushi Maldives,destination_dining,2025,current,,https://www.huvafenfushi.com/wp-content/uploads/2023/12/Sandbank-Lunch-2025.pdf.pdf
111,Huvafenfushi Maldives,destination_dining,2025,current,,https://www.huvafenfushi.com/wp-content/uploads/2023/12/Sandbank-Lunch-2025.pdf
111,Huvafenfushi Maldives,destination_dining,2025,current,,https://www.huvafenfushi.com/wp-content/uploads/2023/12/Sandbank-Dinner-2025.pdf
111,Huvafenfushi Maldives,destination_dining,2025,current,,https://www.huvafenfushi.com/wp-content/uploads/2023/12/Sandbank-Dinner-Poster-2025.pdf
111,Huvafenfushi Maldives,destination_dining,2024,outdated,,https://www.huvafenfushi.com/wp-content/uploads/2025/03/Sandbank-Lunch-Poster-2024.pdf
111,Huvafenfushi Maldives,destination_dining,2024,outdated,,https://www.huvafenfushi.com/wp-content/uploads/2025/01/Sandbank-Dinner-Poster-2024b.pdf
111,Huvafenfushi Maldives,destination_dining,2022,outdated,,https://www.huvafenfushi.com/wp-content/uploads/2026/06/Sandbank-lunch-wine-selection.pdf
111,Huvafenfushi Maldives,dining_menu,2026,current,Y,https://www.huvafenfushi.com/wp-content/uploads/2026/07/UMbar-Beverage-Menu-2026-July.pdf
111,Huvafenfushi Maldives,dining_menu,2026,current,,https://www.huvafenfushi.com/wp-content/uploads/2026/06/Immerse-Latitude.pdf
111,Huvafenfushi Maldives,dining_menu,2026,current,,https://www.huvafenfushi.com/wp-content/uploads/2026/06/Rock-Dinner.pdf
111,Huvafenfushi Maldives,dining_menu,2026,current,,https://www.huvafenfushi.com/wp-content/uploads/2026/06/Cardamom.pdf
111,Huvafenfushi Maldives,dining_menu,2026,current,,https://www.huvafenfushi.com/wp-content/uploads/2026/06/Pooltop-dinner.pdf
111,Huvafenfushi Maldives,dining_menu,2026,current,,https://www.huvafenfushi.com/wp-content/uploads/2026/06/Chefs-Grill.pdf
111,Huvafenfushi Maldives,dining_menu,2026,current,,https://www.huvafenfushi.com/wp-content/uploads/2026/06/Vinum.pdf
111,Huvafenfushi Maldives,dining_menu,2026,current,,https://www.huvafenfushi.com/wp-content/uploads/2026/06/Arabian-dinner.pdf
111,Huvafenfushi Maldives,dining_menu,2025,current,,https://www.huvafenfushi.com/wp-content/uploads/2023/12/Celsius-Dinner-Menu-December-2025.pdf
111,Huvafenfushi Maldives,dining_menu,2025,current,,https://www.huvafenfushi.com/wp-content/uploads/2023/12/Celsius-Dinner-Menu-November-2025.pdf
111,Huvafenfushi Maldives,dining_menu,2025,current,,https://www.huvafenfushi.com/wp-content/uploads/2023/12/Breakfast-Menu-Oct-2025.pdf
111,Huvafenfushi Maldives,dining_menu,2025,current,,https://www.huvafenfushi.com/wp-content/uploads/2023/12/IBD-Menu-Latest-October-2025.pdf
111,Huvafenfushi Maldives,dining_menu,2025,current,,https://www.huvafenfushi.com/wp-content/uploads/2025/10/Celsius-_-Dinner-Full-Menu-September-2025.pdf
111,Huvafenfushi Maldives,dining_menu,2025,current,,https://www.huvafenfushi.com/wp-content/uploads/2023/12/Chefs-BBQ-Gril-2025.pdf
111,Huvafenfushi Maldives,dining_menu,2025,current,,https://www.huvafenfushi.com/wp-content/uploads/2023/12/Rock-Dinner-2025.pdf
111,Huvafenfushi Maldives,dining_menu,2025,current,,https://www.huvafenfushi.com/wp-content/uploads/2023/12/Cardamom-Dinner-2025.pdf
111,Huvafenfushi Maldives,dining_menu,2025,current,,https://www.huvafenfushi.com/wp-content/uploads/2023/12/Immerse-Latitude-2025.pdf
111,Huvafenfushi Maldives,dining_menu,2025,current,,https://www.huvafenfushi.com/wp-content/uploads/2023/12/Foglianis-Menu-2025.pdf
111,Huvafenfushi Maldives,dining_menu,2025,current,,https://www.huvafenfushi.com/wp-content/uploads/2025/07/RAW-Deck-Beverage-Menu.pdf.pdf
111,Huvafenfushi Maldives,dining_menu,2025,current,,https://www.huvafenfushi.com/wp-content/uploads/2025/07/Vinum-Dinner-Menu-July-2025.pdf
111,Huvafenfushi Maldives,dining_menu,2025,current,,https://www.huvafenfushi.com/wp-content/uploads/2025/07/Huvafen_Fushi_Celsius_Breakfast_Menu.2025.pdf.pdf
111,Huvafenfushi Maldives,dining_menu,2025,current,,https://www.huvafenfushi.com/wp-content/uploads/2025/07/HB_HF_Celsius_Dinner_Menu-2025.pdf.pdf
111,Huvafenfushi Maldives,dining_menu,2025,current,,https://www.huvafenfushi.com/wp-content/uploads/2025/07/RAW-Lunch-Menu-2025.pdf.pdf
111,Huvafenfushi Maldives,dining_menu,2025,current,,https://www.huvafenfushi.com/wp-content/uploads/2025/07/Salt-Menu-EN-July-2025.pdf
111,Huvafenfushi Maldives,dining_menu,2015,outdated,,https://www.huvafenfushi.com/wp-content/uploads/2026/06/Lobster-Champagne.pdf
111,Huvafenfushi Maldives,dive_prices,2026,current,Y,https://www.huvafenfushi.com/wp-content/uploads/2026/05/Pricelist-Updated-2026.pdf
111,Huvafenfushi Maldives,dive_prices,2025,current,,https://www.huvafenfushi.com/wp-content/uploads/2025/01/Float-Pricelist_2025.pdf
111,Huvafenfushi Maldives,dive_prices,2024,outdated,,https://www.huvafenfushi.com/wp-content/uploads/2024/12/HF-Chinese-FAQ.pdf
111,Huvafenfushi Maldives,events,2017,outdated,Y,https://www.huvafenfushi.com/wp-content/uploads/2026/06/HF-Corporate-Social-Responsibility.pdf
111,Huvafenfushi Maldives,excursions,2024,outdated,Y,https://www.huvafenfushi.com/wp-content/uploads/2024/10/HF-Kids-Activities.pdf
111,Huvafenfushi Maldives,factsheet,2026,current,Y,https://www.huvafenfushi.com/wp-content/uploads/2026/04/Huvafen-Factsheet-2026.pdf
111,Huvafenfushi Maldives,factsheet,2026,current,,https://www.huvafenfushi.com/wp-content/uploads/2026/02/A4_Huvafen-Factsheet-2026.pdf
111,Huvafenfushi Maldives,factsheet,2025,current,,https://www.huvafenfushi.com/wp-content/uploads/2025/09/Huvafen-Factsheet-2025-02.pdf
111,Huvafenfushi Maldives,factsheet,2024,outdated,,https://www.huvafenfushi.com/wp-content/uploads/2024/09/HF-Factsheet-2024.pdf
111,Huvafenfushi Maldives,factsheet,2020,outdated,,https://www.neoscapesmaldives.com/wp-content/uploads/Huvafen-Fushi-Factsheet-2020-Digital_rdc.pdf
111,Huvafenfushi Maldives,kids,2017,outdated,Y,https://www.huvafenfushi.com/wp-content/uploads/2026/06/HF-Child-Protection-Policy.pdf
111,Huvafenfushi Maldives,map,2024,outdated,Y,https://www.huvafenfushi.com/wp-content/uploads/2025/03/HF-Resort-Map-2024.pdf
111,Huvafenfushi Maldives,map,2024,outdated,,https://www.huvafenfushi.com/wp-content/uploads/2024/07/HF-Resort-Map.pdf
111,Huvafenfushi Maldives,map,2019,outdated,,https://www.neoscapesmaldives.com/wp-content/uploads/Resort-Map.pdf
111,Huvafenfushi Maldives,other,2017,outdated,,https://www.huvafenfushi.com/wp-content/uploads/2026/06/HF-Equal-Employment-Opportunity-Policy.pdf
111,Huvafenfushi Maldives,other,2017,outdated,Y,https://www.huvafenfushi.com/wp-content/uploads/2026/06/HF-Sexual-Harrassment-Policy.pdf
111,Huvafenfushi Maldives,other,2017,outdated,,https://www.huvafenfushi.com/wp-content/uploads/2026/06/HF-Quality-Assurance-Policy.pdf
111,Huvafenfushi Maldives,spa_menu,2026,current,,https://www.huvafenfushi.com/wp-content/uploads/2026/09/Inspirational-Wellbeing-Journey-2026.pdf
111,Huvafenfushi Maldives,spa_menu,2026,current,Y,https://www.huvafenfushi.com/wp-content/uploads/2026/07/Huvafen-Spa-Menu-2026_compressed.pdf
111,Huvafenfushi Maldives,spa_menu,2026,current,,https://www.huvafenfushi.com/wp-content/uploads/2026/07/HF-Spa-Price-list.pdf
111,Huvafenfushi Maldives,spa_menu,2026,current,,https://www.huvafenfushi.com/wp-content/uploads/2026/03/HF-Spa-Menu-2026-2.pdf
111,Huvafenfushi Maldives,spa_menu,2025,current,,https://www.huvafenfushi.com/wp-content/uploads/2025/07/HF_Spa-Menu-2025_Digital.pdf
111,Huvafenfushi Maldives,spa_menu,2025,current,,https://www.huvafenfushi.com/wp-content/uploads/2025/06/HF-Spa-Menu-July-2025.pdf
111,Huvafenfushi Maldives,spa_menu,2024,outdated,,https://www.huvafenfushi.com/wp-content/uploads/2024/12/A4_Inspirational-Wellbeing-Journey.pdf
111,Huvafenfushi Maldives,spa_menu,2024,outdated,,https://www.huvafenfushi.com/wp-content/uploads/2024/11/HF_Spa-Menu-2024_Digital.pdf
111,Huvafenfushi Maldives,spa_menu,2024,outdated,,https://www.huvafenfushi.com/wp-content/uploads/2024/09/HF_Spa-Menu-2024_Digital.pdf
111,Huvafenfushi Maldives,spa_menu,2024,outdated,,https://www.huvafenfushi.com/wp-content/uploads/2024/08/A4_Inspirational-Wellbeing-Journey.pdf
111,Huvafenfushi Maldives,spa_menu,2024,outdated,,https://www.huvafenfushi.com/wp-content/uploads/2024/08/HF_Spa-Menu-2024_v2.pdf
111,Huvafenfushi Maldives,spa_menu,2024,outdated,,https://www.huvafenfushi.com/wp-content/uploads/2024/07/iPad_HF-spa-pop-up-menu.pdf
111,Huvafenfushi Maldives,sustainability,2026,current,Y,https://www.huvafenfushi.com/wp-content/uploads/2026/06/Infinity-Food-Sensation.pdf
111,Huvafenfushi Maldives,sustainability,2025,current,,https://www.huvafenfushi.com/wp-content/uploads/2023/12/Infinity-Seafood-Sensation-2025.pdf
111,Huvafenfushi Maldives,sustainability,2024,outdated,,https://www.huvafenfushi.com/wp-content/uploads/2026/06/AG.TL_.001-Sustainability-1.pdf
111,Huvafenfushi Maldives,sustainability,2017,outdated,,https://www.huvafenfushi.com/wp-content/uploads/2026/06/HF-Environment-Policy.pdf
111,Huvafenfushi Maldives,sustainability,2017,outdated,,https://www.huvafenfushi.com/wp-content/uploads/2026/06/HF-Waste-Minimization-Policy.pdf
111,Huvafenfushi Maldives,sustainability,2017,outdated,,https://www.huvafenfushi.com/wp-content/uploads/2026/06/HF-Team-member-engagement.pdf
111,Huvafenfushi Maldives,sustainability,2017,outdated,,https://www.huvafenfushi.com/wp-content/uploads/2026/06/HF-Sustainable-Purchasing.pdf
111,Huvafenfushi Maldives,sustainability,2017,outdated,,https://www.huvafenfushi.com/wp-content/uploads/2026/06/HF-Sustainability.pdf
111,Huvafenfushi Maldives,sustainability,2017,outdated,,https://www.huvafenfushi.com/wp-content/uploads/2026/06/HF-Harrassment-Policy.pdf
111,Huvafenfushi Maldives,wedding,2026,current,Y,https://www.huvafenfushi.com/wp-content/uploads/2026/06/Sand-and-Romance.pdf
111,Huvafenfushi Maldives,wedding,2025,current,,https://www.huvafenfushi.com/wp-content/uploads/2023/12/Sand-and-Romance-Sand-dig-Dinner-2025.pdf
112,Nika Island Resort and Spa,factsheet,2020,outdated,Y,https://www.neoscapesmaldives.com/wp-content/uploads/NIKA-FACT-SHEET-Nika-Island-Resort.pdf
112,Nika Island Resort and Spa,map,2020,outdated,,https://www.neoscapesmaldives.com/wp-content/uploads/NIKA-MAP-Nika-Island-Resort.pdf
115,Oblu Select by Atmosphere at Sangeli,brochure,2025,current,Y,https://www.neoscapesmaldives.com/wp-content/uploads/OBLU-SELECT-Sangeli-BROCHURE-FEB-2025.pdf
115,Oblu Select by Atmosphere at Sangeli,brochure,2025,current,,https://www.neoscapesmaldives.com/wp-content/uploads/OBLU-SELECT-Lobigili-Brochure-MAY-2025-WEB.pdf
115,Oblu Select by Atmosphere at Sangeli,map,2025,current,Y,https://www.neoscapesmaldives.com/wp-content/uploads/OBLU-SELECT-Lobigili-Island-Map-MAY-2025.pdf
115,Oblu Select by Atmosphere at Sangeli,map,2019,outdated,,https://www.neoscapesmaldives.com/wp-content/uploads/OBLU-SELECT-at-Sangeli-ISLAND-MAP-1.pdf
115,Oblu Select by Atmosphere at Sangeli,villa_plans,2026,current,Y,https://cob-ucmsapi.coloursofoblu.com/OBLU/images/pdflinkd0d15eb6-736a-4194-8844-1d146f52d641file.pdf.pdf
116,Nova Maldives,all_inclusive,2025,current,Y,https://d7h9v39iheghu.cloudfront.net/previews/7837a234-9635-4da8-b132-476aacd9b4c1/77424a46-3c12-4c78-9265-793797c79507/77424a46-3c12-4c78-9265-793797c79507?Policy=eyJTdGF0ZW1lbnQiOiBbeyJSZXNvdXJjZSI6Imh0dHBzOi8vZDdoOXYzOWloZWdodS5jbG91ZGZyb250Lm5ldC9wcmV2aWV3cy83ODM3YTIzNC05NjM1LTRkYTgtYjEzMi00NzZhYWNkOWI0YzEqIiwiQ29uZGl0aW9uIjp7IkRhdGVMZXNzVGhhbiI6eyJBV1M6RXBvY2hUaW1lIjoxNzkzNjg0MDEwfX19XX0_&Signature=0NCrDHEtg~3Ag4tUAPQa6ilJ6cyZ~w4zVuMSD7cG~r-mqETwrHjP~ymbFvuB7vZlbnPnlWCA1ED5pRAzfLnrljg2GzmBKzehdZ5pgyEdg2DhUh1PdoH9P3mOCEtIvAjK8OJMABLlrsk9l-sKHGYMa1a1Cwv28E-vbs9wjG1faMxEGG67VKe8YrbKJea-zq31p-n-SwDxEgYcBaFhSoyAOtk-LQQh4YnbO4e3Mh1O3qhd1CUPoi~QB1~gR8sul5CK0VJQczSIV5ZAIetLpT6YzKJjTsyOlpvwM1Ndaf6IhiW6ocfSJj45JPk5h8YsmO05fa9p1P7DalJRXVD6AH0o6g__&Key-Pair-Id=APKAJXJN6VNR3OLZJXJA
116,Nova Maldives,all_inclusive,2024,outdated,,https://nova-maldives.com/wp-content/uploads/2024/04/nova-april.pdf-1.pdf
116,Nova Maldives,all_inclusive,2024,outdated,,https://nova-maldives.com/wp-content/uploads/2024/04/nova-april.pdf
116,Nova Maldives,all_inclusive,2023,outdated,,https://nova-maldives.com/wp-content/uploads/2023/08/Nova.pdf
116,Nova Maldives,all_inclusive,2023,outdated,,https://nova-maldives.com/wp-content/uploads/2023/07/Soulful-tales-from-Nova-Maldives.pdf
116,Nova Maldives,all_inclusive,2023,outdated,,https://nova-maldives.com/wp-content/uploads/2023/02/Memories-2023.pdf
116,Nova Maldives,brochure,2026,current,Y,https://d7h9v39iheghu.cloudfront.net/previews/7837a234-9635-4da8-b132-476aacd9b4c1/673003fa-d33f-488f-92a9-e8eee12edbe8/96297ecf-6ff1-4aa7-8710-a8593470da83?Policy=eyJTdGF0ZW1lbnQiOiBbeyJSZXNvdXJjZSI6Imh0dHBzOi8vZDdoOXYzOWloZWdodS5jbG91ZGZyb250Lm5ldC9wcmV2aWV3cy83ODM3YTIzNC05NjM1LTRkYTgtYjEzMi00NzZhYWNkOWI0YzEqIiwiQ29uZGl0aW9uIjp7IkRhdGVMZXNzVGhhbiI6eyJBV1M6RXBvY2hUaW1lIjoxNzkzNjg0MDEwfX19XX0_&Signature=0NCrDHEtg~3Ag4tUAPQa6ilJ6cyZ~w4zVuMSD7cG~r-mqETwrHjP~ymbFvuB7vZlbnPnlWCA1ED5pRAzfLnrljg2GzmBKzehdZ5pgyEdg2DhUh1PdoH9P3mOCEtIvAjK8OJMABLlrsk9l-sKHGYMa1a1Cwv28E-vbs9wjG1faMxEGG67VKe8YrbKJea-zq31p-n-SwDxEgYcBaFhSoyAOtk-LQQh4YnbO4e3Mh1O3qhd1CUPoi~QB1~gR8sul5CK0VJQczSIV5ZAIetLpT6YzKJjTsyOlpvwM1Ndaf6IhiW6ocfSJj45JPk5h8YsmO05fa9p1P7DalJRXVD6AH0o6g__&Key-Pair-Id=APKAJXJN6VNR3OLZJXJA
116,Nova Maldives,brochure,2025,current,,https://d7h9v39iheghu.cloudfront.net/previews/7837a234-9635-4da8-b132-476aacd9b4c1/855a9a6a-b7ac-4f9c-ae6c-95e83937a19b/0640f934-7539-4c14-b124-ee9f73caf1a9?Policy=eyJTdGF0ZW1lbnQiOiBbeyJSZXNvdXJjZSI6Imh0dHBzOi8vZDdoOXYzOWloZWdodS5jbG91ZGZyb250Lm5ldC9wcmV2aWV3cy83ODM3YTIzNC05NjM1LTRkYTgtYjEzMi00NzZhYWNkOWI0YzEqIiwiQ29uZGl0aW9uIjp7IkRhdGVMZXNzVGhhbiI6eyJBV1M6RXBvY2hUaW1lIjoxNzkzNjg0MDEwfX19XX0_&Signature=0NCrDHEtg~3Ag4tUAPQa6ilJ6cyZ~w4zVuMSD7cG~r-mqETwrHjP~ymbFvuB7vZlbnPnlWCA1ED5pRAzfLnrljg2GzmBKzehdZ5pgyEdg2DhUh1PdoH9P3mOCEtIvAjK8OJMABLlrsk9l-sKHGYMa1a1Cwv28E-vbs9wjG1faMxEGG67VKe8YrbKJea-zq31p-n-SwDxEgYcBaFhSoyAOtk-LQQh4YnbO4e3Mh1O3qhd1CUPoi~QB1~gR8sul5CK0VJQczSIV5ZAIetLpT6YzKJjTsyOlpvwM1Ndaf6IhiW6ocfSJj45JPk5h8YsmO05fa9p1P7DalJRXVD6AH0o6g__&Key-Pair-Id=APKAJXJN6VNR3OLZJXJA
116,Nova Maldives,brochure,2025,current,,https://d7h9v39iheghu.cloudfront.net/previews/7837a234-9635-4da8-b132-476aacd9b4c1/6876feef-e91a-4658-8cfa-672bdc847966/2e69c024-a33f-42b6-92bc-69782990811d?Policy=eyJTdGF0ZW1lbnQiOiBbeyJSZXNvdXJjZSI6Imh0dHBzOi8vZDdoOXYzOWloZWdodS5jbG91ZGZyb250Lm5ldC9wcmV2aWV3cy83ODM3YTIzNC05NjM1LTRkYTgtYjEzMi00NzZhYWNkOWI0YzEqIiwiQ29uZGl0aW9uIjp7IkRhdGVMZXNzVGhhbiI6eyJBV1M6RXBvY2hUaW1lIjoxNzkzNjg0MDEwfX19XX0_&Signature=0NCrDHEtg~3Ag4tUAPQa6ilJ6cyZ~w4zVuMSD7cG~r-mqETwrHjP~ymbFvuB7vZlbnPnlWCA1ED5pRAzfLnrljg2GzmBKzehdZ5pgyEdg2DhUh1PdoH9P3mOCEtIvAjK8OJMABLlrsk9l-sKHGYMa1a1Cwv28E-vbs9wjG1faMxEGG67VKe8YrbKJea-zq31p-n-SwDxEgYcBaFhSoyAOtk-LQQh4YnbO4e3Mh1O3qhd1CUPoi~QB1~gR8sul5CK0VJQczSIV5ZAIetLpT6YzKJjTsyOlpvwM1Ndaf6IhiW6ocfSJj45JPk5h8YsmO05fa9p1P7DalJRXVD6AH0o6g__&Key-Pair-Id=APKAJXJN6VNR3OLZJXJA
116,Nova Maldives,calendar,2023,outdated,Y,https://nova-maldives.com/wp-content/uploads/2023/02/MS_Nova-Easter-Press-Release-1.pdf
116,Nova Maldives,destination_dining,2025,current,Y,https://d7h9v39iheghu.cloudfront.net/previews/7837a234-9635-4da8-b132-476aacd9b4c1/82e5e5f7-46b7-4f71-b7c1-ade9221cae32/82e5e5f7-46b7-4f71-b7c1-ade9221cae32?Policy=eyJTdGF0ZW1lbnQiOiBbeyJSZXNvdXJjZSI6Imh0dHBzOi8vZDdoOXYzOWloZWdodS5jbG91ZGZyb250Lm5ldC9wcmV2aWV3cy83ODM3YTIzNC05NjM1LTRkYTgtYjEzMi00NzZhYWNkOWI0YzEqIiwiQ29uZGl0aW9uIjp7IkRhdGVMZXNzVGhhbiI6eyJBV1M6RXBvY2hUaW1lIjoxNzkzNjg0MDEwfX19XX0_&Signature=0NCrDHEtg~3Ag4tUAPQa6ilJ6cyZ~w4zVuMSD7cG~r-mqETwrHjP~ymbFvuB7vZlbnPnlWCA1ED5pRAzfLnrljg2GzmBKzehdZ5pgyEdg2DhUh1PdoH9P3mOCEtIvAjK8OJMABLlrsk9l-sKHGYMa1a1Cwv28E-vbs9wjG1faMxEGG67VKe8YrbKJea-zq31p-n-SwDxEgYcBaFhSoyAOtk-LQQh4YnbO4e3Mh1O3qhd1CUPoi~QB1~gR8sul5CK0VJQczSIV5ZAIetLpT6YzKJjTsyOlpvwM1Ndaf6IhiW6ocfSJj45JPk5h8YsmO05fa9p1P7DalJRXVD6AH0o6g__&Key-Pair-Id=APKAJXJN6VNR3OLZJXJA
116,Nova Maldives,dining_menu,2026,current,,https://d7h9v39iheghu.cloudfront.net/previews/7837a234-9635-4da8-b132-476aacd9b4c1/6215faa8-2908-4ffb-b966-15dda3fb8869/6215faa8-2908-4ffb-b966-15dda3fb8869?Policy=eyJTdGF0ZW1lbnQiOiBbeyJSZXNvdXJjZSI6Imh0dHBzOi8vZDdoOXYzOWloZWdodS5jbG91ZGZyb250Lm5ldC9wcmV2aWV3cy83ODM3YTIzNC05NjM1LTRkYTgtYjEzMi00NzZhYWNkOWI0YzEqIiwiQ29uZGl0aW9uIjp7IkRhdGVMZXNzVGhhbiI6eyJBV1M6RXBvY2hUaW1lIjoxNzkzNjg0MDEwfX19XX0_&Signature=0NCrDHEtg~3Ag4tUAPQa6ilJ6cyZ~w4zVuMSD7cG~r-mqETwrHjP~ymbFvuB7vZlbnPnlWCA1ED5pRAzfLnrljg2GzmBKzehdZ5pgyEdg2DhUh1PdoH9P3mOCEtIvAjK8OJMABLlrsk9l-sKHGYMa1a1Cwv28E-vbs9wjG1faMxEGG67VKe8YrbKJea-zq31p-n-SwDxEgYcBaFhSoyAOtk-LQQh4YnbO4e3Mh1O3qhd1CUPoi~QB1~gR8sul5CK0VJQczSIV5ZAIetLpT6YzKJjTsyOlpvwM1Ndaf6IhiW6ocfSJj45JPk5h8YsmO05fa9p1P7DalJRXVD6AH0o6g__&Key-Pair-Id=APKAJXJN6VNR3OLZJXJA
116,Nova Maldives,dining_menu,2026,current,,https://d7h9v39iheghu.cloudfront.net/previews/7837a234-9635-4da8-b132-476aacd9b4c1/0143e8b3-39ed-4ed5-aad6-75549e9797e9/0143e8b3-39ed-4ed5-aad6-75549e9797e9?Policy=eyJTdGF0ZW1lbnQiOiBbeyJSZXNvdXJjZSI6Imh0dHBzOi8vZDdoOXYzOWloZWdodS5jbG91ZGZyb250Lm5ldC9wcmV2aWV3cy83ODM3YTIzNC05NjM1LTRkYTgtYjEzMi00NzZhYWNkOWI0YzEqIiwiQ29uZGl0aW9uIjp7IkRhdGVMZXNzVGhhbiI6eyJBV1M6RXBvY2hUaW1lIjoxNzkzNjg0MDEwfX19XX0_&Signature=0NCrDHEtg~3Ag4tUAPQa6ilJ6cyZ~w4zVuMSD7cG~r-mqETwrHjP~ymbFvuB7vZlbnPnlWCA1ED5pRAzfLnrljg2GzmBKzehdZ5pgyEdg2DhUh1PdoH9P3mOCEtIvAjK8OJMABLlrsk9l-sKHGYMa1a1Cwv28E-vbs9wjG1faMxEGG67VKe8YrbKJea-zq31p-n-SwDxEgYcBaFhSoyAOtk-LQQh4YnbO4e3Mh1O3qhd1CUPoi~QB1~gR8sul5CK0VJQczSIV5ZAIetLpT6YzKJjTsyOlpvwM1Ndaf6IhiW6ocfSJj45JPk5h8YsmO05fa9p1P7DalJRXVD6AH0o6g__&Key-Pair-Id=APKAJXJN6VNR3OLZJXJA
116,Nova Maldives,dining_menu,2026,current,,https://d7h9v39iheghu.cloudfront.net/previews/7837a234-9635-4da8-b132-476aacd9b4c1/4a0fb920-b499-4501-b8f2-6eb9453dd9e1/4a0fb920-b499-4501-b8f2-6eb9453dd9e1?Policy=eyJTdGF0ZW1lbnQiOiBbeyJSZXNvdXJjZSI6Imh0dHBzOi8vZDdoOXYzOWloZWdodS5jbG91ZGZyb250Lm5ldC9wcmV2aWV3cy83ODM3YTIzNC05NjM1LTRkYTgtYjEzMi00NzZhYWNkOWI0YzEqIiwiQ29uZGl0aW9uIjp7IkRhdGVMZXNzVGhhbiI6eyJBV1M6RXBvY2hUaW1lIjoxNzkzNjg0MDEwfX19XX0_&Signature=0NCrDHEtg~3Ag4tUAPQa6ilJ6cyZ~w4zVuMSD7cG~r-mqETwrHjP~ymbFvuB7vZlbnPnlWCA1ED5pRAzfLnrljg2GzmBKzehdZ5pgyEdg2DhUh1PdoH9P3mOCEtIvAjK8OJMABLlrsk9l-sKHGYMa1a1Cwv28E-vbs9wjG1faMxEGG67VKe8YrbKJea-zq31p-n-SwDxEgYcBaFhSoyAOtk-LQQh4YnbO4e3Mh1O3qhd1CUPoi~QB1~gR8sul5CK0VJQczSIV5ZAIetLpT6YzKJjTsyOlpvwM1Ndaf6IhiW6ocfSJj45JPk5h8YsmO05fa9p1P7DalJRXVD6AH0o6g__&Key-Pair-Id=APKAJXJN6VNR3OLZJXJA
116,Nova Maldives,dining_menu,2026,current,,https://d7h9v39iheghu.cloudfront.net/previews/7837a234-9635-4da8-b132-476aacd9b4c1/0068dbfc-acac-4778-88f6-b34fee40024d/0068dbfc-acac-4778-88f6-b34fee40024d?Policy=eyJTdGF0ZW1lbnQiOiBbeyJSZXNvdXJjZSI6Imh0dHBzOi8vZDdoOXYzOWloZWdodS5jbG91ZGZyb250Lm5ldC9wcmV2aWV3cy83ODM3YTIzNC05NjM1LTRkYTgtYjEzMi00NzZhYWNkOWI0YzEqIiwiQ29uZGl0aW9uIjp7IkRhdGVMZXNzVGhhbiI6eyJBV1M6RXBvY2hUaW1lIjoxNzkzNjg0MDEwfX19XX0_&Signature=0NCrDHEtg~3Ag4tUAPQa6ilJ6cyZ~w4zVuMSD7cG~r-mqETwrHjP~ymbFvuB7vZlbnPnlWCA1ED5pRAzfLnrljg2GzmBKzehdZ5pgyEdg2DhUh1PdoH9P3mOCEtIvAjK8OJMABLlrsk9l-sKHGYMa1a1Cwv28E-vbs9wjG1faMxEGG67VKe8YrbKJea-zq31p-n-SwDxEgYcBaFhSoyAOtk-LQQh4YnbO4e3Mh1O3qhd1CUPoi~QB1~gR8sul5CK0VJQczSIV5ZAIetLpT6YzKJjTsyOlpvwM1Ndaf6IhiW6ocfSJj45JPk5h8YsmO05fa9p1P7DalJRXVD6AH0o6g__&Key-Pair-Id=APKAJXJN6VNR3OLZJXJA
116,Nova Maldives,dining_menu,2026,current,Y,https://nova-maldives.com/wp-content/uploads/2026/04/Soulful-tales-2026-2.pdf
116,Nova Maldives,dining_menu,2025,current,,https://d7h9v39iheghu.cloudfront.net/previews/7837a234-9635-4da8-b132-476aacd9b4c1/4e65d5f4-f44a-41f7-b11e-511f7eff868f/4e65d5f4-f44a-41f7-b11e-511f7eff868f?Policy=eyJTdGF0ZW1lbnQiOiBbeyJSZXNvdXJjZSI6Imh0dHBzOi8vZDdoOXYzOWloZWdodS5jbG91ZGZyb250Lm5ldC9wcmV2aWV3cy83ODM3YTIzNC05NjM1LTRkYTgtYjEzMi00NzZhYWNkOWI0YzEqIiwiQ29uZGl0aW9uIjp7IkRhdGVMZXNzVGhhbiI6eyJBV1M6RXBvY2hUaW1lIjoxNzkzNjg0MDEwfX19XX0_&Signature=0NCrDHEtg~3Ag4tUAPQa6ilJ6cyZ~w4zVuMSD7cG~r-mqETwrHjP~ymbFvuB7vZlbnPnlWCA1ED5pRAzfLnrljg2GzmBKzehdZ5pgyEdg2DhUh1PdoH9P3mOCEtIvAjK8OJMABLlrsk9l-sKHGYMa1a1Cwv28E-vbs9wjG1faMxEGG67VKe8YrbKJea-zq31p-n-SwDxEgYcBaFhSoyAOtk-LQQh4YnbO4e3Mh1O3qhd1CUPoi~QB1~gR8sul5CK0VJQczSIV5ZAIetLpT6YzKJjTsyOlpvwM1Ndaf6IhiW6ocfSJj45JPk5h8YsmO05fa9p1P7DalJRXVD6AH0o6g__&Key-Pair-Id=APKAJXJN6VNR3OLZJXJA
116,Nova Maldives,dining_menu,2025,current,,https://d7h9v39iheghu.cloudfront.net/previews/7837a234-9635-4da8-b132-476aacd9b4c1/d04ca6d8-56ba-4f59-95d5-a670f3caef4c/d04ca6d8-56ba-4f59-95d5-a670f3caef4c?Policy=eyJTdGF0ZW1lbnQiOiBbeyJSZXNvdXJjZSI6Imh0dHBzOi8vZDdoOXYzOWloZWdodS5jbG91ZGZyb250Lm5ldC9wcmV2aWV3cy83ODM3YTIzNC05NjM1LTRkYTgtYjEzMi00NzZhYWNkOWI0YzEqIiwiQ29uZGl0aW9uIjp7IkRhdGVMZXNzVGhhbiI6eyJBV1M6RXBvY2hUaW1lIjoxNzkzNjg0MDEwfX19XX0_&Signature=0NCrDHEtg~3Ag4tUAPQa6ilJ6cyZ~w4zVuMSD7cG~r-mqETwrHjP~ymbFvuB7vZlbnPnlWCA1ED5pRAzfLnrljg2GzmBKzehdZ5pgyEdg2DhUh1PdoH9P3mOCEtIvAjK8OJMABLlrsk9l-sKHGYMa1a1Cwv28E-vbs9wjG1faMxEGG67VKe8YrbKJea-zq31p-n-SwDxEgYcBaFhSoyAOtk-LQQh4YnbO4e3Mh1O3qhd1CUPoi~QB1~gR8sul5CK0VJQczSIV5ZAIetLpT6YzKJjTsyOlpvwM1Ndaf6IhiW6ocfSJj45JPk5h8YsmO05fa9p1P7DalJRXVD6AH0o6g__&Key-Pair-Id=APKAJXJN6VNR3OLZJXJA
116,Nova Maldives,dining_menu,2025,current,,https://d7h9v39iheghu.cloudfront.net/previews/7837a234-9635-4da8-b132-476aacd9b4c1/bf4303de-1e46-4fc9-aa68-00c851ef9c2f/bf4303de-1e46-4fc9-aa68-00c851ef9c2f?Policy=eyJTdGF0ZW1lbnQiOiBbeyJSZXNvdXJjZSI6Imh0dHBzOi8vZDdoOXYzOWloZWdodS5jbG91ZGZyb250Lm5ldC9wcmV2aWV3cy83ODM3YTIzNC05NjM1LTRkYTgtYjEzMi00NzZhYWNkOWI0YzEqIiwiQ29uZGl0aW9uIjp7IkRhdGVMZXNzVGhhbiI6eyJBV1M6RXBvY2hUaW1lIjoxNzkzNjg0MDEwfX19XX0_&Signature=0NCrDHEtg~3Ag4tUAPQa6ilJ6cyZ~w4zVuMSD7cG~r-mqETwrHjP~ymbFvuB7vZlbnPnlWCA1ED5pRAzfLnrljg2GzmBKzehdZ5pgyEdg2DhUh1PdoH9P3mOCEtIvAjK8OJMABLlrsk9l-sKHGYMa1a1Cwv28E-vbs9wjG1faMxEGG67VKe8YrbKJea-zq31p-n-SwDxEgYcBaFhSoyAOtk-LQQh4YnbO4e3Mh1O3qhd1CUPoi~QB1~gR8sul5CK0VJQczSIV5ZAIetLpT6YzKJjTsyOlpvwM1Ndaf6IhiW6ocfSJj45JPk5h8YsmO05fa9p1P7DalJRXVD6AH0o6g__&Key-Pair-Id=APKAJXJN6VNR3OLZJXJA
116,Nova Maldives,dining_menu,2025,current,,https://d7h9v39iheghu.cloudfront.net/previews/7837a234-9635-4da8-b132-476aacd9b4c1/97aed546-cd9c-4b2a-82cd-dde4cd25a414/97aed546-cd9c-4b2a-82cd-dde4cd25a414?Policy=eyJTdGF0ZW1lbnQiOiBbeyJSZXNvdXJjZSI6Imh0dHBzOi8vZDdoOXYzOWloZWdodS5jbG91ZGZyb250Lm5ldC9wcmV2aWV3cy83ODM3YTIzNC05NjM1LTRkYTgtYjEzMi00NzZhYWNkOWI0YzEqIiwiQ29uZGl0aW9uIjp7IkRhdGVMZXNzVGhhbiI6eyJBV1M6RXBvY2hUaW1lIjoxNzkzNjg0MDEwfX19XX0_&Signature=0NCrDHEtg~3Ag4tUAPQa6ilJ6cyZ~w4zVuMSD7cG~r-mqETwrHjP~ymbFvuB7vZlbnPnlWCA1ED5pRAzfLnrljg2GzmBKzehdZ5pgyEdg2DhUh1PdoH9P3mOCEtIvAjK8OJMABLlrsk9l-sKHGYMa1a1Cwv28E-vbs9wjG1faMxEGG67VKe8YrbKJea-zq31p-n-SwDxEgYcBaFhSoyAOtk-LQQh4YnbO4e3Mh1O3qhd1CUPoi~QB1~gR8sul5CK0VJQczSIV5ZAIetLpT6YzKJjTsyOlpvwM1Ndaf6IhiW6ocfSJj45JPk5h8YsmO05fa9p1P7DalJRXVD6AH0o6g__&Key-Pair-Id=APKAJXJN6VNR3OLZJXJA
116,Nova Maldives,dining_menu,2025,current,,https://d7h9v39iheghu.cloudfront.net/previews/7837a234-9635-4da8-b132-476aacd9b4c1/77def7bf-48ec-45f3-846b-dccec0ebd56c/77def7bf-48ec-45f3-846b-dccec0ebd56c?Policy=eyJTdGF0ZW1lbnQiOiBbeyJSZXNvdXJjZSI6Imh0dHBzOi8vZDdoOXYzOWloZWdodS5jbG91ZGZyb250Lm5ldC9wcmV2aWV3cy83ODM3YTIzNC05NjM1LTRkYTgtYjEzMi00NzZhYWNkOWI0YzEqIiwiQ29uZGl0aW9uIjp7IkRhdGVMZXNzVGhhbiI6eyJBV1M6RXBvY2hUaW1lIjoxNzkzNjg0MDEwfX19XX0_&Signature=0NCrDHEtg~3Ag4tUAPQa6ilJ6cyZ~w4zVuMSD7cG~r-mqETwrHjP~ymbFvuB7vZlbnPnlWCA1ED5pRAzfLnrljg2GzmBKzehdZ5pgyEdg2DhUh1PdoH9P3mOCEtIvAjK8OJMABLlrsk9l-sKHGYMa1a1Cwv28E-vbs9wjG1faMxEGG67VKe8YrbKJea-zq31p-n-SwDxEgYcBaFhSoyAOtk-LQQh4YnbO4e3Mh1O3qhd1CUPoi~QB1~gR8sul5CK0VJQczSIV5ZAIetLpT6YzKJjTsyOlpvwM1Ndaf6IhiW6ocfSJj45JPk5h8YsmO05fa9p1P7DalJRXVD6AH0o6g__&Key-Pair-Id=APKAJXJN6VNR3OLZJXJA
116,Nova Maldives,dining_menu,2023,outdated,,https://nova-maldives.com/wp-content/uploads/2023/07/screencapture-luxuriousmagazine-nova-maldives-new-plant-based-menu-2023-07-26-10_18_22.pdf
116,Nova Maldives,dive_map,2024,outdated,Y,https://d7h9v39iheghu.cloudfront.net/previews/7837a234-9635-4da8-b132-476aacd9b4c1/31604ee7-c06a-44f3-a8de-13650beff6c2/31604ee7-c06a-44f3-a8de-13650beff6c2?Policy=eyJTdGF0ZW1lbnQiOiBbeyJSZXNvdXJjZSI6Imh0dHBzOi8vZDdoOXYzOWloZWdodS5jbG91ZGZyb250Lm5ldC9wcmV2aWV3cy83ODM3YTIzNC05NjM1LTRkYTgtYjEzMi00NzZhYWNkOWI0YzEqIiwiQ29uZGl0aW9uIjp7IkRhdGVMZXNzVGhhbiI6eyJBV1M6RXBvY2hUaW1lIjoxNzkzNjg0MDEwfX19XX0_&Signature=0NCrDHEtg~3Ag4tUAPQa6ilJ6cyZ~w4zVuMSD7cG~r-mqETwrHjP~ymbFvuB7vZlbnPnlWCA1ED5pRAzfLnrljg2GzmBKzehdZ5pgyEdg2DhUh1PdoH9P3mOCEtIvAjK8OJMABLlrsk9l-sKHGYMa1a1Cwv28E-vbs9wjG1faMxEGG67VKe8YrbKJea-zq31p-n-SwDxEgYcBaFhSoyAOtk-LQQh4YnbO4e3Mh1O3qhd1CUPoi~QB1~gR8sul5CK0VJQczSIV5ZAIetLpT6YzKJjTsyOlpvwM1Ndaf6IhiW6ocfSJj45JPk5h8YsmO05fa9p1P7DalJRXVD6AH0o6g__&Key-Pair-Id=APKAJXJN6VNR3OLZJXJA
116,Nova Maldives,dive_prices,2026,current,,https://d7h9v39iheghu.cloudfront.net/previews/7837a234-9635-4da8-b132-476aacd9b4c1/287e8972-ea62-4b13-a759-b9635c8c7108/7d5f7e1c-393b-495c-9328-fd3bfa83af1f?Policy=eyJTdGF0ZW1lbnQiOiBbeyJSZXNvdXJjZSI6Imh0dHBzOi8vZDdoOXYzOWloZWdodS5jbG91ZGZyb250Lm5ldC9wcmV2aWV3cy83ODM3YTIzNC05NjM1LTRkYTgtYjEzMi00NzZhYWNkOWI0YzEqIiwiQ29uZGl0aW9uIjp7IkRhdGVMZXNzVGhhbiI6eyJBV1M6RXBvY2hUaW1lIjoxNzkzNjg0MDEwfX19XX0_&Signature=0NCrDHEtg~3Ag4tUAPQa6ilJ6cyZ~w4zVuMSD7cG~r-mqETwrHjP~ymbFvuB7vZlbnPnlWCA1ED5pRAzfLnrljg2GzmBKzehdZ5pgyEdg2DhUh1PdoH9P3mOCEtIvAjK8OJMABLlrsk9l-sKHGYMa1a1Cwv28E-vbs9wjG1faMxEGG67VKe8YrbKJea-zq31p-n-SwDxEgYcBaFhSoyAOtk-LQQh4YnbO4e3Mh1O3qhd1CUPoi~QB1~gR8sul5CK0VJQczSIV5ZAIetLpT6YzKJjTsyOlpvwM1Ndaf6IhiW6ocfSJj45JPk5h8YsmO05fa9p1P7DalJRXVD6AH0o6g__&Key-Pair-Id=APKAJXJN6VNR3OLZJXJA
116,Nova Maldives,dive_prices,2026,current,Y,https://nova-maldives.com/wp-content/uploads/2026/06/Nova-Soulful-tales-2026.pdf
116,Nova Maldives,excursions,2026,current,Y,https://d7h9v39iheghu.cloudfront.net/previews/7837a234-9635-4da8-b132-476aacd9b4c1/6fa34e59-2ded-4eb9-8109-5ecfe50c251e/6fa34e59-2ded-4eb9-8109-5ecfe50c251e?Policy=eyJTdGF0ZW1lbnQiOiBbeyJSZXNvdXJjZSI6Imh0dHBzOi8vZDdoOXYzOWloZWdodS5jbG91ZGZyb250Lm5ldC9wcmV2aWV3cy83ODM3YTIzNC05NjM1LTRkYTgtYjEzMi00NzZhYWNkOWI0YzEqIiwiQ29uZGl0aW9uIjp7IkRhdGVMZXNzVGhhbiI6eyJBV1M6RXBvY2hUaW1lIjoxNzkzNjg0MDEwfX19XX0_&Signature=0NCrDHEtg~3Ag4tUAPQa6ilJ6cyZ~w4zVuMSD7cG~r-mqETwrHjP~ymbFvuB7vZlbnPnlWCA1ED5pRAzfLnrljg2GzmBKzehdZ5pgyEdg2DhUh1PdoH9P3mOCEtIvAjK8OJMABLlrsk9l-sKHGYMa1a1Cwv28E-vbs9wjG1faMxEGG67VKe8YrbKJea-zq31p-n-SwDxEgYcBaFhSoyAOtk-LQQh4YnbO4e3Mh1O3qhd1CUPoi~QB1~gR8sul5CK0VJQczSIV5ZAIetLpT6YzKJjTsyOlpvwM1Ndaf6IhiW6ocfSJj45JPk5h8YsmO05fa9p1P7DalJRXVD6AH0o6g__&Key-Pair-Id=APKAJXJN6VNR3OLZJXJA
116,Nova Maldives,excursions,2024,outdated,,https://nova-maldives.com/wp-content/uploads/2024/01/Nova-dec.pdf
116,Nova Maldives,excursions,2023,outdated,,https://nova-maldives.com/wp-content/uploads/2023/07/screencapture-nitravelnews-blog-love-and-do-good-nova-maldives-unveils-sustainable-activities-for-couples-2023-07-26-10_12_26.pdf
116,Nova Maldives,excursions,2021,outdated,,https://www.finolhu.com/wp-content/uploads/2024/02/Daily-Sabah-Lifestyle-Page-Maldives.pdf
116,Nova Maldives,factsheet,2022,outdated,Y,https://www.neoscapesmaldives.com/wp-content/uploads/Factsheet-Nova-Maldives-NEO.pdf
116,Nova Maldives,map,2024,outdated,Y,https://d7h9v39iheghu.cloudfront.net/previews/7837a234-9635-4da8-b132-476aacd9b4c1/8780c187-d9ed-4683-8880-d00487729569/90e4d75d-5655-4952-bec3-1a3b61887293?Policy=eyJTdGF0ZW1lbnQiOiBbeyJSZXNvdXJjZSI6Imh0dHBzOi8vZDdoOXYzOWloZWdodS5jbG91ZGZyb250Lm5ldC9wcmV2aWV3cy83ODM3YTIzNC05NjM1LTRkYTgtYjEzMi00NzZhYWNkOWI0YzEqIiwiQ29uZGl0aW9uIjp7IkRhdGVMZXNzVGhhbiI6eyJBV1M6RXBvY2hUaW1lIjoxNzkzNjg0MDEwfX19XX0_&Signature=0NCrDHEtg~3Ag4tUAPQa6ilJ6cyZ~w4zVuMSD7cG~r-mqETwrHjP~ymbFvuB7vZlbnPnlWCA1ED5pRAzfLnrljg2GzmBKzehdZ5pgyEdg2DhUh1PdoH9P3mOCEtIvAjK8OJMABLlrsk9l-sKHGYMa1a1Cwv28E-vbs9wjG1faMxEGG67VKe8YrbKJea-zq31p-n-SwDxEgYcBaFhSoyAOtk-LQQh4YnbO4e3Mh1O3qhd1CUPoi~QB1~gR8sul5CK0VJQczSIV5ZAIetLpT6YzKJjTsyOlpvwM1Ndaf6IhiW6ocfSJj45JPk5h8YsmO05fa9p1P7DalJRXVD6AH0o6g__&Key-Pair-Id=APKAJXJN6VNR3OLZJXJA
116,Nova Maldives,map,2022,outdated,,https://www.neoscapesmaldives.com/wp-content/uploads/Resort-Map-Nova-Maldives.pdf
116,Nova Maldives,other,2024,outdated,Y,https://nova-maldives.com/wp-content/uploads/2024/01/Nova-jan.pdf
116,Nova Maldives,other,2023,outdated,,https://nova-maldives.com/wp-content/uploads/2023/07/screencapture-thescottishsun-co-uk-travel-10859196-paradise-island-aquamarine-waters-brilliant-white-sand-2023-07-26-10_01_25.pdf
116,Nova Maldives,other,2023,outdated,,https://nova-maldives.com/wp-content/uploads/2023/07/screencapture-luxurylifestylemag-co-uk-travel-6-reasons-to-visit-nova-maldives-the-lavish-island-hideaway-of-your-dreams-2023-07-26-10_10_09.pdf
116,Nova Maldives,other,2023,outdated,,https://nova-maldives.com/wp-content/uploads/2023/07/screencapture-fashionpaper-ch-travel-slow-itinerary-ist-das-motto-im-nova-maldives-fuer-einen-relaxten-kulturell-verwurzelten-und-nachhaltigen-sommerurlaub-2023-07-26-10_19_51.pdf
116,Nova Maldives,press_kit,2026,current,Y,https://nova-maldives.com/wp-content/uploads/2026/09/Nova-Newsletter-Soulful-tales-2026-2.pdf
116,Nova Maldives,press_kit,2026,current,,https://nova-maldives.com/wp-content/uploads/2026/08/Nova-Newsletter-Soulful-tales-2026-1.pdf
116,Nova Maldives,press_kit,2026,current,,https://nova-maldives.com/wp-content/uploads/2026/07/Nova-Newsletter-Soulful-tales-2026.pdf
116,Nova Maldives,press_kit,2026,current,,https://nova-maldives.com/wp-content/uploads/2026/07/Copy-of-Nova-Newsletter-Soulful-tales-2026.pdf
116,Nova Maldives,press_kit,2026,current,,https://nova-maldives.com/wp-content/uploads/2026/03/newsletter-pdfs-2-3.pdf
116,Nova Maldives,press_kit,2026,current,,https://nova-maldives.com/wp-content/uploads/2026/02/newsletter-pdfs-1-1.pdf
116,Nova Maldives,press_kit,2026,current,,https://nova-maldives.com/wp-content/uploads/2026/01/newsletter-pdfs-2-2.pdf
116,Nova Maldives,press_kit,2026,current,,https://nova-maldives.com/wp-content/uploads/2025/12/newsletter-pdfs.pdf
116,Nova Maldives,press_kit,2025,current,,https://nova-maldives.com/wp-content/uploads/2025/11/newsletter-pdfs-23.pdf
116,Nova Maldives,press_kit,2025,current,,https://nova-maldives.com/wp-content/uploads/2025/09/newsletter-pdfs.pdf
116,Nova Maldives,press_kit,2025,current,,https://nova-maldives.com/wp-content/uploads/2025/10/Nova-October-Newsletter.pdf
116,Nova Maldives,press_kit,2025,current,,https://nova-maldives.com/wp-content/uploads/2025/05/Nova-Newsletter-May.pdf
116,Nova Maldives,press_kit,2025,current,,https://nova-maldives.com/wp-content/uploads/2025/07/newsletter-pdfs-11.pdf
116,Nova Maldives,press_kit,2025,current,,https://nova-maldives.com/wp-content/uploads/2025/03/newsletter-pdfs-cropped-pdfresizer.com_.pdf
116,Nova Maldives,press_kit,2025,current,,https://nova-maldives.com/wp-content/uploads/2025/02/Nova-newsletter-template-soulful-tales-1.pdf
116,Nova Maldives,press_kit,2025,current,,https://nova-maldives.com/wp-content/uploads/2025/04/newsletter-pdfs-1.pdf
116,Nova Maldives,press_kit,2025,current,,https://nova-maldives.com/wp-content/uploads/2025/01/Nova-newsletter-template-soulful-tales.pdf
116,Nova Maldives,press_kit,2023,outdated,,https://nova-maldives.com/wp-content/uploads/2023/11/Nova_newsletter_nov.pdf
116,Nova Maldives,press_kit,2023,outdated,,https://nova-maldives.com/wp-content/uploads/2023/10/Nova_newsletter.pdf
116,Nova Maldives,press_kit,2023,outdated,,https://nova-maldives.com/wp-content/uploads/2023/09/Nova-September-Newsletter.pdf
116,Nova Maldives,press_kit,2023,outdated,,https://nova-maldives.com/wp-content/uploads/2023/07/screencapture-breakingtravelnews-news-article-nova-maldives-is-making-a-difference-on-world-ocean-day-2023-07-26-10_17_56.pdf
116,Nova Maldives,press_kit,2023,outdated,,https://nova-maldives.com/wp-content/uploads/2023/07/Travel-Bulletin-14_07_2023.pdf
116,Nova Maldives,press_kit,2023,outdated,,https://nova-maldives.com/wp-content/uploads/2023/04/MS_Eid-Adha-Press-Release_P.pdf
116,Nova Maldives,spa_menu,2026,current,Y,https://d7h9v39iheghu.cloudfront.net/previews/7837a234-9635-4da8-b132-476aacd9b4c1/46212e2c-adfe-4430-be3c-fcbe795a658e/46212e2c-adfe-4430-be3c-fcbe795a658e?Policy=eyJTdGF0ZW1lbnQiOiBbeyJSZXNvdXJjZSI6Imh0dHBzOi8vZDdoOXYzOWloZWdodS5jbG91ZGZyb250Lm5ldC9wcmV2aWV3cy83ODM3YTIzNC05NjM1LTRkYTgtYjEzMi00NzZhYWNkOWI0YzEqIiwiQ29uZGl0aW9uIjp7IkRhdGVMZXNzVGhhbiI6eyJBV1M6RXBvY2hUaW1lIjoxNzkzNjg0MDEwfX19XX0_&Signature=0NCrDHEtg~3Ag4tUAPQa6ilJ6cyZ~w4zVuMSD7cG~r-mqETwrHjP~ymbFvuB7vZlbnPnlWCA1ED5pRAzfLnrljg2GzmBKzehdZ5pgyEdg2DhUh1PdoH9P3mOCEtIvAjK8OJMABLlrsk9l-sKHGYMa1a1Cwv28E-vbs9wjG1faMxEGG67VKe8YrbKJea-zq31p-n-SwDxEgYcBaFhSoyAOtk-LQQh4YnbO4e3Mh1O3qhd1CUPoi~QB1~gR8sul5CK0VJQczSIV5ZAIetLpT6YzKJjTsyOlpvwM1Ndaf6IhiW6ocfSJj45JPk5h8YsmO05fa9p1P7DalJRXVD6AH0o6g__&Key-Pair-Id=APKAJXJN6VNR3OLZJXJA
116,Nova Maldives,spa_menu,2025,current,,https://d7h9v39iheghu.cloudfront.net/previews/7837a234-9635-4da8-b132-476aacd9b4c1/cf52f49b-ff49-4e16-aa35-05d26a6547d5/1b08e5c4-6b8a-4e89-970c-e479d636818b?Policy=eyJTdGF0ZW1lbnQiOiBbeyJSZXNvdXJjZSI6Imh0dHBzOi8vZDdoOXYzOWloZWdodS5jbG91ZGZyb250Lm5ldC9wcmV2aWV3cy83ODM3YTIzNC05NjM1LTRkYTgtYjEzMi00NzZhYWNkOWI0YzEqIiwiQ29uZGl0aW9uIjp7IkRhdGVMZXNzVGhhbiI6eyJBV1M6RXBvY2hUaW1lIjoxNzkzNjg0MDEwfX19XX0_&Signature=0NCrDHEtg~3Ag4tUAPQa6ilJ6cyZ~w4zVuMSD7cG~r-mqETwrHjP~ymbFvuB7vZlbnPnlWCA1ED5pRAzfLnrljg2GzmBKzehdZ5pgyEdg2DhUh1PdoH9P3mOCEtIvAjK8OJMABLlrsk9l-sKHGYMa1a1Cwv28E-vbs9wjG1faMxEGG67VKe8YrbKJea-zq31p-n-SwDxEgYcBaFhSoyAOtk-LQQh4YnbO4e3Mh1O3qhd1CUPoi~QB1~gR8sul5CK0VJQczSIV5ZAIetLpT6YzKJjTsyOlpvwM1Ndaf6IhiW6ocfSJj45JPk5h8YsmO05fa9p1P7DalJRXVD6AH0o6g__&Key-Pair-Id=APKAJXJN6VNR3OLZJXJA
116,Nova Maldives,spa_menu,2024,outdated,,https://d7h9v39iheghu.cloudfront.net/previews/7837a234-9635-4da8-b132-476aacd9b4c1/85fe6f42-8fa1-463a-8b7c-7094f7c45572/85fe6f42-8fa1-463a-8b7c-7094f7c45572?Policy=eyJTdGF0ZW1lbnQiOiBbeyJSZXNvdXJjZSI6Imh0dHBzOi8vZDdoOXYzOWloZWdodS5jbG91ZGZyb250Lm5ldC9wcmV2aWV3cy83ODM3YTIzNC05NjM1LTRkYTgtYjEzMi00NzZhYWNkOWI0YzEqIiwiQ29uZGl0aW9uIjp7IkRhdGVMZXNzVGhhbiI6eyJBV1M6RXBvY2hUaW1lIjoxNzkzNjg0MDEwfX19XX0_&Signature=0NCrDHEtg~3Ag4tUAPQa6ilJ6cyZ~w4zVuMSD7cG~r-mqETwrHjP~ymbFvuB7vZlbnPnlWCA1ED5pRAzfLnrljg2GzmBKzehdZ5pgyEdg2DhUh1PdoH9P3mOCEtIvAjK8OJMABLlrsk9l-sKHGYMa1a1Cwv28E-vbs9wjG1faMxEGG67VKe8YrbKJea-zq31p-n-SwDxEgYcBaFhSoyAOtk-LQQh4YnbO4e3Mh1O3qhd1CUPoi~QB1~gR8sul5CK0VJQczSIV5ZAIetLpT6YzKJjTsyOlpvwM1Ndaf6IhiW6ocfSJj45JPk5h8YsmO05fa9p1P7DalJRXVD6AH0o6g__&Key-Pair-Id=APKAJXJN6VNR3OLZJXJA
116,Nova Maldives,spa_menu,2022,outdated,,https://nova-maldives.com/wp-content/uploads/2023/02/MS_New-Spa-treatments_P-002.pdf
116,Nova Maldives,spa_menu,2022,outdated,,https://nova-maldives.com/wp-content/uploads/2023/02/MS_Spa-Aquaholics-package-006.pdf
116,Nova Maldives,villa_plans,2025,current,Y,https://d7h9v39iheghu.cloudfront.net/previews/7837a234-9635-4da8-b132-476aacd9b4c1/26004904-089f-43ea-aa21-f3b9faafa77f/26004904-089f-43ea-aa21-f3b9faafa77f?Policy=eyJTdGF0ZW1lbnQiOiBbeyJSZXNvdXJjZSI6Imh0dHBzOi8vZDdoOXYzOWloZWdodS5jbG91ZGZyb250Lm5ldC9wcmV2aWV3cy83ODM3YTIzNC05NjM1LTRkYTgtYjEzMi00NzZhYWNkOWI0YzEqIiwiQ29uZGl0aW9uIjp7IkRhdGVMZXNzVGhhbiI6eyJBV1M6RXBvY2hUaW1lIjoxNzkzNjg0MDEwfX19XX0_&Signature=0NCrDHEtg~3Ag4tUAPQa6ilJ6cyZ~w4zVuMSD7cG~r-mqETwrHjP~ymbFvuB7vZlbnPnlWCA1ED5pRAzfLnrljg2GzmBKzehdZ5pgyEdg2DhUh1PdoH9P3mOCEtIvAjK8OJMABLlrsk9l-sKHGYMa1a1Cwv28E-vbs9wjG1faMxEGG67VKe8YrbKJea-zq31p-n-SwDxEgYcBaFhSoyAOtk-LQQh4YnbO4e3Mh1O3qhd1CUPoi~QB1~gR8sul5CK0VJQczSIV5ZAIetLpT6YzKJjTsyOlpvwM1Ndaf6IhiW6ocfSJj45JPk5h8YsmO05fa9p1P7DalJRXVD6AH0o6g__&Key-Pair-Id=APKAJXJN6VNR3OLZJXJA
116,Nova Maldives,wedding,2025,current,Y,https://d7h9v39iheghu.cloudfront.net/previews/7837a234-9635-4da8-b132-476aacd9b4c1/3f5ac883-372b-4221-8214-04fc6f0a4991/3f5ac883-372b-4221-8214-04fc6f0a4991?Policy=eyJTdGF0ZW1lbnQiOiBbeyJSZXNvdXJjZSI6Imh0dHBzOi8vZDdoOXYzOWloZWdodS5jbG91ZGZyb250Lm5ldC9wcmV2aWV3cy83ODM3YTIzNC05NjM1LTRkYTgtYjEzMi00NzZhYWNkOWI0YzEqIiwiQ29uZGl0aW9uIjp7IkRhdGVMZXNzVGhhbiI6eyJBV1M6RXBvY2hUaW1lIjoxNzkzNjg0MDEwfX19XX0_&Signature=0NCrDHEtg~3Ag4tUAPQa6ilJ6cyZ~w4zVuMSD7cG~r-mqETwrHjP~ymbFvuB7vZlbnPnlWCA1ED5pRAzfLnrljg2GzmBKzehdZ5pgyEdg2DhUh1PdoH9P3mOCEtIvAjK8OJMABLlrsk9l-sKHGYMa1a1Cwv28E-vbs9wjG1faMxEGG67VKe8YrbKJea-zq31p-n-SwDxEgYcBaFhSoyAOtk-LQQh4YnbO4e3Mh1O3qhd1CUPoi~QB1~gR8sul5CK0VJQczSIV5ZAIetLpT6YzKJjTsyOlpvwM1Ndaf6IhiW6ocfSJj45JPk5h8YsmO05fa9p1P7DalJRXVD6AH0o6g__&Key-Pair-Id=APKAJXJN6VNR3OLZJXJA
116,Nova Maldives,wedding,2025,current,,https://d7h9v39iheghu.cloudfront.net/previews/7837a234-9635-4da8-b132-476aacd9b4c1/87a9c9bf-b3c5-4b08-b23d-ce50893ad526/2203c251-759b-41e3-8989-c4f1374efbcc?Policy=eyJTdGF0ZW1lbnQiOiBbeyJSZXNvdXJjZSI6Imh0dHBzOi8vZDdoOXYzOWloZWdodS5jbG91ZGZyb250Lm5ldC9wcmV2aWV3cy83ODM3YTIzNC05NjM1LTRkYTgtYjEzMi00NzZhYWNkOWI0YzEqIiwiQ29uZGl0aW9uIjp7IkRhdGVMZXNzVGhhbiI6eyJBV1M6RXBvY2hUaW1lIjoxNzkzNjg0MDEwfX19XX0_&Signature=0NCrDHEtg~3Ag4tUAPQa6ilJ6cyZ~w4zVuMSD7cG~r-mqETwrHjP~ymbFvuB7vZlbnPnlWCA1ED5pRAzfLnrljg2GzmBKzehdZ5pgyEdg2DhUh1PdoH9P3mOCEtIvAjK8OJMABLlrsk9l-sKHGYMa1a1Cwv28E-vbs9wjG1faMxEGG67VKe8YrbKJea-zq31p-n-SwDxEgYcBaFhSoyAOtk-LQQh4YnbO4e3Mh1O3qhd1CUPoi~QB1~gR8sul5CK0VJQczSIV5ZAIetLpT6YzKJjTsyOlpvwM1Ndaf6IhiW6ocfSJj45JPk5h8YsmO05fa9p1P7DalJRXVD6AH0o6g__&Key-Pair-Id=APKAJXJN6VNR3OLZJXJA
116,Nova Maldives,wedding,2024,outdated,,https://d7h9v39iheghu.cloudfront.net/previews/7837a234-9635-4da8-b132-476aacd9b4c1/b71f13aa-2924-41f5-b6e9-d9d4d5580482/b71f13aa-2924-41f5-b6e9-d9d4d5580482?Policy=eyJTdGF0ZW1lbnQiOiBbeyJSZXNvdXJjZSI6Imh0dHBzOi8vZDdoOXYzOWloZWdodS5jbG91ZGZyb250Lm5ldC9wcmV2aWV3cy83ODM3YTIzNC05NjM1LTRkYTgtYjEzMi00NzZhYWNkOWI0YzEqIiwiQ29uZGl0aW9uIjp7IkRhdGVMZXNzVGhhbiI6eyJBV1M6RXBvY2hUaW1lIjoxNzkzNjg0MDEwfX19XX0_&Signature=0NCrDHEtg~3Ag4tUAPQa6ilJ6cyZ~w4zVuMSD7cG~r-mqETwrHjP~ymbFvuB7vZlbnPnlWCA1ED5pRAzfLnrljg2GzmBKzehdZ5pgyEdg2DhUh1PdoH9P3mOCEtIvAjK8OJMABLlrsk9l-sKHGYMa1a1Cwv28E-vbs9wjG1faMxEGG67VKe8YrbKJea-zq31p-n-SwDxEgYcBaFhSoyAOtk-LQQh4YnbO4e3Mh1O3qhd1CUPoi~QB1~gR8sul5CK0VJQczSIV5ZAIetLpT6YzKJjTsyOlpvwM1Ndaf6IhiW6ocfSJj45JPk5h8YsmO05fa9p1P7DalJRXVD6AH0o6g__&Key-Pair-Id=APKAJXJN6VNR3OLZJXJA
116,Nova Maldives,wedding,2023,outdated,,https://nova-maldives.com/wp-content/uploads/2023/07/screencapture-hellomagazine-travel-491608-the-maldives-honeymoon-destination-nova-maldives-review-2023-07-26-10_13_07.pdf
117,Niyama Maldives,calendar,2026,current,Y,https://letsgomaldives.com/wp-content/uploads/2026/02/Niyama-Private-Islands-Maldives-Easter-Brochure-2026-1.pdf
117,Niyama Maldives,factsheet,2025,current,Y,https://www.neoscapesmaldives.com/wp-content/uploads/Niyama-Private-Islands-Maldives-Factsheet-2025.pdf
117,Niyama Maldives,map,2025,current,Y,https://www.neoscapesmaldives.com/wp-content/uploads/Niyama-Resort-Map.pdf
118,Sun Siyam Iru Veli Maldives,calendar,2026,current,Y,https://www.sunsiyam.com/media/vmlphvhg/festive-gazette-26_27-prism.pdf
118,Sun Siyam Iru Veli Maldives,dive_prices,2026,current,,https://letsgomaldives.com/wp-content/uploads/2026/08/Sun-Siyam-Iru-Veli.pdf
118,Sun Siyam Iru Veli Maldives,dive_prices,2026,current,Y,https://www.sunsiyam.com/media/vtun4ndb/ssiv-halloween-2026-1.pdf
118,Sun Siyam Iru Veli Maldives,excursions,2026,current,Y,https://www.sunsiyam.com/media/mz3pv4nj/ssiv-golden-week-gazette-26.pdf
118,Sun Siyam Iru Veli Maldives,factsheet,2026,current,Y,https://www.sunsiyam.com/media/z0yluoa4/factsheet-iru-veli-2026.pdf
118,Sun Siyam Iru Veli Maldives,factsheet,2021,outdated,,https://www.neoscapesmaldives.com/wp-content/uploads/Iru-Veli-Factsheet-EN.pdf
118,Sun Siyam Iru Veli Maldives,map,2026,current,Y,https://www.sunsiyam.com/media/nv4ljrub/ssiv_247-all-inclusive-dine-around-meal-plan.pdf
118,Sun Siyam Iru Veli Maldives,map,2018,outdated,,https://www.neoscapesmaldives.com/wp-content/uploads/Sun-Aqua-Iru-Veli-Island-Map.pdf
118,Sun Siyam Iru Veli Maldives,other,2026,current,Y,https://www.sunsiyam.com/media/vlubcmcs/ssiv-golden-week-gazette-26-cn.pdf
118,Sun Siyam Iru Veli Maldives,spa_menu,2025,current,Y,https://www.sunsiyam.com/media/0akcxrid/sun-siyam-iru-veli-spa-menu-2025.pdf
118,Sun Siyam Iru Veli Maldives,wedding,2025,current,Y,https://www.sunsiyam.com/media/tbdbylep/ultimate-honeymoon-ssiv.pdf
119,Outrigger Maldives Maafushivaru Resort,map,2020,outdated,Y,https://www.neoscapesmaldives.com/wp-content/uploads/Lti-Maafushivaru-Map.pdf
119,Outrigger Maldives Maafushivaru Resort,obsolete,2020,obsolete,Y,https://www.neoscapesmaldives.com/wp-content/uploads/LMP-1.14-COVID-19-Prevention-and-Protection-Policy_Lti-Maafushivaru-2020-1.pdf
119,Outrigger Maldives Maafushivaru Resort,obsolete,2020,obsolete,,https://www.neoscapesmaldives.com/wp-content/uploads/COVID-19-Leaflets_English_Lti-Maafushivaru.pdf
120,Bandos Maldives,brochure,2026,current,Y,https://bandosmaldives.com/wp-content/uploads/2026/03/Digital_Bandos_Brochure.pdf
120,Bandos Maldives,brochure,2026,current,,https://bandosmaldives.com/wp-content/uploads/2026/03/Bandos-Maldives-Brochure-2026.pdf
120,Bandos Maldives,brochure,2026,current,,https://bandosmaldives.com/wp-content/uploads/2025/10/Bandos_Brochure.pdf
120,Bandos Maldives,brochure,2024,outdated,,https://bandosmaldives.com/wp-content/uploads/2024/07/BM_-Brochure-2024.pdf
120,Bandos Maldives,brochure,2023,outdated,,https://bandosmaldives.com/wp-content/uploads/2024/02/Bandos-Maldives-Brochure-2023.pdf
120,Bandos Maldives,calendar,2026,current,Y,https://bandosmaldives.com/wp-content/uploads/2026/04/Easter-at-Bandos.pdf
120,Bandos Maldives,calendar,2025,current,,https://bandosmaldives.com/wp-content/uploads/2025/01/BM_Chinese-NY.pdf
120,Bandos Maldives,calendar,2024,outdated,,https://bandosmaldives.com/wp-content/uploads/2024/11/BM_FestiveProgram_-2024rev110324.pdf
120,Bandos Maldives,dining_menu,2026,current,,https://bandosmaldives.com/wp-content/uploads/2026/03/BM_In-villa-Dining-Menu.pdf
120,Bandos Maldives,dining_menu,2026,current,Y,https://bandosmaldives.com/wp-content/uploads/2026/03/BM_Beverage-Menu-2026.pdf
120,Bandos Maldives,dining_menu,2026,current,,https://bandosmaldives.com/wp-content/uploads/2026/03/BM_Sea-Breeze-Menu.pdf
120,Bandos Maldives,dining_menu,2025,current,,https://bandosmaldives.com/wp-content/uploads/2026/03/BM_Umi-Yaki-Menu.pdf
120,Bandos Maldives,dining_menu,2025,current,,https://bandosmaldives.com/wp-content/uploads/2026/03/BM_Grill-Bar-Menu.pdf
120,Bandos Maldives,dining_menu,2025,current,,https://bandosmaldives.com/wp-content/uploads/2026/03/BM_Huvan-Menu.pdf
120,Bandos Maldives,dining_menu,2025,current,,https://bandosmaldives.com/wp-content/uploads/2025/05/Bandos-Dive-Menu-2025-V6.pdf
120,Bandos Maldives,dining_menu,2024,outdated,,https://bandosmaldives.com/wp-content/uploads/2024/07/Bandos-Dive-Menu-2024.pdf
120,Bandos Maldives,dive_map,2021,outdated,Y,https://bandosmaldives.com/wp-content/uploads/2024/02/Dive-Sites.pdf
120,Bandos Maldives,dive_prices,2026,current,Y,https://bandosmaldives.com/wp-content/uploads/2026/01/Dive-Bandos-Price-List.pdf
120,Bandos Maldives,dive_prices,2025,current,,https://bandosmaldives.com/wp-content/uploads/2025/07/Price-List-2025-.pdf
120,Bandos Maldives,dive_prices,2024,outdated,,https://bandosmaldives.com/wp-content/uploads/2024/10/Dive-Price-List-2024.pdf
120,Bandos Maldives,events,2026,current,Y,https://bandosmaldives.com/wp-content/uploads/2026/01/Festive-Event-Brochure-19.12.25.pdf
120,Bandos Maldives,events,2026,current,,https://bandosmaldives.com/wp-content/uploads/2025/12/Festive-Event-Brochure-19.12.25.pdf
120,Bandos Maldives,events,2026,current,,https://bandosmaldives.com/wp-content/uploads/2025/11/Festive-Event-Brochure-WEB2.pdf
120,Bandos Maldives,events,2015,outdated,,https://bandosmaldives.com/wp-content/uploads/2024/11/BM_ConferenceServicesFacilities.V1.pdf
120,Bandos Maldives,events,2015,outdated,,https://bandosmaldives.com/wp-content/uploads/2024/02/Bandos-Convention-Center.pdf
120,Bandos Maldives,factsheet,2026,current,Y,https://www.neoscapesmaldives.com/wp-content/uploads/BM_Factsheet-2026.pdf
120,Bandos Maldives,map,2026,current,Y,https://cdnm.heyzine.com/files/uploaded/02e3d7a26c896f1c007bf7ee6382ed213065ba4c-2.pdf
120,Bandos Maldives,map,2025,current,,https://bandosmaldives.com/wp-content/uploads/2025/08/Bandos-Maldives-Sustainability-Management-plan-2025_.pdf
120,Bandos Maldives,map,2024,outdated,,https://www.neoscapesmaldives.com/wp-content/uploads/BM-Resort-Map-2024.pdf
120,Bandos Maldives,other,2024,outdated,Y,https://bandosmaldives.com/wp-content/uploads/2024/07/BM_Orchid-Hall-Facility.pdf
120,Bandos Maldives,spa_menu,2022,outdated,Y,https://bandosmaldives.com/wp-content/uploads/2024/10/BM_Spa_rev122922.pdf
120,Bandos Maldives,sustainability,2026,current,Y,https://cdnm.heyzine.com/files/uploaded/5b26a2b3ab063fd75dd4038bd88ca3f8b4bd751a-2.pdf
120,Bandos Maldives,sustainability,2025,current,,https://bandosmaldives.com/wp-content/uploads/2025/08/Environmental-Policy-Bandos-Maldives-2025.pdf
120,Bandos Maldives,sustainability,2025,current,,https://cdnm.heyzine.com/files/uploaded/fe32d662d26988983bab1a423b553d8207cb452c-3.pdf
120,Bandos Maldives,villa_plans,2026,current,Y,https://bandosmaldives.com/wp-content/uploads/2026/09/11-09-2026-STOP-SELL-SUMMARY-AND-AVAILABILITY.pdf
120,Bandos Maldives,villa_plans,2026,current,,https://bandosmaldives.com/wp-content/uploads/2026/08/06-08-2026-STOP-SELL-SUMMARY-AND-AVAILABILITY.pdf
120,Bandos Maldives,villa_plans,2026,current,,https://bandosmaldives.com/wp-content/uploads/2026/08/28-08-2026-STOP-SELL-SUMMARY-AND-AVAILABILITY.pdf
120,Bandos Maldives,villa_plans,2026,current,,https://bandosmaldives.com/wp-content/uploads/2026/07/05-07-2026-STOP-SELL-SUMMARY-AND-AVAILABILITY.pdf
120,Bandos Maldives,villa_plans,2026,current,,https://bandosmaldives.com/wp-content/uploads/2026/07/24-07-2026-STOP-SELL-SUMMARY-AND-AVAILABILITY.pdf
120,Bandos Maldives,villa_plans,2026,current,,https://bandosmaldives.com/wp-content/uploads/2026/07/19-07-2026-STOP-SELL-SUMMARY-AND-AVAILABILITY.pdf
120,Bandos Maldives,villa_plans,2026,current,,https://bandosmaldives.com/wp-content/uploads/2026/06/26-06-2026-STOP-SELL-SUMMARY-AND-AVAILABILITY.pdf
120,Bandos Maldives,villa_plans,2026,current,,https://bandosmaldives.com/wp-content/uploads/2026/06/21-06-2026-STOP-SELL-SUMMARY-AND-AVAILABILITY.pdf
120,Bandos Maldives,villa_plans,2026,current,,https://bandosmaldives.com/wp-content/uploads/2026/06/12-06-2026-STOP-SELL-SUMMARY-AND-AVAILABILITY-1.pdf
120,Bandos Maldives,villa_plans,2026,current,,https://bandosmaldives.com/wp-content/uploads/2026/06/12-06-2026-STOP-SELL-SUMMARY-AND-AVAILABILITY.pdf
120,Bandos Maldives,villa_plans,2026,current,,https://bandosmaldives.com/wp-content/uploads/2026/05/06-05-2026-STOP-SELL-SUMMARY-AND-AVAILABILITY.pdf
120,Bandos Maldives,villa_plans,2026,current,,https://bandosmaldives.com/wp-content/uploads/2026/04/28-04-2026-STOP-SELL-SUMMARY-AND-AVAILABILITY.pdf
120,Bandos Maldives,villa_plans,2026,current,,https://bandosmaldives.com/wp-content/uploads/2026/04/20-04-2026-STOP-SELL-SUMMARY-AND-AVAILABILITY.pdf
120,Bandos Maldives,villa_plans,2026,current,,https://bandosmaldives.com/wp-content/uploads/2026/04/18-04-2026-STOP-SELL-SUMMARY-AND-AVAILABILITY.pdf
120,Bandos Maldives,villa_plans,2026,current,,https://bandosmaldives.com/wp-content/uploads/2026/04/08-04-2026-STOP-SELL-SUMMARY-AND-AVAILABILITY.pdf
120,Bandos Maldives,villa_plans,2026,current,,https://bandosmaldives.com/wp-content/uploads/2026/03/29-03-2026-STOP-SELL-SUMMARY-AND-AVAILABILITY.pdf
120,Bandos Maldives,villa_plans,2026,current,,https://bandosmaldives.com/wp-content/uploads/2026/03/25-03-2026-STOP-SELL-SUMMARY-AND-AVAILABILITY.pdf
120,Bandos Maldives,villa_plans,2026,current,,https://bandosmaldives.com/wp-content/uploads/2026/03/23-03-2026-STOP-SELL-SUMMARY-AND-AVAILABILITY.pdf
120,Bandos Maldives,villa_plans,2026,current,,https://bandosmaldives.com/wp-content/uploads/2026/03/19-03-2026-STOP-SELL-SUMMARY-AND-AVAILABILITY-1.pdf
120,Bandos Maldives,villa_plans,2026,current,,https://bandosmaldives.com/wp-content/uploads/2026/03/19-03-2026-STOP-SELL-SUMMARY-AND-AVAILABILITY.pdf
120,Bandos Maldives,villa_plans,2026,current,,https://bandosmaldives.com/wp-content/uploads/2026/03/16-03-2026-STOP-SELL-SUMMARY-AND-AVAILABILITY.pdf
120,Bandos Maldives,villa_plans,2026,current,,https://bandosmaldives.com/wp-content/uploads/2026/03/13-03-2026-STOP-SELL-SUMMARY-AND-AVAILABILITY.pdf
120,Bandos Maldives,villa_plans,2026,current,,https://bandosmaldives.com/wp-content/uploads/2026/03/12-03-2026-STOP-SELL-SUMMARY-AND-AVAILABILITY.pdf
120,Bandos Maldives,villa_plans,2026,current,,https://bandosmaldives.com/wp-content/uploads/2026/01/20-01-2026-STOP-SELL-SUMMARY-AND-AVAILABILITY.pdf
120,Bandos Maldives,villa_plans,2026,current,,https://bandosmaldives.com/wp-content/uploads/2026/01/17-01-2026-STOP-SELL-SUMMARY-AND-AVAILABILITY.pdf
120,Bandos Maldives,villa_plans,2025,current,,https://bandosmaldives.com/wp-content/uploads/2026/01/14-01-2025-STOP-SELL-SUMMARY-AND-AVAILABILITY.pdf
120,Bandos Maldives,villa_plans,2025,current,,https://bandosmaldives.com/wp-content/uploads/2026/01/07-01-2025-STOP-SELL-SUMMARY-AND-AVAILABILITY.pdf
120,Bandos Maldives,villa_plans,2025,current,,https://bandosmaldives.com/wp-content/uploads/2025/12/27-12-2025-STOP-SELL-SUMMARY-AND-AVAILABILITY.pdf
120,Bandos Maldives,villa_plans,2025,current,,https://bandosmaldives.com/wp-content/uploads/2025/12/24-12-2025-STOP-SELL-SUMMARY-AND-AVAILABILITY.pdf
120,Bandos Maldives,villa_plans,2025,current,,https://bandosmaldives.com/wp-content/uploads/2025/12/17-12-2025-STOP-SELL-SUMMARY-AND-AVAILABILITY.pdf
120,Bandos Maldives,villa_plans,2025,current,,https://bandosmaldives.com/wp-content/uploads/2025/12/13-12-2025-STOP-SELL-SUMMARY-AND-AVAILABILITY.pdf
120,Bandos Maldives,villa_plans,2025,current,,https://bandosmaldives.com/wp-content/uploads/2025/12/04-12-2025-STOP-SELL-SUMMARY-AND-AVAILABILITY.pdf
120,Bandos Maldives,villa_plans,2025,current,,https://bandosmaldives.com/wp-content/uploads/2025/11/22-11-2025-STOP-SELL-SUMMARY-AND-AVAILABILITY.pdf
120,Bandos Maldives,villa_plans,2025,current,,https://bandosmaldives.com/wp-content/uploads/2025/11/03-11-2025-STOP-SELL-SUMMARY-AND-AVAILABILITY.pdf
120,Bandos Maldives,villa_plans,2025,current,,https://bandosmaldives.com/wp-content/uploads/2025/10/26-10-2025-STOP-SELL-SUMMARY-AND-AVAILABILITY.pdf
120,Bandos Maldives,villa_plans,2025,current,,https://bandosmaldives.com/wp-content/uploads/2025/10/22-10-2025-STOP-SELL-SUMMARY-AND-AVAILABILITY.pdf
120,Bandos Maldives,villa_plans,2025,current,,https://bandosmaldives.com/wp-content/uploads/2025/09/12-09-2025-STOP-SELL-SUMMARY-AND-AVAILABILITY.pdf
120,Bandos Maldives,villa_plans,2025,current,,https://bandosmaldives.com/wp-content/uploads/2025/09/STOP-SELL-SUMMARY-AND-AVAILABILITY-SEPTEMBER-2025.pdf
120,Bandos Maldives,villa_plans,2025,current,,https://bandosmaldives.com/wp-content/uploads/2025/09/BANDOS-INVENTORY.pdf
120,Bandos Maldives,villa_plans,2024,outdated,,https://bandosmaldives.com/wp-content/uploads/2024/11/BM_Unimaa-Room-Facility.pdf
120,Bandos Maldives,villa_plans,2024,outdated,,https://bandosmaldives.com/wp-content/uploads/2024/11/BM_Funamaa-Kudimaa-Room.pdf
120,Bandos Maldives,villa_plans,2024,outdated,,https://bandosmaldives.com/wp-content/uploads/2024/07/BM_Funamaa-Kudimaa-Room.pdf
120,Bandos Maldives,villa_plans,2024,outdated,,https://bandosmaldives.com/wp-content/uploads/2024/07/BM_Unimaa-Room-Facility.pdf
120,Bandos Maldives,wedding,2023,outdated,Y,https://bandosmaldives.com/wp-content/uploads/2024/02/Wedding-Packages.pdf
121,Cocoa Island,brochure,2026,current,Y,https://de87ve0y4m3tc.cloudfront.net/comohotels.com-2459770069/cms/pressroom/cci_ocean_culture_life_como_journey.pdf
121,Cocoa Island,calendar,2026,current,Y,https://de87ve0y4m3tc.cloudfront.net/comohotels.com-2459770069/cms/pressroom/cci_pre_festive_programme_dec_20_to_23.pdf
121,Cocoa Island,calendar,2026,current,,https://de87ve0y4m3tc.cloudfront.net/comohotels.com-2459770069/cms/pressroom/cci_festive_programme_dec_24_to_jan_1.pdf
121,Cocoa Island,destination_dining,2023,outdated,Y,https://de87ve0y4m3tc.cloudfront.net/comohotels.com-2459770069/cms/pressroom/como_cocoa_island_dining_privatediningbrochure.pdf
121,Cocoa Island,destination_dining,2022,outdated,,https://de87ve0y4m3tc.cloudfront.net/comohotels.com-2459770069/cms/pressroom/como_cocoa_island_private_dining_brochure_aug2022.pdf
121,Cocoa Island,dining_menu,2026,current,,https://de87ve0y4m3tc.cloudfront.net/comohotels.com-2459770069/cms/pressroom/cci_in_room_dining_menu.pdf
121,Cocoa Island,dining_menu,2026,current,,https://de87ve0y4m3tc.cloudfront.net/comohotels.com-2459770069/cms/pressroom/cci_como_shambhala_kitchen_menu.pdf
121,Cocoa Island,dining_menu,2026,current,Y,https://de87ve0y4m3tc.cloudfront.net/comohotels.com-2459770069/cms/pressroom/cci_como_compass_activities_menu.pdf
121,Cocoa Island,dining_menu,2026,current,,https://de87ve0y4m3tc.cloudfront.net/comohotels.com-2459770069/cms/pressroom/cci_cs_beginner_itinerary.pdf
121,Cocoa Island,dining_menu,2026,current,,https://de87ve0y4m3tc.cloudfront.net/comohotels.com-2459770069/cms/pressroom/cci_cs_advance_itinerary.pdf
121,Cocoa Island,dining_menu,2025,current,,https://de87ve0y4m3tc.cloudfront.net/comohotels.com-2459770069/cms/pressroom/como_cocoa_island_dining_faru_winemenu.pdf
121,Cocoa Island,dining_menu,2025,current,,https://de87ve0y4m3tc.cloudfront.net/comohotels.com-2459770069/cms/pressroom/como_cocoa_island_dining_faru_barmenu.pdf
121,Cocoa Island,dining_menu,2025,current,,https://de87ve0y4m3tc.cloudfront.net/comohotels.com-2459770069/cms/pressroom/como_cocoa_island_dining_ufaa_menu.pdf
121,Cocoa Island,dining_menu,2025,current,,https://de87ve0y4m3tc.cloudfront.net/comohotels.com-2459770069/cms/pressroom/como_cocoa_island_dining_ufaa_breakfastmenu.pdf
121,Cocoa Island,dining_menu,2025,current,,https://de87ve0y4m3tc.cloudfront.net/comohotels.com-2459770069/cms/pressroom/como_cocoa_island_dining_ufaa_comoshambhalamenu.pdf
121,Cocoa Island,dining_menu,2025,current,,https://de87ve0y4m3tc.cloudfront.net/comohotels.com-2459770069/cms/pressroom/como_cocoa_island_diving_menu_april_15th_2025.pdf
121,Cocoa Island,dining_menu,2024,outdated,,https://de87ve0y4m3tc.cloudfront.net/comohotels.com-2459770069/cms/pressroom/como_cocoa_island_dining_villagrillexperience_menu.pdf
121,Cocoa Island,dining_menu,2024,outdated,,https://de87ve0y4m3tc.cloudfront.net/comohotels.com-2459770069/cms/pressroom/como_cocoa_island_dining_villagrillexperience_sakemenu.pdf
121,Cocoa Island,dining_menu,2024,outdated,,https://de87ve0y4m3tc.cloudfront.net/comohotels.com-2459770069/cms/pressroom/como_cocoa_island_ufaa_dinner_menu.pdf
121,Cocoa Island,dining_menu,2023,outdated,,https://de87ve0y4m3tc.cloudfront.net/comohotels.com-2459770069/cms/pressroom/como_cocoa_island_dining_cinemaunderthestars_menu.pdf
121,Cocoa Island,dining_menu,2021,outdated,,https://de87ve0y4m3tc.cloudfront.net/comohotels.com-2459770069/cms/pressroom/como_cocoa_island_dining_cinemaunderthestars_beveragemenu.pdf
121,Cocoa Island,dive_prices,2023,outdated,Y,https://de87ve0y4m3tc.cloudfront.net/comohotels.com-2459770069/cms/pressroom/como_cocoa_island_como_yacht_pricelist_may_2023.pdf
121,Cocoa Island,events,2025,current,Y,https://de87ve0y4m3tc.cloudfront.net/comohotels.com-2459770069/cms/pressroom/como_cocoa_island_privateisland_buyout_brochure.pdf
121,Cocoa Island,excursions,2026,current,Y,https://de87ve0y4m3tc.cloudfront.net/comohotels.com-2459770069/cms/pressroom/cci_activity_schedule_august_2026.pdf
121,Cocoa Island,excursions,2026,current,,https://de87ve0y4m3tc.cloudfront.net/comohotels.com-2459770069/cms/pressroom/activity_schedule_cci_09_september_2026.pdf
121,Cocoa Island,factsheet,2022,outdated,Y,https://de87ve0y4m3tc.cloudfront.net/comohotels.dev.cendynecommerce.com-2459770069/cms/pressroom/cci_groups_and_events_fact_sheet.pdf
121,Cocoa Island,factsheet,2019,outdated,,https://neoscapesmaldives.com/wp-content/uploads/COMO-Cocoa-Island-Fact-Sheet-2019.pdf
121,Cocoa Island,map,2018,outdated,Y,https://neoscapesmaldives.com/wp-content/uploads/COMO-Cocoa-Island-Maldives-Resort-Map.pdf
121,Cocoa Island,spa_menu,2027,current,Y,https://de87ve0y4m3tc.cloudfront.net/comohotels.com-2459770069/cms/pressroom/cci_cs_vp_matteo_pasquali_treatment_menu.pdf
121,Cocoa Island,spa_menu,2027,current,,https://de87ve0y4m3tc.cloudfront.net/comohotels.com-2459770069/cms/pressroom/cci_cs_vp_yann_breheret_treatment_menu.pdf
121,Cocoa Island,spa_menu,2026,current,,https://de87ve0y4m3tc.cloudfront.net/comohotels.com-2459770069/cms/pressroom/como_cocoa_island_como_shambhala_fulltreatmentmenu.pdf
121,Cocoa Island,spa_menu,2026,current,,https://de87ve0y4m3tc.cloudfront.net/comohotels.com-2459770069/cms/pressroom/cci_cs_vp_yuki_nishikubo_treatment_menu.pdf
121,Cocoa Island,spa_menu,2024,outdated,,https://de87ve0y4m3tc.cloudfront.net/comohotels.com-2459770069/cms/pressroom/como_cocoa_island_resortmap.pdf
121,Cocoa Island,villa_plans,2021,outdated,Y,https://de87ve0y4m3tc.cloudfront.net/comohotels.com-2459770069/cms/pressroom/como_cocoa_island_floorplan_threebedroom_como_sunset_water_villa.pdf
121,Cocoa Island,villa_plans,2019,outdated,,https://de87ve0y4m3tc.cloudfront.net/comohotels.com-2459770069/cms/pressroom/como_cocoa_island_floorplan_loft_water_villa.pdf
121,Cocoa Island,villa_plans,2019,outdated,,https://de87ve0y4m3tc.cloudfront.net/comohotels.com-2459770069/cms/pressroom/como_cocoa_island_floorplan_dhoni_loft_water_villa.pdf
121,Cocoa Island,villa_plans,2019,outdated,,https://de87ve0y4m3tc.cloudfront.net/comohotels.com-2459770069/cms/pressroom/como_cocoa_island_floorplan_onebedroom_water_villa_with_pool.pdf
121,Cocoa Island,villa_plans,2019,outdated,,https://de87ve0y4m3tc.cloudfront.net/comohotels.com-2459770069/cms/pressroom/como_cocoa_island_floorplan_dhoni_water_villa.pdf
121,Cocoa Island,villa_plans,2019,outdated,,https://de87ve0y4m3tc.cloudfront.net/comohotels.com-2459770069/cms/pressroom/como_cocoa_island_floorplan_twobedroom_como_sunrise_water_villa.pdf
121,Cocoa Island,wedding,2024,outdated,Y,https://de87ve0y4m3tc.cloudfront.net/comohotels.dev.cendynecommerce.com-2459770069/cms/pressroom/cci_wedding_brochure.pdf
122,Avani + Fares Maldives,brochure,2026,current,Y,https://letsgomaldives.com/wp-content/uploads/2026/03/EID-Brochure-2026-1-1.pdf
122,Avani + Fares Maldives,calendar,2026,current,Y,https://letsgomaldives.com/wp-content/uploads/2026/08/Avani-Fares-Maldives-Festive-Brochure-2026-1.pdf
122,Avani + Fares Maldives,calendar,2026,current,,https://letsgomaldives.com/wp-content/uploads/2026/02/VFAR_Easter_2026.pdf
122,Avani + Fares Maldives,calendar,2025,current,,https://letsgomaldives.com/wp-content/uploads/2025/10/week-3-English.pdf
62,Cora Cora Maldives,calendar,2025,current,,https://letsgomaldives.com/wp-content/uploads/2025/10/week-3-English.pdf
122,Avani + Fares Maldives,other,2026,current,Y,https://letsgomaldives.com/wp-content/uploads/2026/05/Avani-Fares-Maldives-Resort_Your-Paradise-Music-Festival_TL-SEA_Feb-2026-2.pdf
123,Pullman Maldives Maamutaa Resort,brochure,2022,outdated,Y,https://d2e5ushqwiltxm.cloudfront.net/wp-content/uploads/sites/209/2022/12/23124117/Pullman-Maldives-SMP.pdf
123,Pullman Maldives Maamutaa Resort,factsheet,2020,outdated,Y,https://d2e5ushqwiltxm.cloudfront.net/wp-content/uploads/sites/209/2020/06/23204710/Pullman-Maldives_Aqua-Villa-Factsheet_June-2020.pdf
123,Pullman Maldives Maamutaa Resort,sustainability,2026,current,Y,https://d2e5ushqwiltxm.cloudfront.net/wp-content/uploads/sites/209/2025/09/16092302/Pullman-Maldives-Maamutaa_GreenGlobeCertified_2025-2026.pdf
123,Pullman Maldives Maamutaa Resort,sustainability,2023,outdated,,https://d2e5ushqwiltxm.cloudfront.net/wp-content/uploads/sites/209/2023/05/23051519/PMM-EP.pdf
123,Pullman Maldives Maamutaa Resort,sustainability,2022,outdated,,https://d2e5ushqwiltxm.cloudfront.net/wp-content/uploads/sites/209/2023/05/23051527/Pullman-SMP.pdf
125,Gili Lankanfushi,brochure,2026,current,Y,https://gili-lankanfushi.com/wp-content/uploads/2026/09/VP-Julian-Flyer-Digital-Web.pdf
125,Gili Lankanfushi,calendar,2026,current,Y,https://gili-lankanfushi.com/wp-content/uploads/2026/03/GLM-Apr-Easter-in-Gili-website.pdf
125,Gili Lankanfushi,calendar,2025,current,,https://gili-lankanfushi.com/wp-content/uploads/2025/03/GLM_Easter-2025_02.pdf
125,Gili Lankanfushi,calendar,2025,current,,https://gili-lankanfushi.com/wp-content/uploads/2025/01/Lunar-New-Year-2025.pdf
125,Gili Lankanfushi,calendar,2024,outdated,,https://gili-lankanfushi.com/wp-content/uploads/2024/11/GLM_Festive-Booklet-2024_Web-01.pdf
125,Gili Lankanfushi,calendar,2023,outdated,,https://gili-lankanfushi.com/wp-content/uploads/2023/12/GLM_Festive-Booklet-2023_FINAL.pdf
125,Gili Lankanfushi,destination_dining,2025,current,Y,https://gili-lankanfushi.com/wp-content/uploads/2026/01/Destination-Dining-Package-Jan-2025.pdf
125,Gili Lankanfushi,destination_dining,2023,outdated,,https://gili-lankanfushi.com/wp-content/uploads/2023/12/Destination-Dining-Package_Dec-2023.pdf
125,Gili Lankanfushi,dining_menu,2026,current,,https://gili-lankanfushi.com/wp-content/uploads/2026/06/Full-Moon-Dinner-Menu-July-V2.pdf
125,Gili Lankanfushi,dining_menu,2026,current,,https://gili-lankanfushi.com/wp-content/uploads/2026/06/New-Moon-Dinner-July-V2.pdf
125,Gili Lankanfushi,dining_menu,2026,current,,https://gili-lankanfushi.com/wp-content/uploads/2026/06/New-Moon-Dinner-July.pdf
125,Gili Lankanfushi,dining_menu,2026,current,,https://gili-lankanfushi.com/wp-content/uploads/2026/06/Full-Moon-Dinner-Menu-July.pdf
125,Gili Lankanfushi,dining_menu,2026,current,,https://gili-lankanfushi.com/wp-content/uploads/2026/06/GLM-Gili-Barefoot-Beverage-Journey-2026-UK.pdf
125,Gili Lankanfushi,dining_menu,2026,current,,https://gili-lankanfushi.com/wp-content/uploads/2026/06/GLM-Gili-Barefoot-Beverage-Journey-2026-Spain-Portugal.pdf
125,Gili Lankanfushi,dining_menu,2026,current,Y,https://gili-lankanfushi.com/wp-content/uploads/2026/01/BTS-A-La-Carte.pdf
125,Gili Lankanfushi,dining_menu,2026,current,,https://gili-lankanfushi.com/wp-content/uploads/2026/01/Fini-Foni-Menu.pdf
125,Gili Lankanfushi,dining_menu,2026,current,,https://gili-lankanfushi.com/wp-content/uploads/2026/01/By-The-Sea-Dinner-Menu.pdf
125,Gili Lankanfushi,dining_menu,2026,current,,https://gili-lankanfushi.com/wp-content/uploads/2026/01/Bento-By-the-Sea-Lunch.pdf
125,Gili Lankanfushi,dining_menu,2025,current,,https://gili-lankanfushi.com/wp-content/uploads/2026/01/By-The-Sea-Teppanyaki-Menu.pdf
125,Gili Lankanfushi,dining_menu,2025,current,,https://gili-lankanfushi.com/wp-content/uploads/2024/01/OWB-A-la-Carte.pdf
125,Gili Lankanfushi,dining_menu,2025,current,,https://gili-lankanfushi.com/wp-content/uploads/2023/12/Over-Water-Bar-Food-Menu.pdf
125,Gili Lankanfushi,dining_menu,2025,current,,https://gili-lankanfushi.com/wp-content/uploads/2023/12/Kashiveli-Breakfast-with-Vegan.pdf
125,Gili Lankanfushi,dining_menu,2024,outdated,,https://gili-lankanfushi.com/wp-content/uploads/2026/01/Breakfast-Menu-English.pdf
125,Gili Lankanfushi,dining_menu,2024,outdated,,https://gili-lankanfushi.com/wp-content/uploads/2026/01/Vegan-Menu-.pdf
125,Gili Lankanfushi,dining_menu,2024,outdated,,https://gili-lankanfushi.com/wp-content/uploads/2026/01/Kashiveli-A-la-Carte-Menu.pdf
125,Gili Lankanfushi,dining_menu,2024,outdated,,https://gili-lankanfushi.com/wp-content/uploads/2026/01/Overwater-Ala-Carte_Nov-2024.pdf
125,Gili Lankanfushi,dining_menu,2023,outdated,,https://gili-lankanfushi.com/wp-content/uploads/2023/12/Kashiveli-Dinner-A-La-Carte_Oct-2023-3.pdf
125,Gili Lankanfushi,dining_menu,2023,outdated,,https://gili-lankanfushi.com/wp-content/uploads/2023/05/BTS-A-La-Carte_Jan-2023.pdf
125,Gili Lankanfushi,dining_menu,2023,outdated,,https://gili-lankanfushi.com/wp-content/uploads/2023/04/Kashiveli-Dinner-A-La-Carte_Feb-2023.pdf
125,Gili Lankanfushi,dining_menu,2023,outdated,,https://gili-lankanfushi.com/wp-content/uploads/2023/04/Gili-Culinary-Journey_Full-Menu_1March2023.pdf
125,Gili Lankanfushi,dining_menu,2022,outdated,,https://gili-lankanfushi.com/wp-content/uploads/2023/12/Fini-Foni-Menu_Nov-2022.pdf
125,Gili Lankanfushi,dining_menu,2022,outdated,,https://gili-lankanfushi.com/wp-content/uploads/2023/05/Bento-By-the-Sea-Lunch_Aug-2022.pdf
125,Gili Lankanfushi,dining_menu,2022,outdated,,https://gili-lankanfushi.com/wp-content/uploads/2023/05/BTS-Teppanyaki-Menu_Oct-2022.pdf
125,Gili Lankanfushi,dining_menu,2022,outdated,,https://gili-lankanfushi.com/wp-content/uploads/2023/04/Kashiveli-Breakfast-A-La-Carte_Aug-2022.pdf
125,Gili Lankanfushi,dining_menu,2022,outdated,,https://gili-lankanfushi.com/wp-content/uploads/2023/04/GLM_Plant-based-Menu.pdf
125,Gili Lankanfushi,other,2026,current,,https://awesomegetawaymaldives.com/wp-content/uploads/2026/03/Gili-Lankanfushi.pdf
125,Gili Lankanfushi,other,2026,current,Y,https://gili-lankanfushi.com/wp-content/uploads/2026/05/2026_EarthCheck-Gili-Lankanfushi-SEAS-Policy.pdf
125,Gili Lankanfushi,other,2025,current,,https://gili-lankanfushi.com/wp-content/uploads/2026/01/Gili-Culinary-Journey-Jan-2025.pdf
125,Gili Lankanfushi,other,2025,current,,https://gili-lankanfushi.com/wp-content/uploads/2025/10/GLM_Gili-Chronicles.pdf
125,Gili Lankanfushi,other,2025,current,,https://gili-lankanfushi.com/wp-content/uploads/2025/06/GLM_Game_Corn_Hole.pdf
125,Gili Lankanfushi,other,2025,current,,https://gili-lankanfushi.com/wp-content/uploads/2025/06/GLM_Game_Molkky.pdf
125,Gili Lankanfushi,other,2025,current,,https://gili-lankanfushi.com/wp-content/uploads/2025/06/GLM_Game_Ladder_Golf.pdf
125,Gili Lankanfushi,other,2025,current,,https://gili-lankanfushi.com/wp-content/uploads/2025/06/GLM-Game-Fliyer_Cornhole.pdf
125,Gili Lankanfushi,other,2025,current,,https://gili-lankanfushi.com/wp-content/uploads/2025/06/GLM-Game-Fliyer_Molkky.pdf
125,Gili Lankanfushi,other,2025,current,,https://gili-lankanfushi.com/wp-content/uploads/2025/06/GLM-Game-Fliyer_Ladder-Golf.pdf
125,Gili Lankanfushi,other,2025,current,,https://gili-lankanfushi.com/wp-content/uploads/2025/05/Gili-Lankanfushi-SEAS-Policy-EarthCheck-2025.pdf
125,Gili Lankanfushi,other,2025,current,,https://gili-lankanfushi.com/wp-content/uploads/2025/02/Valentines-Day-Event-9-15-Feb.pdf
125,Gili Lankanfushi,other,2024,outdated,,https://gili-lankanfushi.com/wp-content/uploads/2024/08/Earthcheck-Policy-GiliLankanfushi-2024.pdf
125,Gili Lankanfushi,spa_menu,2026,current,,https://gili-lankanfushi.com/wp-content/uploads/2026/09/Aradhana-Visting-Practitioner-Digital.pdf
125,Gili Lankanfushi,spa_menu,2026,current,,https://gili-lankanfushi.com/wp-content/uploads/2026/07/Visiting-Practitioner-Sinimol-Thomas.pdf
125,Gili Lankanfushi,spa_menu,2026,current,,https://gili-lankanfushi.com/wp-content/uploads/2026/07/Visiting-Practitioner-Sinimol-Thomas-.pdf
125,Gili Lankanfushi,spa_menu,2026,current,,https://gili-lankanfushi.com/wp-content/uploads/2026/06/GLM-VP-Sara-Digital-A4-V1.pdf
125,Gili Lankanfushi,spa_menu,2026,current,,https://gili-lankanfushi.com/wp-content/uploads/2026/01/Visiting-Wellness-Practitioner-February-2026.pdf
125,Gili Lankanfushi,spa_menu,2026,current,Y,https://gili-lankanfushi.com/wp-content/uploads/2025/10/Visiting-Wellness-Practitioner-Dr.-Anil.pdf
125,Gili Lankanfushi,spa_menu,2026,current,,https://gili-lankanfushi.com/wp-content/uploads/2026/01/Wellness-VP-Sini.pdf
125,Gili Lankanfushi,spa_menu,2025,current,,https://gili-lankanfushi.com/wp-content/uploads/2025/05/Visiting-Wellness-Practitioner-Numthip-Puntha.pdf
125,Gili Lankanfushi,spa_menu,2025,current,,https://gili-lankanfushi.com/wp-content/uploads/2025/04/Visiting-Wellness-Practitioner-April-2025.pdf
125,Gili Lankanfushi,spa_menu,2025,current,,https://gili-lankanfushi.com/wp-content/uploads/2025/01/Visiting-Wellness-Practitioner-January-2025.pdf
125,Gili Lankanfushi,spa_menu,2024,outdated,,https://gili-lankanfushi.com/wp-content/uploads/2024/12/Visiting-Wellness-Practitioner-December-2024.pdf
125,Gili Lankanfushi,spa_menu,2024,outdated,,https://gili-lankanfushi.com/wp-content/uploads/2024/10/Visiting-Wellness-Practitioner-October-2024.pdf
125,Gili Lankanfushi,spa_menu,2024,outdated,,https://gili-lankanfushi.com/wp-content/uploads/2024/08/Visiting-Wellness-Practitioner-August-2024.pdf
125,Gili Lankanfushi,spa_menu,2024,outdated,,https://gili-lankanfushi.com/wp-content/uploads/2024/06/Visiting-Wellness-Practitioner-June-2024.pdf
125,Gili Lankanfushi,spa_menu,2024,outdated,,https://gili-lankanfushi.com/wp-content/uploads/2024/05/Visiting-Wellness-Practitioner-May-2024.pdf
125,Gili Lankanfushi,spa_menu,2024,outdated,,https://gili-lankanfushi.com/wp-content/uploads/2024/05/GLM_Meera-Spa-Menu-2024.pdf
125,Gili Lankanfushi,spa_menu,2024,outdated,,https://gili-lankanfushi.com/wp-content/uploads/2024/01/Visiting-Wellness-Practitioner-January-2024.pdf
125,Gili Lankanfushi,spa_menu,2023,outdated,,https://gili-lankanfushi.com/wp-content/uploads/2023/12/Visiting-Wellness-Practitioner-Dec-2023.pdf
125,Gili Lankanfushi,spa_menu,2023,outdated,,https://gili-lankanfushi.com/wp-content/uploads/2023/10/Visiting-Wellness-Practitioner-Virginie-Claret-Oct-2023.pdf
125,Gili Lankanfushi,spa_menu,2023,outdated,,https://gili-lankanfushi.com/wp-content/uploads/2023/09/Meera-Spa-Menu-September-2023.pdf
125,Gili Lankanfushi,spa_menu,2023,outdated,,https://gili-lankanfushi.com/wp-content/uploads/2023/08/Visiting-Wellness-Practitioner-Jang.pdf
125,Gili Lankanfushi,spa_menu,2023,outdated,,https://gili-lankanfushi.com/wp-content/uploads/2023/05/MEERA-SPA-MENU-A4-WELLNESS-FINAL_2023.pdf
125,Gili Lankanfushi,sustainability,2023,outdated,Y,https://gili-lankanfushi.com/wp-content/uploads/2023/08/Earthcheck-Policy-GiliLankanfushi-2023-signed.pdf
125,Gili Lankanfushi,sustainability,2022,outdated,,https://gili-lankanfushi.com/wp-content/uploads/2023/05/EC-Policy-July-2022.docx.pdf
125,Gili Lankanfushi,villa_plans,2026,current,Y,https://gili-lankanfushi.com/wp-content/uploads/2026/03/VP-Braj-In-Villa-Flyer.pdf
126,Centara Grand Island Resort & Spa Maldives,brochure,2026,current,,https://www.centarahotelsresorts.com/the-centara-collection/sites/centara-the-centara-collection/files/2026-09/CIRM_Brochure_Y260910.pdf
126,Centara Grand Island Resort & Spa Maldives,factsheet,2025,current,Y,https://www.centarahotelsresorts.com/the-centara-collection/sites/centara-the-centara-collection/files/2025-05/CIRM_FactSheet_2025_05_14.pdf
126,Centara Grand Island Resort & Spa Maldives,factsheet,2019,outdated,,https://neoscapesmaldives.com/wp-content/uploads/cirm-factsheet-en.pdf
127,Oaga Art Resort,all_inclusive,2024,outdated,Y,https://oagaresorts.com/wp-content/uploads/2024/05/Eid-Al-Adha.pdf
127,Oaga Art Resort,all_inclusive,2024,outdated,,https://oagaresorts.com/wp-content/uploads/2024/05/Mothers-Day.pdf
127,Oaga Art Resort,brochure,2025,current,Y,https://oagaresorts.com/wp-content/uploads/2025/07/VGV-exhibition-catalogue-2024-2025.pdf
127,Oaga Art Resort,brochure,2025,current,,https://oagaresorts.com/wp-content/uploads/2025/03/Kula-Kula-Brochure.pdf
127,Oaga Art Resort,brochure,2025,current,,https://oagaresorts.com/wp-content/uploads/2025/02/Valentines-Brochure-2025_compressed.pdf
127,Oaga Art Resort,brochure,2024,outdated,,https://oagaresorts.com/wp-content/uploads/2024/03/Kula-Kula-Brochure_compressed.pdf
127,Oaga Art Resort,calendar,2025,current,,https://oagaresorts.com/wp-content/uploads/2025/04/Easter-Week-2025-brochure_compressed.pdf
127,Oaga Art Resort,calendar,2025,current,,https://oagaresorts.com/wp-content/uploads/2025/04/Easter-Week-2025-schedule.pdf
127,Oaga Art Resort,calendar,2025,current,,https://oagaresorts.com/wp-content/uploads/2025/03/The-schedule.pdf
127,Oaga Art Resort,calendar,2025,current,Y,https://oagaresorts.com/wp-content/uploads/2024/09/Festive-brochure-24-25-Oaga-Art.pdf
127,Oaga Art Resort,calendar,2024,outdated,,https://oagaresorts.com/wp-content/uploads/2023/11/Oaga-Art-Resort-Maldives-Festive-Timeline-2023-2024.pdf
127,Oaga Art Resort,calendar,2023,outdated,,https://oagaresorts.com/wp-content/uploads/2023/03/Easter-Timeline-2023.pdf
127,Oaga Art Resort,dining_menu,2025,current,Y,https://oagaresorts.com/wp-content/uploads/2025/11/VGV_Itinirary_Detailed_OPS.pdf
127,Oaga Art Resort,dining_menu,2024,outdated,,https://oagaresorts.com/wp-content/uploads/2024/05/Jazz-day-2024-1.pdf
127,Oaga Art Resort,dining_menu,2024,outdated,,https://oagaresorts.com/wp-content/uploads/2024/05/Star-wars-day-1.pdf
127,Oaga Art Resort,factsheet,2026,current,Y,https://oagaresorts.com/wp-content/uploads/2026/08/1.-ENG-Oaga-Fact-sheet-2026_compressed.pdf
127,Oaga Art Resort,factsheet,2024,outdated,,https://oagaresorts.com/wp-content/uploads/2024/11/OAR-Fact-sheet-2024.pdf
127,Oaga Art Resort,factsheet,2023,outdated,,https://oagaresorts.com/wp-content/uploads/2023/12/Fact-sheet-2023-Oaga-Art-Resort.pdf
127,Oaga Art Resort,factsheet,2022,outdated,,https://oagaresorts.com/wp-content/uploads/2022/10/Oaga_Art_Resort_Factsheet-3.pdf
127,Oaga Art Resort,factsheet,2022,outdated,,https://oagaresorts.com/wp-content/uploads/2022/10/Oaga_Art_Resort_Factsheet.pdf
127,Oaga Art Resort,press_kit,2023,outdated,Y,https://oagaresorts.com/wp-content/uploads/2023/11/Oaga-facts-2023_compressed.pdf
127,Oaga Art Resort,spa_menu,2025,current,Y,https://oagaresorts.com/wp-content/uploads/2025/06/Dhulhaheyo-wellness-activities-guide.pdf
127,Oaga Art Resort,spa_menu,2024,outdated,,https://oagaresorts.com/wp-content/uploads/2024/05/World-Ocean-Day-and-Global-Wellness-Day.pdf
127,Oaga Art Resort,sustainability,2024,outdated,Y,https://oagaresorts.com/wp-content/uploads/2024/05/World-Environment-Day-2024.pdf
128,"One & Only Reethi Rah, Maldives",factsheet,2019,outdated,Y,https://www.neoscapesmaldives.com/wp-content/uploads/Factsheet-OneOnly-Reethi-Rah.pdf
128,"One & Only Reethi Rah, Maldives",map,2017,outdated,Y,https://www.neoscapesmaldives.com/wp-content/uploads/Map-OneOnly-Resort.pdf
128,"One & Only Reethi Rah, Maldives",press_kit,2026,current,Y,https://awesomegetawaymaldives.com/wp-content/uploads/2026/03/One-n-Only-Reethi-Rah.pdf
129,Riu Atoll and Riu Palace Maldivas,brochure,2019,outdated,Y,https://www.riu.com/pdf/CodigoEticoRIUHotelsResortsEN.pdf
129,Riu Atoll and Riu Palace Maldivas,other,2022,outdated,Y,https://www.riu.com/pdf/PoliticaComplianceRIUHotelsDE.pdf
129,Riu Atoll and Riu Palace Maldivas,other,2019,outdated,,https://www.riu.com/pdf/CodigoEticoRIUHotelsResortsDE.pdf
129,Riu Atoll and Riu Palace Maldivas,sustainability,2022,outdated,Y,https://www.riu.com/pdf/politica-compliance-es.pdf
132,Noku Maldives,calendar,2027,current,Y,https://letsgomaldives.com/wp-content/uploads/2026/08/Noku-Maldives-Festive-Brochure-2026_2027.pdf
132,Noku Maldives,factsheet,2021,outdated,Y,https://www.neoscapesmaldives.com/wp-content/uploads/NM-Factsheet-July2021.pdf
132,Noku Maldives,map,2020,outdated,Y,https://www.neoscapesmaldives.com/wp-content/uploads/Resort-Map-Noku-Maldives.pdf
133,Oblu By Atmosphere at Helengeli,brochure,2026,current,,https://www.neoscapesmaldives.com/wp-content/uploads/OBLU-NATURE-Helengeli-by-SENTIDO-BROCHURE-JULY-2026-WEB.pdf
133,Oblu By Atmosphere at Helengeli,brochure,2026,current,Y,https://cob-ucmsapi.coloursofoblu.com/OBLU/images/albumFileacfd4938-2f05-4b02-931e-71366dd0adeboblu-nature-helengeli-by-sentido---brochure---sep-2026.pdf.pdf
133,Oblu By Atmosphere at Helengeli,map,2026,current,Y,https://www.neoscapesmaldives.com/wp-content/uploads/OBLU-Nature-Helengeli-by-Sentido-Island-Map-JULY-2026.pdf
133,Oblu By Atmosphere at Helengeli,spa_menu,2021,outdated,,https://visitmaldives.s3.amazonaws.com/07YVgaqV/afkp01zz.pdf
27,Grand Park Kodhipparu Maldives,spa_menu,2021,outdated,,https://visitmaldives.s3.amazonaws.com/07YVgaqV/afkp01zz.pdf
41,Ozen By Atmosphere At Maadhoo,spa_menu,2021,outdated,,https://visitmaldives.s3.amazonaws.com/07YVgaqV/afkp01zz.pdf
171,Velaa Private Island Maldives,spa_menu,2021,outdated,,https://visitmaldives.s3.amazonaws.com/07YVgaqV/afkp01zz.pdf
50,Sun Siyam Olhuveli Maldives,spa_menu,2021,outdated,,https://visitmaldives.s3.amazonaws.com/07YVgaqV/afkp01zz.pdf
110,Furaveri Island Resort & Spa,spa_menu,2021,outdated,,https://visitmaldives.s3.amazonaws.com/07YVgaqV/afkp01zz.pdf
44,Hard Rock Hotel Maldives,spa_menu,2021,outdated,,https://visitmaldives.s3.amazonaws.com/07YVgaqV/afkp01zz.pdf
139,Kudafushi Resort & Spa,spa_menu,2021,outdated,,https://visitmaldives.s3.amazonaws.com/07YVgaqV/afkp01zz.pdf
141,Soneva Fushi Resort,spa_menu,2021,outdated,,https://visitmaldives.s3.amazonaws.com/07YVgaqV/afkp01zz.pdf
133,Oblu By Atmosphere at Helengeli,spa_menu,2021,outdated,,https://visitmaldives.s3.amazonaws.com/xopOxMqv/ey2su5xz.pdf
27,Grand Park Kodhipparu Maldives,spa_menu,2021,outdated,,https://visitmaldives.s3.amazonaws.com/xopOxMqv/ey2su5xz.pdf
41,Ozen By Atmosphere At Maadhoo,spa_menu,2021,outdated,,https://visitmaldives.s3.amazonaws.com/xopOxMqv/ey2su5xz.pdf
171,Velaa Private Island Maldives,spa_menu,2021,outdated,,https://visitmaldives.s3.amazonaws.com/xopOxMqv/ey2su5xz.pdf
50,Sun Siyam Olhuveli Maldives,spa_menu,2021,outdated,,https://visitmaldives.s3.amazonaws.com/xopOxMqv/ey2su5xz.pdf
110,Furaveri Island Resort & Spa,spa_menu,2021,outdated,,https://visitmaldives.s3.amazonaws.com/xopOxMqv/ey2su5xz.pdf
44,Hard Rock Hotel Maldives,spa_menu,2021,outdated,,https://visitmaldives.s3.amazonaws.com/xopOxMqv/ey2su5xz.pdf
139,Kudafushi Resort & Spa,spa_menu,2021,outdated,,https://visitmaldives.s3.amazonaws.com/xopOxMqv/ey2su5xz.pdf
141,Soneva Fushi Resort,spa_menu,2021,outdated,,https://visitmaldives.s3.amazonaws.com/xopOxMqv/ey2su5xz.pdf
133,Oblu By Atmosphere at Helengeli,spa_menu,2021,outdated,,https://visitmaldives.s3.amazonaws.com/4w8p6zwK/4pu4uwyj.pdf
27,Grand Park Kodhipparu Maldives,spa_menu,2021,outdated,,https://visitmaldives.s3.amazonaws.com/4w8p6zwK/4pu4uwyj.pdf
41,Ozen By Atmosphere At Maadhoo,spa_menu,2021,outdated,,https://visitmaldives.s3.amazonaws.com/4w8p6zwK/4pu4uwyj.pdf
171,Velaa Private Island Maldives,spa_menu,2021,outdated,,https://visitmaldives.s3.amazonaws.com/4w8p6zwK/4pu4uwyj.pdf
50,Sun Siyam Olhuveli Maldives,spa_menu,2021,outdated,,https://visitmaldives.s3.amazonaws.com/4w8p6zwK/4pu4uwyj.pdf
110,Furaveri Island Resort & Spa,spa_menu,2021,outdated,,https://visitmaldives.s3.amazonaws.com/4w8p6zwK/4pu4uwyj.pdf
44,Hard Rock Hotel Maldives,spa_menu,2021,outdated,,https://visitmaldives.s3.amazonaws.com/4w8p6zwK/4pu4uwyj.pdf
19,The Residence Maldives,spa_menu,2021,outdated,,https://visitmaldives.s3.amazonaws.com/4w8p6zwK/4pu4uwyj.pdf
45,Saii Lagoon Maldives,spa_menu,2021,outdated,,https://visitmaldives.s3.amazonaws.com/4w8p6zwK/4pu4uwyj.pdf
139,Kudafushi Resort & Spa,spa_menu,2021,outdated,,https://visitmaldives.s3.amazonaws.com/4w8p6zwK/4pu4uwyj.pdf
141,Soneva Fushi Resort,spa_menu,2021,outdated,,https://visitmaldives.s3.amazonaws.com/4w8p6zwK/4pu4uwyj.pdf
133,Oblu By Atmosphere at Helengeli,spa_menu,2021,outdated,,https://visitmaldives.s3.amazonaws.com/0wNN6lwA/pp62yqi4.pdf
27,Grand Park Kodhipparu Maldives,spa_menu,2021,outdated,,https://visitmaldives.s3.amazonaws.com/0wNN6lwA/pp62yqi4.pdf
41,Ozen By Atmosphere At Maadhoo,spa_menu,2021,outdated,,https://visitmaldives.s3.amazonaws.com/0wNN6lwA/pp62yqi4.pdf
171,Velaa Private Island Maldives,spa_menu,2021,outdated,,https://visitmaldives.s3.amazonaws.com/0wNN6lwA/pp62yqi4.pdf
50,Sun Siyam Olhuveli Maldives,spa_menu,2021,outdated,,https://visitmaldives.s3.amazonaws.com/0wNN6lwA/pp62yqi4.pdf
110,Furaveri Island Resort & Spa,spa_menu,2021,outdated,,https://visitmaldives.s3.amazonaws.com/0wNN6lwA/pp62yqi4.pdf
44,Hard Rock Hotel Maldives,spa_menu,2021,outdated,,https://visitmaldives.s3.amazonaws.com/0wNN6lwA/pp62yqi4.pdf
139,Kudafushi Resort & Spa,spa_menu,2021,outdated,,https://visitmaldives.s3.amazonaws.com/0wNN6lwA/pp62yqi4.pdf
141,Soneva Fushi Resort,spa_menu,2021,outdated,,https://visitmaldives.s3.amazonaws.com/0wNN6lwA/pp62yqi4.pdf
133,Oblu By Atmosphere at Helengeli,spa_menu,2021,outdated,,https://visitmaldives.s3.amazonaws.com/KYyXzkwR/fdpo1tzr.pdf
27,Grand Park Kodhipparu Maldives,spa_menu,2021,outdated,,https://visitmaldives.s3.amazonaws.com/KYyXzkwR/fdpo1tzr.pdf
41,Ozen By Atmosphere At Maadhoo,spa_menu,2021,outdated,,https://visitmaldives.s3.amazonaws.com/KYyXzkwR/fdpo1tzr.pdf
171,Velaa Private Island Maldives,spa_menu,2021,outdated,,https://visitmaldives.s3.amazonaws.com/KYyXzkwR/fdpo1tzr.pdf
50,Sun Siyam Olhuveli Maldives,spa_menu,2021,outdated,,https://visitmaldives.s3.amazonaws.com/KYyXzkwR/fdpo1tzr.pdf
110,Furaveri Island Resort & Spa,spa_menu,2021,outdated,,https://visitmaldives.s3.amazonaws.com/KYyXzkwR/fdpo1tzr.pdf
44,Hard Rock Hotel Maldives,spa_menu,2021,outdated,,https://visitmaldives.s3.amazonaws.com/KYyXzkwR/fdpo1tzr.pdf
139,Kudafushi Resort & Spa,spa_menu,2021,outdated,,https://visitmaldives.s3.amazonaws.com/KYyXzkwR/fdpo1tzr.pdf
141,Soneva Fushi Resort,spa_menu,2021,outdated,,https://visitmaldives.s3.amazonaws.com/KYyXzkwR/fdpo1tzr.pdf
133,Oblu By Atmosphere at Helengeli,spa_menu,2021,outdated,,https://visitmaldives.s3.amazonaws.com/ZoWOm6oP/afzlhnkv.pdf
27,Grand Park Kodhipparu Maldives,spa_menu,2021,outdated,,https://visitmaldives.s3.amazonaws.com/ZoWOm6oP/afzlhnkv.pdf
41,Ozen By Atmosphere At Maadhoo,spa_menu,2021,outdated,,https://visitmaldives.s3.amazonaws.com/ZoWOm6oP/afzlhnkv.pdf
171,Velaa Private Island Maldives,spa_menu,2021,outdated,,https://visitmaldives.s3.amazonaws.com/ZoWOm6oP/afzlhnkv.pdf
50,Sun Siyam Olhuveli Maldives,spa_menu,2021,outdated,,https://visitmaldives.s3.amazonaws.com/ZoWOm6oP/afzlhnkv.pdf
110,Furaveri Island Resort & Spa,spa_menu,2021,outdated,,https://visitmaldives.s3.amazonaws.com/ZoWOm6oP/afzlhnkv.pdf
44,Hard Rock Hotel Maldives,spa_menu,2021,outdated,,https://visitmaldives.s3.amazonaws.com/ZoWOm6oP/afzlhnkv.pdf
139,Kudafushi Resort & Spa,spa_menu,2021,outdated,,https://visitmaldives.s3.amazonaws.com/ZoWOm6oP/afzlhnkv.pdf
141,Soneva Fushi Resort,spa_menu,2021,outdated,,https://visitmaldives.s3.amazonaws.com/ZoWOm6oP/afzlhnkv.pdf
134,"The St. Regis Vommuli Resort, Maldives",calendar,2026,current,Y,https://letsgomaldives.com/wp-content/uploads/2026/02/The-St.-Regis-Maldives-Vommuli-Resort_Easter-Brochure-2026.pdf
134,"The St. Regis Vommuli Resort, Maldives",dining_menu,2026,current,Y,https://letsgomaldives.com/wp-content/uploads/2026/03/The-St.-Regis-Maldives_Eid_FB.pdf
134,"The St. Regis Vommuli Resort, Maldives",excursions,2026,current,Y,https://letsgomaldives.com/wp-content/uploads/2026/03/The-St.-Regis-Maldives_Flyer_Nauryz-Celebration-Childrens-Activities-22-23-March-2026.pdf
134,"The St. Regis Vommuli Resort, Maldives",excursions,2026,current,,https://letsgomaldives.com/wp-content/uploads/2026/03/The-St.-Regis-Maldives_Childrens-Activities_Calendar_Eid-Al-Fitr-Celebrations-17-21-March-2026-.pdf
134,"The St. Regis Vommuli Resort, Maldives",factsheet,2021,outdated,Y,https://www.neoscapesmaldives.com/wp-content/uploads/The-St.-Regis-Maldives-Fact-Sheet.pdf
134,"The St. Regis Vommuli Resort, Maldives",spa_menu,2026,current,Y,https://letsgomaldives.com/wp-content/uploads/2026/03/The-St.-Regis-Maldives_Spa_02-1.pdf
135,Diamonds Thudufushi Beach and Water Villas,excursions,2017,outdated,Y,https://d1vp8nomjxwyf1.cloudfront.net/wp-content/uploads/sites/110/2017/03/13084012/Society-Magazine-2017-Diamonds-Resorts-5-2.pdf
178,Diamonds Athuruga Beach & Water Villas,excursions,2017,outdated,Y,https://d1vp8nomjxwyf1.cloudfront.net/wp-content/uploads/sites/110/2017/03/13084012/Society-Magazine-2017-Diamonds-Resorts-5-2.pdf
135,Diamonds Thudufushi Beach and Water Villas,factsheet,2026,current,Y,https://d1vp8nomjxwyf1.cloudfront.net/wp-content/uploads/sites/544/2022/10/27105422/Diamonds-Leisure-Beach-Golf-Resort-Fact-Sheet-2026.pdf
178,Diamonds Athuruga Beach & Water Villas,factsheet,2026,current,Y,https://d1vp8nomjxwyf1.cloudfront.net/wp-content/uploads/sites/544/2022/10/27105422/Diamonds-Leisure-Beach-Golf-Resort-Fact-Sheet-2026.pdf
135,Diamonds Thudufushi Beach and Water Villas,factsheet,2024,outdated,,https://d1vp8nomjxwyf1.cloudfront.net/wp-content/uploads/sites/110/2017/03/17070444/2024_DiamondsThudufushi_FactSheet.pdf
135,Diamonds Thudufushi Beach and Water Villas,factsheet,2019,outdated,,https://neoscapesmaldives.com/wp-content/uploads/Diamonds-Thudufushi-Fact-Sheet-2019.pdf
135,Diamonds Thudufushi Beach and Water Villas,map,2020,outdated,Y,https://www.neoscapesmaldives.com/wp-content/uploads/Diamonds-Thudufushi-Map.pdf
135,Diamonds Thudufushi Beach and Water Villas,other,2021,outdated,Y,https://d1vp8nomjxwyf1.cloudfront.net/wp-content/uploads/sites/339/2018/02/04064814/TRAVEL-ADVERSORY-NO.6-OF-3RD-MAY-2021.pdf
178,Diamonds Athuruga Beach & Water Villas,other,2021,outdated,Y,https://d1vp8nomjxwyf1.cloudfront.net/wp-content/uploads/sites/339/2018/02/04064814/TRAVEL-ADVERSORY-NO.6-OF-3RD-MAY-2021.pdf
135,Diamonds Thudufushi Beach and Water Villas,other,2019,outdated,,https://d1vp8nomjxwyf1.cloudfront.net/wp-content/uploads/sites/212/2023/03/17095041/Diamonds-Thudufushi.pdf
135,Diamonds Thudufushi Beach and Water Villas,other,2018,outdated,,https://d1vp8nomjxwyf1.cloudfront.net/wp-content/uploads/sites/114/2017/04/17141214/2018_12_17_CONDENASTTRAVELLER_DIAMONDSRESORTS.pdf
178,Diamonds Athuruga Beach & Water Villas,other,2018,outdated,,https://d1vp8nomjxwyf1.cloudfront.net/wp-content/uploads/sites/114/2017/04/17141214/2018_12_17_CONDENASTTRAVELLER_DIAMONDSRESORTS.pdf
135,Diamonds Thudufushi Beach and Water Villas,villa_plans,2019,outdated,,https://d1vp8nomjxwyf1.cloudfront.net/wp-content/uploads/sites/110/2017/03/17111448/WALLSTREETITALIA_DIAMONDSRESORTS.pdf
135,Diamonds Thudufushi Beach and Water Villas,villa_plans,2019,outdated,Y,https://d1vp8nomjxwyf1.cloudfront.net/wp-content/uploads/sites/110/2017/03/27134941/VANITYFAIR.pdf
178,Diamonds Athuruga Beach & Water Villas,villa_plans,2019,outdated,Y,https://d1vp8nomjxwyf1.cloudfront.net/wp-content/uploads/sites/110/2017/03/27134941/VANITYFAIR.pdf
135,Diamonds Thudufushi Beach and Water Villas,villa_plans,2018,outdated,,https://d1vp8nomjxwyf1.cloudfront.net/wp-content/uploads/sites/110/2017/03/07095823/Excellence-Magazine.pdf
178,Diamonds Athuruga Beach & Water Villas,villa_plans,2018,outdated,,https://d1vp8nomjxwyf1.cloudfront.net/wp-content/uploads/sites/110/2017/03/07095823/Excellence-Magazine.pdf
136,Finolhu Baa Atoll Maldives,all_inclusive,2020,outdated,Y,https://www.finolhu.com/wp-content/uploads/2020/09/Seaside-Finolhu_Website-Cookies-Policy.pdf
136,Finolhu Baa Atoll Maldives,calendar,2025,current,,https://www.finolhu.com/wp-content/uploads/2025/10/finolhu-festive-brochure-2025.pdf
136,Finolhu Baa Atoll Maldives,calendar,2024,outdated,,https://www.finolhu.com/wp-content/uploads/2024/03/finolhu-easter-programme-2024.pdf
136,Finolhu Baa Atoll Maldives,dining_menu,2025,current,Y,https://www.finolhu.com/wp-content/uploads/2025/10/DBI-Finolhu-Tablet-Menu-November-2025.pdf
136,Finolhu Baa Atoll Maldives,dining_menu,2020,outdated,,https://www.finolhu.com/wp-content/uploads/2024/02/Schweizer-Illustrierte.pdf
136,Finolhu Baa Atoll Maldives,dive_prices,2026,current,Y,https://www.finolhu.com/wp-content/uploads/2026/04/Watersports-Price-List-2026.pdf
136,Finolhu Baa Atoll Maldives,dive_prices,2025,current,,https://www.finolhu.com/wp-content/uploads/2025/10/DBI-Finolhu-Diving-Price-List_November-2025_online.pdf
136,Finolhu Baa Atoll Maldives,dive_prices,2025,current,,https://www.finolhu.com/wp-content/uploads/2025/09/DBI_Finolhu_Watersports_Price_List_Feb_2025_online.pdf
136,Finolhu Baa Atoll Maldives,dive_prices,2024,outdated,,https://www.finolhu.com/wp-content/uploads/2024/12/DBI-Finolhu-Private-Boats-Price-List-November-2024-v2_online.pdf
136,Finolhu Baa Atoll Maldives,dive_prices,2024,outdated,,https://www.finolhu.com/wp-content/uploads/2024/12/DBI-Finolhu-Mermaid-Price-List-November-2024-v2_online.pdf
136,Finolhu Baa Atoll Maldives,dive_prices,2023,outdated,,https://www.finolhu.com/wp-content/uploads/2024/04/DBI-Kokomo-Finolhu-Price-List.pdf
136,Finolhu Baa Atoll Maldives,dive_prices,2023,outdated,,https://www.finolhu.com/wp-content/uploads/2024/04/DBI-Finolhu-Lost-Damaged-Equipment-Price-List.pdf
136,Finolhu Baa Atoll Maldives,dive_prices,2023,outdated,,https://www.finolhu.com/wp-content/uploads/2024/04/DBI-Finolhu-Thun-Bibee-Price-List.pdf
136,Finolhu Baa Atoll Maldives,dive_prices,2023,outdated,,https://www.finolhu.com/wp-content/uploads/2024/04/DBI-Finolhu-Private-Boats-Price-List.pdf
136,Finolhu Baa Atoll Maldives,dive_prices,2023,outdated,,https://www.finolhu.com/wp-content/uploads/2024/01/DBI-Finolhu-Watersports-Price-List.pdf
136,Finolhu Baa Atoll Maldives,dive_prices,2023,outdated,,https://www.finolhu.com/wp-content/uploads/2023/04/DBI-Finolhu-Watersports-Price-List-2023.pdf
136,Finolhu Baa Atoll Maldives,dive_prices,2022,outdated,,https://www.finolhu.com/wp-content/uploads/2021/12/Ilsy-Catamaran-Finolhu-01-Dec-2021-to-01-Mar-2022.pdf
136,Finolhu Baa Atoll Maldives,events,2025,current,Y,https://www.neoscapesmaldives.com/wp-content/uploads/D2MD-MICE-Brochure-2.pdf
136,Finolhu Baa Atoll Maldives,factsheet,2026,current,,https://www.finolhu.com/wp-content/uploads/2025/10/Teens-Hut-Fact-Sheet.pdf
136,Finolhu Baa Atoll Maldives,factsheet,2026,current,Y,https://www.finolhu.com/wp-content/uploads/2025/10/Art-Lab-Fact-Sheet.pdf
136,Finolhu Baa Atoll Maldives,factsheet,2025,current,,https://www.finolhu.com/wp-content/uploads/2026/01/DBI-Fleet-Fact-Sheet-Keyolhaa-Finolhu-online-Dec-2025.pdf
136,Finolhu Baa Atoll Maldives,factsheet,2025,current,,https://www.finolhu.com/wp-content/uploads/2025/03/Teens_Hut_Fact_Sheet.pdf
136,Finolhu Baa Atoll Maldives,factsheet,2025,current,,https://www.finolhu.com/wp-content/uploads/2025/03/Art_Lab_Fact_Sheet.pdf
136,Finolhu Baa Atoll Maldives,factsheet,2021,outdated,,https://www.neoscapesmaldives.com/wp-content/uploads/Finolhu-2021FactSheet_English-1.pdf
136,Finolhu Baa Atoll Maldives,map,2020,outdated,Y,https://www.neoscapesmaldives.com/wp-content/uploads/Island-Map-Portrait-Finolhu-Baa-Atoll.pdf
136,Finolhu Baa Atoll Maldives,obsolete,2020,obsolete,Y,https://www.finolhu.com/wp-content/uploads/2020/03/finolhu_corona_information-EN.pdf
136,Finolhu Baa Atoll Maldives,obsolete,2020,obsolete,,https://www.finolhu.com/wp-content/uploads/2020/03/finolhu_corona_information-DE.pdf
136,Finolhu Baa Atoll Maldives,obsolete,2020,obsolete,,https://www.finolhu.com/wp-content/uploads/2020/03/Finolhu-Corona-Information-ES.pdf
136,Finolhu Baa Atoll Maldives,other,2025,current,Y,https://www.finolhu.com/wp-content/uploads/2025/09/Certificate-Of-Membership_FIN_2025-26.pdf
136,Finolhu Baa Atoll Maldives,other,2024,outdated,,https://www.finolhu.com/wp-content/uploads/2024/04/Certificate-Of-Membership.pdf
136,Finolhu Baa Atoll Maldives,other,2024,outdated,,https://www.finolhu.com/wp-content/uploads/2024/02/Cosmopolitan-India-Oct-21.pdf
136,Finolhu Baa Atoll Maldives,other,2022,outdated,,https://www.finolhu.com/wp-content/uploads/2024/02/Conde-Nast-Traveller-Spain-March-2022.pdf
136,Finolhu Baa Atoll Maldives,other,2021,outdated,,https://www.finolhu.com/wp-content/uploads/2024/02/Schweizer-Sonntagszeitung.pdf
136,Finolhu Baa Atoll Maldives,other,2021,outdated,,https://www.finolhu.com/wp-content/uploads/2024/02/Provoke-Oct-2021.pdf
136,Finolhu Baa Atoll Maldives,other,2021,outdated,,https://www.finolhu.com/wp-content/uploads/2024/02/Magazine-La-Vanguardia-15th-August-2021.pdf
136,Finolhu Baa Atoll Maldives,other,2021,outdated,,https://www.finolhu.com/wp-content/uploads/2024/02/Freizeit-Woche-20-21-Malediven.pdf
136,Finolhu Baa Atoll Maldives,other,2021,outdated,,https://www.finolhu.com/wp-content/uploads/2024/02/CNT-UK-Dec-2021.pdf
136,Finolhu Baa Atoll Maldives,other,2020,outdated,,https://www.finolhu.com/wp-content/uploads/2024/02/Woman-May-2020.pdf
136,Finolhu Baa Atoll Maldives,other,2020,outdated,,https://www.finolhu.com/wp-content/uploads/2024/02/Vogue-Novias-Spring_-Summer-2020.pdf
136,Finolhu Baa Atoll Maldives,other,2020,outdated,,https://www.finolhu.com/wp-content/uploads/2024/02/Esquire-May-2020.pdf
136,Finolhu Baa Atoll Maldives,other,2020,outdated,,https://www.finolhu.com/wp-content/uploads/2024/02/ELLE-April-1st-2020.pdf
136,Finolhu Baa Atoll Maldives,other,2019,outdated,,https://www.finolhu.com/wp-content/uploads/2024/02/Couch_Werbung_2019.pdf
136,Finolhu Baa Atoll Maldives,spa_menu,2024,outdated,,https://www.finolhu.com/wp-content/uploads/2024/04/finolhu-fehi-spa-pricelist-2024-04.pdf
136,Finolhu Baa Atoll Maldives,spa_menu,2024,outdated,Y,https://www.finolhu.com/wp-content/uploads/2024/04/finolhu-fehi-spa-menu-2024-04.pdf
136,Finolhu Baa Atoll Maldives,spa_menu,2024,outdated,,https://www.finolhu.com/wp-content/uploads/2024/11/Fehi_Spa_Menu_2024.pdf
136,Finolhu Baa Atoll Maldives,spa_menu,2024,outdated,,https://www.finolhu.com/wp-content/uploads/2024/11/240208_FMV_Fehi_Spa_Pricelist.pdf
136,Finolhu Baa Atoll Maldives,spa_menu,2024,outdated,,https://www.finolhu.com/wp-content/uploads/2024/11/Fehi_Spa_Visiting_Wellness_Practitioner.pdf
136,Finolhu Baa Atoll Maldives,spa_menu,2023,outdated,,https://www.finolhu.com/wp-content/uploads/2023/03/finolhu-fehi-spa-menu.pdf
136,Finolhu Baa Atoll Maldives,sustainability,2025,current,Y,https://www.finolhu.com/wp-content/uploads/2023/05/Travelife-Gold-Certificate-102084.pdf
136,Finolhu Baa Atoll Maldives,wedding,2025,current,Y,https://www.finolhu.com/wp-content/uploads/2025/02/Wedding-Packages-2025.pdf
136,Finolhu Baa Atoll Maldives,wedding,2023,outdated,,https://www.finolhu.com/wp-content/uploads/2023/03/Finolhu-Baa-Atoll-Weddings.pdf
137,Soneva Secret,all_inclusive,2026,current,Y,https://soneva-offload-media-library.storage.googleapis.com/wp-content/uploads/2026/05/25130350/Eid-Al-Adha-PRL.pdf
137,Soneva Secret,all_inclusive,2025,current,,https://soneva-offload-media-library.storage.googleapis.com/wp-content/uploads/2025/06/23140228/The-Summer-Escape-Youve-Been-Waiting-For.pdf
137,Soneva Secret,brochure,2027,current,Y,https://soneva-offload-media-library.storage.googleapis.com/wp-content/uploads/2026/09/10112709/A-Season-of-Wonder-Brochure.pdf
137,Soneva Secret,brochure,2023,outdated,,https://soneva-offload-media-library.storage.googleapis.com/wp-content/uploads/2026/06/08102524/Summer-at-Soneva-Brochure-2.pdf
137,Soneva Secret,calendar,2027,current,Y,https://soneva-offload-media-library.storage.googleapis.com/wp-content/uploads/2026/09/10171311/Festive-Season-Shaped-Around-You.pdf
137,Soneva Secret,calendar,2026,current,,https://letsgomaldives.com/wp-content/uploads/2026/02/easter-celebrations-at-soneva.pdf
143,Soneva Jani,calendar,2026,current,,https://letsgomaldives.com/wp-content/uploads/2026/02/easter-celebrations-at-soneva.pdf
137,Soneva Secret,calendar,2026,current,,https://soneva-offload-media-library.storage.googleapis.com/wp-content/uploads/2026/09/14122727/Festive-2026-at-Soneva.pdf
137,Soneva Secret,calendar,2026,current,,https://soneva-offload-media-library.storage.googleapis.com/wp-content/uploads/2026/09/03171528/Festive-Brochure-2026.pdf
137,Soneva Secret,calendar,2026,current,,https://soneva-offload-media-library.storage.googleapis.com/wp-content/uploads/2025/10/15143553/Festive-Brochure-Soneva-Secret.pdf
137,Soneva Secret,dining_menu,2025,current,Y,https://soneva-offload-media-library.storage.googleapis.com/wp-content/uploads/2025/01/16181233/Love-and-Luxury-Meet-in-Harmony-at-Soneva.pdf
137,Soneva Secret,excursions,2025,current,Y,https://soneva-offload-media-library.storage.googleapis.com/wp-content/uploads/2025/08/11115822/Step-Into-a-Golden-State-of-Mind-this-October.pdf
137,Soneva Secret,excursions,2024,outdated,,https://soneva-offload-media-library.storage.googleapis.com/wp-content/uploads/2023/10/10175405/Soneva-Secret-is-revealed-%E2%80%93-a-new-ultra-bespoke-resort-concept-from-Soneva.pdf
137,Soneva Secret,excursions,2024,outdated,,https://soneva-offload-media-library.storage.googleapis.com/wp-content/uploads/2024/09/12175503/Indulge-in-a-Winter-of-Luxury-and-Discovery-at-Soneva.pdf
137,Soneva Secret,kids,2025,current,Y,https://soneva-offload-media-library.storage.googleapis.com/wp-content/uploads/2025/01/14172747/Soneva-Unveils-the-Ultimate-Family-Offer-in-the-Maldives.pdf
137,Soneva Secret,map,2026,current,Y,https://soneva-offload-media-library.storage.googleapis.com/wp-content/uploads/2023/08/09094744/SSR-Map-H.pdf
137,Soneva Secret,map,2026,current,,https://link.assetfile.io/43iXPnV8kP03aE9LVaKDG8/Soneva+Secret+Map+-+Horizontal.pdf
137,Soneva Secret,other,2025,current,Y,https://soneva-offload-media-library.storage.googleapis.com/wp-content/uploads/2025/08/14123824/TTT-75-TH-1.pdf
137,Soneva Secret,other,2025,current,,https://soneva-offload-media-library.storage.googleapis.com/wp-content/uploads/2025/08/13153837/TTT-75-TH.pdf
137,Soneva Secret,press_kit,2026,current,Y,https://soneva-offload-media-library.storage.googleapis.com/wp-content/uploads/2026/05/25130338/Press-Release-Sonevas-Next-Chapter-2026.pdf
137,Soneva Secret,sustainability,2024,outdated,,https://soneva-offload-media-library.storage.googleapis.com/wp-content/uploads/2024/10/25161351/Soneva-and-Olive-Ridley-Project-Open-Noonu-Atoll-Sea-Turtle-Rehabilitation-Centre.pdf
137,Soneva Secret,sustainability,2024,outdated,Y,https://soneva-offload-media-library.storage.googleapis.com/wp-content/uploads/2024/06/03184225/soneva-makes-strides-with-solar-energy.pdf
137,Soneva Secret,villa_plans,2026,current,,https://soneva-offload-media-library.storage.googleapis.com/wp-content/uploads/2026/06/04174129/Villa32_Floorplan-1.pdf
137,Soneva Secret,villa_plans,2026,current,,https://soneva-offload-media-library.storage.googleapis.com/wp-content/uploads/2025/02/03174902/Villa31_Floorplan.pdf
137,Soneva Secret,villa_plans,2026,current,,https://soneva-offload-media-library.storage.googleapis.com/wp-content/uploads/2021/03/03174529/SFR-Villa-44-Floorplan.pdf
137,Soneva Secret,villa_plans,2026,current,,https://soneva-offload-media-library.storage.googleapis.com/wp-content/uploads/2025/12/03173914/Villa29_Floorplan.pdf
137,Soneva Secret,villa_plans,2026,current,Y,https://soneva-offload-media-library.storage.googleapis.com/wp-content/uploads/2021/03/03172838/Villa-52-Floorplan.pdf
137,Soneva Secret,villa_plans,2026,current,,https://soneva-offload-media-library.storage.googleapis.com/wp-content/uploads/2022/10/03172141/Beach-Hideaway-Floorplan.pdf
137,Soneva Secret,villa_plans,2026,current,,https://soneva-offload-media-library.storage.googleapis.com/wp-content/uploads/2021/03/03171738/4-Bedroom-Island-Reserve-with-Slide-Floorplan.pdf
137,Soneva Secret,villa_plans,2026,current,,https://soneva-offload-media-library.storage.googleapis.com/wp-content/uploads/2021/03/03171437/4-Bedroom-Water-Reserve-with-Slide-Floorplan.pdf
137,Soneva Secret,villa_plans,2026,current,,https://soneva-offload-media-library.storage.googleapis.com/wp-content/uploads/2021/03/03170717/3-Bedroom-Island-Reserve-Villa-34-Floorplan.pdf
137,Soneva Secret,villa_plans,2026,current,,https://soneva-offload-media-library.storage.googleapis.com/wp-content/uploads/2023/08/03170240/Two-Bedroom-Beach-Pavilion_Floorplan.pdf
137,Soneva Secret,villa_plans,2026,current,,https://soneva-offload-media-library.storage.googleapis.com/wp-content/uploads/2023/08/03170059/One-Bedroom-Overwater-Sea-Loft_Floorplan.pdf
137,Soneva Secret,villa_plans,2026,current,,https://soneva-offload-media-library.storage.googleapis.com/wp-content/uploads/2023/08/03165935/One-Bedroom-Beach-Villa_Floorplan.pdf
137,Soneva Secret,villa_plans,2026,current,,https://soneva-offload-media-library.storage.googleapis.com/wp-content/uploads/2023/08/03165803/Two-Bedroom-Overwater-Sea-Loft_Floorplan.pdf
137,Soneva Secret,villa_plans,2026,current,,https://soneva-offload-media-library.storage.googleapis.com/wp-content/uploads/2023/08/03164608/One-Bedroom-Horizon-Overwater-Villa_Floorplan.pdf
137,Soneva Secret,villa_plans,2026,current,Y,https://link.assetfile.io/2Ut8Qzar4MWNmnKoLIcfB1/7+Bedroom+Estate+%28Villa+43%29.pdf
141,Soneva Fushi Resort,villa_plans,2026,current,Y,https://link.assetfile.io/2Ut8Qzar4MWNmnKoLIcfB1/7+Bedroom+Estate+%28Villa+43%29.pdf
143,Soneva Jani,villa_plans,2026,current,Y,https://link.assetfile.io/2Ut8Qzar4MWNmnKoLIcfB1/7+Bedroom+Estate+%28Villa+43%29.pdf
137,Soneva Secret,villa_plans,2026,current,,https://link.assetfile.io/5o5yNuo3QUa75WYiZFu6yo/2+Bedroom+Crusoe+with+Pool.pdf
141,Soneva Fushi Resort,villa_plans,2026,current,,https://link.assetfile.io/5o5yNuo3QUa75WYiZFu6yo/2+Bedroom+Crusoe+with+Pool.pdf
143,Soneva Jani,villa_plans,2026,current,,https://link.assetfile.io/5o5yNuo3QUa75WYiZFu6yo/2+Bedroom+Crusoe+with+Pool.pdf
137,Soneva Secret,villa_plans,2026,current,,https://link.assetfile.io/5QrpY9RwxKQnDq2BrWchPY/One-Bedroom+Overwater+Sea+Loft.pdf
141,Soneva Fushi Resort,villa_plans,2026,current,,https://link.assetfile.io/5QrpY9RwxKQnDq2BrWchPY/One-Bedroom+Overwater+Sea+Loft.pdf
143,Soneva Jani,villa_plans,2026,current,,https://link.assetfile.io/5QrpY9RwxKQnDq2BrWchPY/One-Bedroom+Overwater+Sea+Loft.pdf
137,Soneva Secret,villa_plans,2026,current,,https://link.assetfile.io/hyvDigDe0GmgXqpq8FDWi/4+Bedroom+Island+Reserve+with+Slide+%28Villa+28%29.pdf
141,Soneva Fushi Resort,villa_plans,2026,current,,https://link.assetfile.io/hyvDigDe0GmgXqpq8FDWi/4+Bedroom+Island+Reserve+with+Slide+%28Villa+28%29.pdf
143,Soneva Jani,villa_plans,2026,current,,https://link.assetfile.io/hyvDigDe0GmgXqpq8FDWi/4+Bedroom+Island+Reserve+with+Slide+%28Villa+28%29.pdf
137,Soneva Secret,villa_plans,2026,current,,https://link.assetfile.io/5sVJjCBnVIoADHkxr5Hh01/3+Bedroom+Residence+%28Villa+33%29.pdf
141,Soneva Fushi Resort,villa_plans,2026,current,,https://link.assetfile.io/5sVJjCBnVIoADHkxr5Hh01/3+Bedroom+Residence+%28Villa+33%29.pdf
143,Soneva Jani,villa_plans,2026,current,,https://link.assetfile.io/5sVJjCBnVIoADHkxr5Hh01/3+Bedroom+Residence+%28Villa+33%29.pdf
137,Soneva Secret,villa_plans,2026,current,,https://link.assetfile.io/2omr2ZOGZGlBxN6JqiN5VK/3+Bedroom+Beach+Villa+with+Pool+%28Villa+2%29.pdf
141,Soneva Fushi Resort,villa_plans,2026,current,,https://link.assetfile.io/2omr2ZOGZGlBxN6JqiN5VK/3+Bedroom+Beach+Villa+with+Pool+%28Villa+2%29.pdf
143,Soneva Jani,villa_plans,2026,current,,https://link.assetfile.io/2omr2ZOGZGlBxN6JqiN5VK/3+Bedroom+Beach+Villa+with+Pool+%28Villa+2%29.pdf
137,Soneva Secret,villa_plans,2026,current,,https://link.assetfile.io/6TYwFhvugN0EcqiozB0Oyb/4+Bedroom+Sunset+Water+Reserve+with+Slide+%28Villa+105%29.pdf
141,Soneva Fushi Resort,villa_plans,2026,current,,https://link.assetfile.io/6TYwFhvugN0EcqiozB0Oyb/4+Bedroom+Sunset+Water+Reserve+with+Slide+%28Villa+105%29.pdf
143,Soneva Jani,villa_plans,2026,current,,https://link.assetfile.io/6TYwFhvugN0EcqiozB0Oyb/4+Bedroom+Sunset+Water+Reserve+with+Slide+%28Villa+105%29.pdf
137,Soneva Secret,villa_plans,2026,current,,https://link.assetfile.io/4Xna4Vsi37WT6kmapx78Eb/3+Bedroom+Residence+%28Villa+41%29.pdf
141,Soneva Fushi Resort,villa_plans,2026,current,,https://link.assetfile.io/4Xna4Vsi37WT6kmapx78Eb/3+Bedroom+Residence+%28Villa+41%29.pdf
143,Soneva Jani,villa_plans,2026,current,,https://link.assetfile.io/4Xna4Vsi37WT6kmapx78Eb/3+Bedroom+Residence+%28Villa+41%29.pdf
137,Soneva Secret,villa_plans,2026,current,,https://link.assetfile.io/79lQkTnHAlYMFz2ZWMa9Zd/1+Bedroom+Beach+Hideaway.pdf
141,Soneva Fushi Resort,villa_plans,2026,current,,https://link.assetfile.io/79lQkTnHAlYMFz2ZWMa9Zd/1+Bedroom+Beach+Hideaway.pdf
143,Soneva Jani,villa_plans,2026,current,,https://link.assetfile.io/79lQkTnHAlYMFz2ZWMa9Zd/1+Bedroom+Beach+Hideaway.pdf
137,Soneva Secret,villa_plans,2025,current,,https://soneva-offload-media-library.storage.googleapis.com/wp-content/uploads/2025/08/14123844/TTT-75-EN-2-1.pdf
137,Soneva Secret,villa_plans,2025,current,,https://soneva-offload-media-library.storage.googleapis.com/wp-content/uploads/2025/08/07162317/TTT-75-EN.pdf
137,Soneva Secret,villa_plans,2024,outdated,,https://soneva-offload-media-library.storage.googleapis.com/wp-content/uploads/2021/03/02160620/Jungle-Reserve-4-Bedroom-Residence-Floorplan.pdf
137,Soneva Secret,villa_plans,2024,outdated,,https://soneva-offload-media-library.storage.googleapis.com/wp-content/uploads/2024/02/28101507/Villa-37-6-Bedroom-Residence-Floorplan-1.pdf
137,Soneva Secret,villa_plans,2024,outdated,,https://soneva-offload-media-library.storage.googleapis.com/wp-content/uploads/2024/02/23144026/Villa-9-3-Bedroom-Beach-Retreat-Floorplan.pdf
137,Soneva Secret,villa_plans,2024,outdated,,https://soneva-offload-media-library.storage.googleapis.com/wp-content/uploads/2024/02/23144011/Villa-5-3-Bedroom-Beach-Retreat-Floorplan.pdf
137,Soneva Secret,villa_plans,2024,outdated,,https://soneva-offload-media-library.storage.googleapis.com/wp-content/uploads/2024/02/23143955/Villa-70-2-Bedroom-Crusoe-Suite-Floorplan.pdf
137,Soneva Secret,villa_plans,2024,outdated,,https://soneva-offload-media-library.storage.googleapis.com/wp-content/uploads/2024/02/23143923/Villa-68-3-Bedroom-Beach-Retreat-Floorplan.pdf
137,Soneva Secret,villa_plans,2024,outdated,,https://soneva-offload-media-library.storage.googleapis.com/wp-content/uploads/2024/01/31165919/Villa-42-6-Bedroom-Residence-Floorplan.pdf
137,Soneva Secret,villa_plans,2024,outdated,,https://soneva-offload-media-library.storage.googleapis.com/wp-content/uploads/2024/01/31165906/Villa-41-3-Bedroom-Residence-Floorplan.pdf
137,Soneva Secret,villa_plans,2024,outdated,,https://soneva-offload-media-library.storage.googleapis.com/wp-content/uploads/2024/01/31165853/Villa-39-4-Bedroom-Residence-Floorplan.pdf
137,Soneva Secret,villa_plans,2024,outdated,,https://soneva-offload-media-library.storage.googleapis.com/wp-content/uploads/2024/01/31165838/Villa-38-5-Bedroom-Residence-Floorplan.pdf
137,Soneva Secret,villa_plans,2024,outdated,,https://soneva-offload-media-library.storage.googleapis.com/wp-content/uploads/2024/01/31165315/Villa-15-4-Bedroom-Residence-Floorplan.pdf
137,Soneva Secret,villa_plans,2024,outdated,,https://soneva-offload-media-library.storage.googleapis.com/wp-content/uploads/2024/01/31165302/Villa-14-3-Bedroom-Residence-Floorplan.pdf
137,Soneva Secret,villa_plans,2024,outdated,,https://soneva-offload-media-library.storage.googleapis.com/wp-content/uploads/2024/01/31165249/Villa-11-9-Bedroom-Residence-Floorplan.pdf
137,Soneva Secret,villa_plans,2024,outdated,,https://soneva-offload-media-library.storage.googleapis.com/wp-content/uploads/2024/01/15203619/Sunset-Reserve-7-Bedroom-Residence-Floorplan.pdf
137,Soneva Secret,villa_plans,2024,outdated,,https://soneva-offload-media-library.storage.googleapis.com/wp-content/uploads/2024/01/31164818/Jungle-Reserve-4-Bedroom-Residence-Floorplan.pdf
137,Soneva Secret,villa_plans,2024,outdated,,https://soneva-offload-media-library.storage.googleapis.com/wp-content/uploads/2024/01/31164553/Villa-1-3-Bedroom-Residence-Floorplan.pdf
137,Soneva Secret,villa_plans,2024,outdated,,https://soneva-offload-media-library.storage.googleapis.com/wp-content/uploads/2021/07/31163713/3-Bedroom-Beach-Retreat-Villa-5-Floorplan.pdf
137,Soneva Secret,villa_plans,2024,outdated,,https://soneva-offload-media-library.storage.googleapis.com/wp-content/uploads/2021/07/31163652/3-Bedroom-Beach-Retreat-Villa-68-Floorplan.pdf
137,Soneva Secret,villa_plans,2024,outdated,,https://soneva-offload-media-library.storage.googleapis.com/wp-content/uploads/2021/07/31163628/3-Bedroom-Beach-Retreat-Villa-9-Floorplan.pdf
137,Soneva Secret,villa_plans,2024,outdated,,https://soneva-offload-media-library.storage.googleapis.com/wp-content/uploads/2021/03/31163012/2-Bedroom-Crusoe-Suite-with-Pool-Villa-64-Floorplan.pdf
137,Soneva Secret,villa_plans,2024,outdated,,https://soneva-offload-media-library.storage.googleapis.com/wp-content/uploads/2021/03/10105625/2-Bedroom-Crusoe-Residence-with-Pool-Villa-19-24-27-Floorplan.pdf
137,Soneva Secret,villa_plans,2024,outdated,,https://soneva-offload-media-library.storage.googleapis.com/wp-content/uploads/2021/03/10105016/2-Bedroom-Crusoe-Suite-with-Pool-Villa-67-Floorplan.pdf
137,Soneva Secret,villa_plans,2023,outdated,,https://soneva-offload-media-library.storage.googleapis.com/wp-content/uploads/2023/12/20154211/3-Bedroom-Sunrise-Retreat-Villa-2-Floorplan.pdf
137,Soneva Secret,villa_plans,2023,outdated,,https://soneva-offload-media-library.storage.googleapis.com/wp-content/uploads/2023/12/20154140/2-Bedroom-Crusoe-Residence-with-Pool-Villa-19-24-27-Floorplan.pdf
137,Soneva Secret,villa_plans,2023,outdated,,https://soneva-offload-media-library.storage.googleapis.com/wp-content/uploads/2023/12/20154102/Sunset-Reserve-Villa-43-Floorplan.pdf
137,Soneva Secret,villa_plans,2020,outdated,,https://soneva-offload-media-library.storage.googleapis.com/wp-content/uploads/2021/03/10095432/Crusoe-Suite-with-Pool-Villa-17-Floorplan.pdf
137,Soneva Secret,villa_plans,2020,outdated,,https://soneva-offload-media-library.storage.googleapis.com/wp-content/uploads/2021/03/10095410/Crusoe-Suite-with-Pool-Villa-16-Floorplan.pdf
138,Varu Island Resort,brochure,2019,outdated,Y,https://www.neoscapesmaldives.com/wp-content/uploads/VARU-BY-ATMOSPHERE-FLYER-DEC2019.pdf
138,Varu Island Resort,map,2026,current,Y,https://ahr-ucmsapi.atmospherehotelsandresorts.com/AHR/images/section_2479697049a-05b7-47f4-9abb-ec9886ed7178file.pdf.pdf
138,Varu Island Resort,map,2019,outdated,,https://www.neoscapesmaldives.com/wp-content/uploads/Map-VARU-by-Atmosphere.pdf
139,Kudafushi Resort & Spa,all_inclusive,2026,current,,https://kudafushiresort.com/en/wp-content/uploads/2026/09/SOFTALL_INCLUSIVE_KUDAFUSHI.pdf
139,Kudafushi Resort & Spa,all_inclusive,2026,current,Y,https://kudafushiresort.com/en/wp-content/uploads/2026/08/Photography-package.pdf
139,Kudafushi Resort & Spa,all_inclusive,2026,current,,https://kudafushiresort.com/en/wp-content/uploads/2026/08/ALL_INCLUSIVE.pdf
139,Kudafushi Resort & Spa,all_inclusive,2025,current,,https://kudafushiresort.com/en/wp-content/uploads/2026/08/Lovers-Surprise-packages-NEW.pdf
139,Kudafushi Resort & Spa,all_inclusive,2025,current,,https://kudafushiresort.com/en/wp-content/uploads/2026/08/Birthday-Blast-packages-NEW.pdf
139,Kudafushi Resort & Spa,brochure,2025,current,Y,https://kudafushiresort.com/en/wp-content/uploads/2026/08/Stargazing-Cinema-NEW.pdf
139,Kudafushi Resort & Spa,calendar,2026,current,Y,https://kudafushiresort.com/en/wp-content/uploads/2026/08/PADEL-COURT-RENTAL.pdf
139,Kudafushi Resort & Spa,destination_dining,2025,current,Y,https://kudafushiresort.com/en/wp-content/uploads/2026/08/ROMANTIC-DINNER-MENU.pdf
139,Kudafushi Resort & Spa,destination_dining,2025,current,,https://kudafushiresort.com/en/wp-content/uploads/2026/08/FLOATING-BREAKFAST-MENU.pdf
139,Kudafushi Resort & Spa,dining_menu,2026,current,,https://kudafushiresort.com/en/wp-content/uploads/2026/08/LEISURE-HOUSE_2026.pdf
139,Kudafushi Resort & Spa,dining_menu,2026,current,Y,https://kudafushiresort.com/en/wp-content/uploads/2026/08/JUJU-ALL-DAY-DINING-MENU.pdf
139,Kudafushi Resort & Spa,dining_menu,2025,current,,https://kudafushiresort.com/en/wp-content/uploads/2026/08/SEA-EDGE_ASIAN-CUISINE.pdf
139,Kudafushi Resort & Spa,dining_menu,2025,current,,https://kudafushiresort.com/en/wp-content/uploads/2026/08/OLIVE-ME_PIZZERIA-MENU.pdf
139,Kudafushi Resort & Spa,dining_menu,2025,current,,https://kudafushiresort.com/en/wp-content/uploads/2026/08/OLIVE-ME_A-LA-CARTE-MENU.pdf
139,Kudafushi Resort & Spa,dining_menu,2025,current,,https://kudafushiresort.com/en/wp-content/uploads/2026/08/AI-SAI-MENU-2025.pdf
139,Kudafushi Resort & Spa,dive_prices,2026,current,,https://kudafushiresort.com/en/wp-content/uploads/2026/08/EANx.pdf
139,Kudafushi Resort & Spa,dive_prices,2026,current,,https://kudafushiresort.com/en/wp-content/uploads/2026/08/BIG-GAME-FISHING.pdf
139,Kudafushi Resort & Spa,dive_prices,2026,current,Y,https://kudafushiresort.com/en/wp-content/uploads/2026/08/AQUASOULS_WATERSPORTS.pdf
139,Kudafushi Resort & Spa,dive_prices,2025,current,,https://kudafushiresort.com/en/wp-content/uploads/2026/08/Diving-Price-List-with-Snorkeling-Rentals.pdf
139,Kudafushi Resort & Spa,dive_prices,2025,current,,https://kudafushiresort.com/en/wp-content/uploads/2026/08/Dive-Center-Info.pdf
139,Kudafushi Resort & Spa,excursions,2026,current,,https://kudafushiresort.com/en/wp-content/uploads/2026/08/Bubble-Maker.pdf
139,Kudafushi Resort & Spa,excursions,2026,current,,https://kudafushiresort.com/en/wp-content/uploads/2026/08/KUDAFUSHI-EXCURSION_2026.pdf
139,Kudafushi Resort & Spa,excursions,2026,current,Y,https://kudafushiresort.com/en/wp-content/uploads/2026/08/LITTLE-BUBBLES-CLUB-ACTIVITIES_2026.pdf
139,Kudafushi Resort & Spa,factsheet,2019,outdated,Y,https://www.neoscapesmaldives.com/wp-content/uploads/KUDAFUSHI_FACTSHEET.pdf
139,Kudafushi Resort & Spa,kids,2026,current,Y,https://kudafushiresort.com/en/wp-content/uploads/2026/08/BABY-SITTING-SERVICES_2026.pdf
139,Kudafushi Resort & Spa,map,2019,outdated,Y,https://www.neoscapesmaldives.com/wp-content/uploads/KUDAFUSHI_MAP.pdf
139,Kudafushi Resort & Spa,spa_menu,2026,current,Y,https://kudafushiresort.com/en/wp-content/uploads/2026/08/K-YOGA-WEEKLY-WELLNESS-PROGRAM_2026.pdf
139,Kudafushi Resort & Spa,spa_menu,2025,current,,https://kudafushiresort.com/en/wp-content/uploads/2026/08/K-SPA.pdf
139,Kudafushi Resort & Spa,wedding,2026,current,Y,https://kudafushiresort.com/en/wp-content/uploads/2026/08/KUDAFUSHI-WEDDING-PACKAGES.pdf
140,The Standard Huruvalhi Maldives,factsheet,2025,current,Y,https://www.neoscapesmaldives.com/wp-content/uploads/STMV_Factsheet__Eng-.pdf
140,The Standard Huruvalhi Maldives,map,2024,outdated,Y,https://www.neoscapesmaldives.com/wp-content/uploads/The-Standard-Huruvalhi-Maldives-RESORT-MAP.pdf
140,The Standard Huruvalhi Maldives,map,2023,outdated,Y,https://maldives.ru/doc/airport-new-counters-map-2023-1.pdf
112,Nika Island Resort and Spa,map,2023,outdated,Y,https://maldives.ru/doc/airport-new-counters-map-2023-1.pdf
111,Huvafenfushi Maldives,map,2023,outdated,Y,https://maldives.ru/doc/airport-new-counters-map-2023-1.pdf
114,Gangehi Island Resort,map,2023,outdated,Y,https://maldives.ru/doc/airport-new-counters-map-2023-1.pdf
48,Dusit Thani Maldives,map,2023,outdated,Y,https://maldives.ru/doc/airport-new-counters-map-2023-1.pdf
95,Malahini Kuda Bandos,map,2023,outdated,Y,https://maldives.ru/doc/airport-new-counters-map-2023-1.pdf
140,The Standard Huruvalhi Maldives,map,2023,outdated,,https://maldives.ru/doc/doc/Airport%20New%20Counters%20Map%202023.pdf
167,Milaidhoo Island Maldives,map,2023,outdated,,https://maldives.ru/doc/doc/Airport%20New%20Counters%20Map%202023.pdf
73,Summer Island Maldives,map,2023,outdated,,https://maldives.ru/doc/doc/Airport%20New%20Counters%20Map%202023.pdf
114,Gangehi Island Resort,map,2023,outdated,,https://maldives.ru/doc/doc/Airport%20New%20Counters%20Map%202023.pdf
176,Villa Park Sun Island,map,2023,outdated,,https://maldives.ru/doc/doc/Airport%20New%20Counters%20Map%202023.pdf
48,Dusit Thani Maldives,map,2023,outdated,,https://maldives.ru/doc/doc/Airport%20New%20Counters%20Map%202023.pdf
95,Malahini Kuda Bandos,map,2023,outdated,,https://maldives.ru/doc/doc/Airport%20New%20Counters%20Map%202023.pdf
141,Soneva Fushi Resort,calendar,2026,current,Y,https://soneva-offload-media-library.storage.googleapis.com/wp-content/uploads/2025/10/15143604/Festive-Brochure-Soneva-Fushi.pdf
141,Soneva Fushi Resort,dining_menu,2026,current,Y,https://soneva-offload-media-library.storage.googleapis.com/wp-content/uploads/2026/01/29113418/Soneva-Fushi-Valentines-Day-2026.pdf
141,Soneva Fushi Resort,dining_menu,2025,current,,https://soneva-offload-media-library.storage.googleapis.com/wp-content/uploads/2025/03/10155406/Spring-Flavours-Take-Flight-with-Chef-Wassim-Hallal-at-Soneva-Fushis-Flying-Sauces.pdf
141,Soneva Fushi Resort,factsheet,2023,outdated,Y,https://soneva-offload-media-library.storage.googleapis.com/wp-content/uploads/2021/03/28174156/Soneva-Fushi-Crusoe-with-Pool-Factsheet.pdf
141,Soneva Fushi Resort,factsheet,2019,outdated,Y,https://neoscapesmaldives.com/wp-content/uploads/11747_Soneva-Fushi-Factsheet-2019.pdf
143,Soneva Jani,factsheet,2019,outdated,Y,https://neoscapesmaldives.com/wp-content/uploads/11747_Soneva-Fushi-Factsheet-2019.pdf
141,Soneva Fushi Resort,kids,2026,current,Y,https://link.assetfile.io/1ewoZhFcteE6QejLkhQnmK/Soneva+Fushi+Family+Suite+with+Pool.pdf
141,Soneva Fushi Resort,kids,2023,outdated,,https://soneva-offload-media-library.storage.googleapis.com/wp-content/uploads/2023/12/20154246/Soneva-Fushi-Family-Villa-Suite-with-Pool-Floorplan.pdf
141,Soneva Fushi Resort,map,2019,outdated,Y,https://neoscapesmaldives.com/wp-content/uploads/11654_Soneva-Fushi-Resort-Features-Map.pdf
141,Soneva Fushi Resort,spa_menu,2025,current,Y,https://soneva-offload-media-library.storage.googleapis.com/wp-content/uploads/2025/06/19095437/A-New-Chapter-Begins-for-SOUL-Festival.pdf
141,Soneva Fushi Resort,sustainability,2025,current,Y,https://soneva-offload-media-library.storage.googleapis.com/wp-content/uploads/2025/01/22105807/Global-Experts-Unite-at-Soneva-Fushi-for-Dialogue-on-Coral-Reef-Restoration-and-Resilience.pdf
141,Soneva Fushi Resort,sustainability,2023,outdated,,https://soneva-offload-media-library.storage.googleapis.com/wp-content/uploads/2025/06/23172220/Soneva-Launches-AquaTerra-Centre-at-Soneva-Fushi.pdf
141,Soneva Fushi Resort,villa_plans,2026,current,Y,https://link.assetfile.io/4GhD3dMxv48ooeU7aXdd5E/Soneva+Fushi+Villa+Suite+2+Bedroom+with+Pool+%28Villa+66%29.pdf
141,Soneva Fushi Resort,villa_plans,2026,current,,https://link.assetfile.io/3X27zJSWcsxnUezhrajBZB/4+Bedroom+Beach+Villa+with+Pool%28Villa+69%29.pdf
141,Soneva Fushi Resort,villa_plans,2026,current,,https://link.assetfile.io/3IygnBq06uuoORF6JBhO4o/4+Bedroom+Beach+Villa+with+Pool+%28Villa+65%29.pdf
141,Soneva Fushi Resort,villa_plans,2026,current,,https://link.assetfile.io/56NLICZ6oGcuExkDeJxmRN/4+Bedroom+Beach+Villa+with+Pool+%28Villa+18%29.pdf
141,Soneva Fushi Resort,villa_plans,2024,outdated,,https://soneva-offload-media-library.storage.googleapis.com/wp-content/uploads/2021/07/24164728/Soneva-Fushi-Villa-5-_3-Bedroom-Beach-Retreat_.pdf
141,Soneva Fushi Resort,villa_plans,2024,outdated,,https://soneva-offload-media-library.storage.googleapis.com/wp-content/uploads/2024/11/24164703/Soneva-Fushi-Villa-9-_3-Bedroom-Beach-Retreat_.pdf
141,Soneva Fushi Resort,villa_plans,2024,outdated,,https://soneva-offload-media-library.storage.googleapis.com/wp-content/uploads/2024/02/23144042/Villa-18-4-Bedroom-Soneva-Fushi-Villa-Suite-Floorplan.pdf
141,Soneva Fushi Resort,villa_plans,2024,outdated,,https://soneva-offload-media-library.storage.googleapis.com/wp-content/uploads/2024/02/23143939/Villa-69-4-Bedroom-Soneva-Fushi-Villa-Suite-Floorplan.pdf
141,Soneva Fushi Resort,villa_plans,2024,outdated,,https://soneva-offload-media-library.storage.googleapis.com/wp-content/uploads/2024/02/23143906/Villa-65-4-Bedroom-Soneva-Fushi-Villa-Suite-Floorplan.pdf
141,Soneva Fushi Resort,villa_plans,2024,outdated,,https://soneva-offload-media-library.storage.googleapis.com/wp-content/uploads/2024/01/31164056/4-Bedroom-Soneva-Fushi-Villa-Suite-Villa-69-Floorplan.pdf
141,Soneva Fushi Resort,villa_plans,2024,outdated,,https://soneva-offload-media-library.storage.googleapis.com/wp-content/uploads/2024/01/31164043/4-Bedroom-Soneva-Fushi-Villa-Suite-Villa-18-Floorplan.pdf
141,Soneva Fushi Resort,villa_plans,2023,outdated,,https://soneva-offload-media-library.storage.googleapis.com/wp-content/uploads/2021/03/24165704/Soneva-Fushi-2-Bedroom-Crusoe-with-Pool.pdf
141,Soneva Fushi Resort,villa_plans,2023,outdated,,https://soneva-offload-media-library.storage.googleapis.com/wp-content/uploads/2021/03/24165107/Soneva-Fushi-2-Bedroom-Crusoe-Residence-with-Pool-_Villa-19_-24-27_.pdf
141,Soneva Fushi Resort,villa_plans,2023,outdated,,https://soneva-offload-media-library.storage.googleapis.com/wp-content/uploads/2025/07/17154339/Soneva-Fushi-Crusoe-Suite-with-Pool-_20-23-_-28_.pdf
141,Soneva Fushi Resort,villa_plans,2022,outdated,,https://soneva-offload-media-library.storage.googleapis.com/wp-content/uploads/2021/03/24165439/Soneva-Fushi-Crusoe-Suite-with-Pool-_Villa-16_.pdf
141,Soneva Fushi Resort,villa_plans,2022,outdated,,https://soneva-offload-media-library.storage.googleapis.com/wp-content/uploads/2021/03/24165430/Soneva-Fushi-Crusoe-Suite-with-Pool-_Villa-17_.pdf
142,Safari Island,dive_prices,2018,outdated,Y,https://dreamland.com.mv/wp-content/uploads/2024/08/DREAMLAND-Diving-FAQs-English.pdf
10,Dreamland - The Unique Sea & Lake Resort/Spa,dive_prices,2018,outdated,Y,https://dreamland.com.mv/wp-content/uploads/2024/08/DREAMLAND-Diving-FAQs-English.pdf
143,Soneva Jani,calendar,2026,current,Y,https://soneva-offload-media-library.storage.googleapis.com/wp-content/uploads/2025/10/15143611/Festive-Brochure-Soneva-Jani.pdf
143,Soneva Jani,dive_prices,2024,outdated,Y,https://soneva-offload-media-library.storage.googleapis.com/wp-content/uploads/2022/02/07163623/Soleni-Price-list24-25-SJR.pdf
143,Soneva Jani,dive_prices,2024,outdated,,https://soneva-offload-media-library.storage.googleapis.com/wp-content/uploads/2022/02/06184040/Soneva-Jani-Diving-2023-2024.pdf
143,Soneva Jani,factsheet,2019,outdated,,https://www.neoscapesmaldives.com/wp-content/uploads/12291_Soneva-Jani-Resort-Factesheet-NEO.pdf
143,Soneva Jani,map,2026,current,Y,https://soneva-offload-media-library.storage.googleapis.com/wp-content/uploads/2022/10/09101434/SJR-Map-H.pdf
143,Soneva Jani,map,2026,current,,https://link.assetfile.io/1Sur2L8xTyPg11nIvwzLjc/Soneva+Fushi+Map+-+Horizontal.pdf
143,Soneva Jani,map,2026,current,,https://link.assetfile.io/5xB7HFG69JgkQlWv9nJAh8/Soneva+Jani+Map+-+Horizontal.pdf
143,Soneva Jani,map,2019,outdated,,https://www.neoscapesmaldives.com/wp-content/uploads/12096_Soneva-Jani-Resort-Map-1.pdf
143,Soneva Jani,villa_plans,2025,current,,https://awesomegetawaymaldives.com/wp-content/uploads/2026/03/Soneva-Fushi.pdf
143,Soneva Jani,villa_plans,2019,outdated,,https://awesomegetawaymaldives.com/wp-content/uploads/2026/03/Soneva-Jani.pdf
145,Anantara Resort and Spa Maldives,factsheet,2023,outdated,Y,https://www.neoscapesmaldives.com/wp-content/uploads/Anantara_Dhigu_Maldives_Factsheet_January_2023.pdf
145,Anantara Resort and Spa Maldives,map,2021,outdated,Y,https://www.neoscapesmaldives.com/wp-content/uploads/Anantara_Dhigu_Maldives_Island_Map_December_2021.pdf
146,Anantara Veli and Naladhu,factsheet,2023,outdated,Y,https://www.neoscapesmaldives.com/wp-content/uploads/Anantara_Veli_Maldives_Factsheet_January_2023.pdf
146,Anantara Veli and Naladhu,map,2023,outdated,Y,https://www.neoscapesmaldives.com/wp-content/uploads/Anantara_Veli_Maldives_Siteplan_January_2023.pdf
147,Sun Siyam Vilu Reef Maldives,calendar,2026,current,Y,https://www.sunsiyam.com/media/j1vp02dn/ssvr-festive-gazette-26-27-eutopia-r.pdf
147,Sun Siyam Vilu Reef Maldives,dining_menu,2024,outdated,Y,https://www.sunsiyam.com/media/yqgbihlu/athireege.pdf
147,Sun Siyam Vilu Reef Maldives,excursions,2026,current,Y,https://www.sunsiyam.com/media/dv1fvxyl/ssvr-golden-week-gazette-260921.pdf
147,Sun Siyam Vilu Reef Maldives,factsheet,2026,current,Y,https://www.sunsiyam.com/media/5q0hgbtr/factsheet-vilu-reef-2026-hr.pdf
147,Sun Siyam Vilu Reef Maldives,factsheet,2019,outdated,,https://www.neoscapesmaldives.com/wp-content/uploads/Fact-Sheet-2019.pdf
147,Sun Siyam Vilu Reef Maldives,map,2026,current,Y,https://www.sunsiyam.com/media/jn3h3idp/ssvr-ai-meal-plan-26.pdf
147,Sun Siyam Vilu Reef Maldives,map,2019,outdated,,https://www.neoscapesmaldives.com/wp-content/uploads/MAP.pdf
147,Sun Siyam Vilu Reef Maldives,wedding,2025,current,Y,https://www.sunsiyam.com/media/jv5nmz43/ultimate-honeymoon-ssvr.pdf
148,Sun Siyam Iru Fushi Maldives,all_inclusive,2027,current,Y,https://www.sunsiyam.com/media/yp5hluk1/iru-fushi-24-hour-premium-all-inclusive-dine-around.pdf
148,Sun Siyam Iru Fushi Maldives,brochure,2026,current,Y,https://so-hotels.com/wp-content/uploads/sites/19/2026/07/SOVienna_Edit.pdf
148,Sun Siyam Iru Fushi Maldives,brochure,2021,outdated,,https://hotel.hardrock.com/maldives/files/6016/BREAKOUT_Playbook.pdf
148,Sun Siyam Iru Fushi Maldives,brochure,2020,outdated,,https://visitmaldives.s3.amazonaws.com/4w8pP6wK/vzyd4tjv.pdf
148,Sun Siyam Iru Fushi Maldives,calendar,2027,current,Y,https://letsgomaldives.com/wp-content/uploads/2026/08/Sun-Siyam-Iru-Fushi-Our-Festive-Brochure-2026-2027.pdf
148,Sun Siyam Iru Fushi Maldives,calendar,2026,current,,https://www.sunsiyam.com/media/ho2nl1ov/iru-fushi_festive-season_2026-27pdf.pdf
148,Sun Siyam Iru Fushi Maldives,calendar,2023,outdated,,https://letsgomaldives.com/wp-content/uploads/2022/11/Sun_Siyam_Iru_Fushi-A-BEACHY-AFFAIR-FESTIVE-BOOKLET-2022-2023.pdf
148,Sun Siyam Iru Fushi Maldives,dining_menu,2026,current,Y,https://www.nivahotelsandresorts.com/wp-content/uploads/2026/06/La-Belle-Vie-Menu_Digital.pdf
148,Sun Siyam Iru Fushi Maldives,excursions,2020,outdated,Y,https://visitmaldives.s3.amazonaws.com/e8qe4VYP/9cskgcn7.pdf
148,Sun Siyam Iru Fushi Maldives,factsheet,2026,current,Y,https://www.sunsiyam.com/media/kt3el3ns/iru-fushi_factsheet.pdf
148,Sun Siyam Iru Fushi Maldives,factsheet,2016,outdated,,https://www.neoscapesmaldives.com/wp-content/uploads/TSSI-Factsheet.pdf
148,Sun Siyam Iru Fushi Maldives,map,2027,current,Y,https://www.sunsiyam.com/media/owkd2eb1/iru-fushi-bespoke-meal-plan.pdf
148,Sun Siyam Iru Fushi Maldives,map,2019,outdated,,https://www.neoscapesmaldives.com/wp-content/uploads/TSSI-Island-Map.pdf
148,Sun Siyam Iru Fushi Maldives,other,2026,current,Y,https://eu-assets.contentstack.com/v3/assets/blt7d97d569bd055024/blt26f60532d442bd7c/69c68449c82dc1532f812715/XDER_AGB.pdf
148,Sun Siyam Iru Fushi Maldives,other,2025,current,,https://eu-assets.contentstack.com/v3/assets/blt7d97d569bd055024/blt43dabc789711786a/6888d5ac5fca5710d06c561c/XMWR_AGB.pdf
148,Sun Siyam Iru Fushi Maldives,other,2025,current,,https://eu-assets.contentstack.com/v3/assets/blt7d97d569bd055024/blt23bc835c2f9b411e/6888d5ac67ba802b623395f0/XJAHN_AGB.pdf
148,Sun Siyam Iru Fushi Maldives,other,2025,current,,https://eu-assets.contentstack.com/v3/assets/blte218090c2a6fb1e2/blt144fd52508431c08/67c56d90f07601fbadef6b1c/JAHN_online_S2025.pdf
148,Sun Siyam Iru Fushi Maldives,other,2025,current,,https://eu-assets.contentstack.com/v3/assets/blt7d97d569bd055024/blt1b8bccd6d15fbefb/6888d5acc97087420f4ae726/XITS_AGB.pdf
148,Sun Siyam Iru Fushi Maldives,other,2024,outdated,,https://www.tropical-islands.de/content/dam/tib/documents/BookingScamFAQ_TI1.pdf
148,Sun Siyam Iru Fushi Maldives,other,2015,outdated,,https://d1vp8nomjxwyf1.cloudfront.net/wp-content/uploads/sites/212/2017/08/08083505/Proce%CC%81dure-de-re%CC%81servation.pdf
148,Sun Siyam Iru Fushi Maldives,press_kit,2026,current,Y,https://so-hotels.com/wp-content/uploads/sites/19/2026/01/so_sotogrand_press-release_valentines-2026_EN.pdf
148,Sun Siyam Iru Fushi Maldives,sustainability,2026,current,Y,https://so-hotels.com/wp-content/uploads/sites/19/2026/01/so_sotogrande_press-release_green-key_EN.pdf
148,Sun Siyam Iru Fushi Maldives,wedding,2026,current,Y,https://www.sunsiyam.com/media/dzmlvgtf/ultimate-honeymoon-ssif.pdf
148,Sun Siyam Iru Fushi Maldives,wedding,2025,current,,https://www.sunsiyam.com/media/yc2hlmeb/sun-siyam-iru-fushi_wedding-brochure.pdf
150,Coco Bodu Hithi,factsheet,2020,outdated,Y,https://www.neoscapesmaldives.com/wp-content/uploads/02.-Coco-Bodu-Hithi-Factsheet.pdf
150,Coco Bodu Hithi,map,2025,current,Y,https://www.neoscapesmaldives.com/wp-content/uploads/03.-Coco-Bodu-Hithi-Map.pdf
152,Makunudu Island,calendar,2026,current,Y,https://makunudu.com/wp-content/uploads/2025/11/Makunudu-Festive-2025-2026.pdf
152,Makunudu Island,dining_menu,2025,current,Y,https://makunudu.com/wp-content/uploads/2025/05/Watersports-Menu-_-2025-New.pdf
152,Makunudu Island,dining_menu,2025,current,,https://makunudu.com/wp-content/uploads/2025/03/Watersports-Menu.pdf
152,Makunudu Island,dining_menu,2024,outdated,,https://makunudu.com/wp-content/uploads/2024/05/Watersports-Menu.pdf
152,Makunudu Island,dive_prices,2026,current,Y,https://makunudu.com/wp-content/uploads/2026/05/Dive-Ocean-Price-List.pdf
152,Makunudu Island,dive_prices,2026,current,,https://makunudu.com/wp-content/uploads/2026/05/Watersport-Price-List.pdf
152,Makunudu Island,dive_prices,2024,outdated,,https://makunudu.com/wp-content/uploads/2024/05/Makunudu-Dive-Center-Price-List.pdf
152,Makunudu Island,factsheet,2024,outdated,Y,https://makunudu.com/wp-content/uploads/2024/11/Maknudu-Factsheet.pdf
152,Makunudu Island,factsheet,2024,outdated,,https://makunudu.com/wp-content/uploads/2024/05/Digital-Factsheet.pdf
152,Makunudu Island,spa_menu,2026,current,Y,https://makunudu.com/wp-content/uploads/2026/02/AAVUN-SPA-1.pdf
152,Makunudu Island,spa_menu,2026,current,,https://makunudu.com/wp-content/uploads/2026/01/MKD_Yoga.pdf
152,Makunudu Island,spa_menu,2025,current,,https://makunudu.com/wp-content/uploads/2025/04/YogaClass-Menu.pdf
152,Makunudu Island,spa_menu,2024,outdated,,https://makunudu.com/wp-content/uploads/2024/05/AAVUN-SPA.pdf
152,Makunudu Island,wedding,2023,outdated,Y,https://makunudu.com/wp-content/uploads/2024/05/SimplyRomanticPackage.pdf
152,Makunudu Island,wedding,2023,outdated,,https://makunudu.com/wp-content/uploads/2024/05/Island_Renewal_of_vows.pdf
153,Taj Coral Reef Resort and Spa,factsheet,2021,outdated,Y,https://www.neoscapesmaldives.com/wp-content/uploads/FactSheet-Taj-Coral-Reef-Maldives-NEO.pdf
153,Taj Coral Reef Resort and Spa,map,2021,outdated,Y,https://www.neoscapesmaldives.com/wp-content/uploads/Resort-Map-Taj-Coral-Reef-Resort-and-Spa-Maldives.pdf
154,Taj Exotica Resort & Spa Maldives,factsheet,2021,outdated,Y,https://www.neoscapesmaldives.com/wp-content/uploads/Factsheet-Taj-Exotica-Resort-Spa-_Maldives-NEO.pdf
154,Taj Exotica Resort & Spa Maldives,map,2021,outdated,Y,https://www.neoscapesmaldives.com/wp-content/uploads/Taj-Exotica-Resort-Spa-Map.pdf
155,Constance Halaveli Resort,events,2026,current,Y,https://maldives.ru/doc/static/Constance-Hotels-Resorts-Corporate-Brochure-En_removed%20(1).pdf
155,Constance Halaveli Resort,factsheet,2023,outdated,Y,https://www.neoscapesmaldives.com/wp-content/uploads/halaveli-factsheet-en-24april2023.pdf
155,Constance Halaveli Resort,map,2024,outdated,Y,https://maldives.ru/doc/2024-Halaveli-Map-BV2B-SALES.pdf
155,Constance Halaveli Resort,map,2019,outdated,,https://www.neoscapesmaldives.com/wp-content/uploads/constance-halaveli-location-map.pdf
157,The Nautilus Maldives,all_inclusive,2024,outdated,Y,https://d7h9v39iheghu.cloudfront.net/previews/7837a234-9635-4da8-b132-476aacd9b4c1/868ea52e-50ad-4be1-96ab-9dd050de339b/868ea52e-50ad-4be1-96ab-9dd050de339b?Policy=eyJTdGF0ZW1lbnQiOiBbeyJSZXNvdXJjZSI6Imh0dHBzOi8vZDdoOXYzOWloZWdodS5jbG91ZGZyb250Lm5ldC9wcmV2aWV3cy83ODM3YTIzNC05NjM1LTRkYTgtYjEzMi00NzZhYWNkOWI0YzEqIiwiQ29uZGl0aW9uIjp7IkRhdGVMZXNzVGhhbiI6eyJBV1M6RXBvY2hUaW1lIjoxNzkzNjg0MDEwfX19XX0_&Signature=0NCrDHEtg~3Ag4tUAPQa6ilJ6cyZ~w4zVuMSD7cG~r-mqETwrHjP~ymbFvuB7vZlbnPnlWCA1ED5pRAzfLnrljg2GzmBKzehdZ5pgyEdg2DhUh1PdoH9P3mOCEtIvAjK8OJMABLlrsk9l-sKHGYMa1a1Cwv28E-vbs9wjG1faMxEGG67VKe8YrbKJea-zq31p-n-SwDxEgYcBaFhSoyAOtk-LQQh4YnbO4e3Mh1O3qhd1CUPoi~QB1~gR8sul5CK0VJQczSIV5ZAIetLpT6YzKJjTsyOlpvwM1Ndaf6IhiW6ocfSJj45JPk5h8YsmO05fa9p1P7DalJRXVD6AH0o6g__&Key-Pair-Id=APKAJXJN6VNR3OLZJXJA
157,The Nautilus Maldives,brochure,2025,current,Y,https://d7h9v39iheghu.cloudfront.net/previews/7837a234-9635-4da8-b132-476aacd9b4c1/821b070a-f4cb-4351-8508-114e9a8a9e0d/821b070a-f4cb-4351-8508-114e9a8a9e0d?Policy=eyJTdGF0ZW1lbnQiOiBbeyJSZXNvdXJjZSI6Imh0dHBzOi8vZDdoOXYzOWloZWdodS5jbG91ZGZyb250Lm5ldC9wcmV2aWV3cy83ODM3YTIzNC05NjM1LTRkYTgtYjEzMi00NzZhYWNkOWI0YzEqIiwiQ29uZGl0aW9uIjp7IkRhdGVMZXNzVGhhbiI6eyJBV1M6RXBvY2hUaW1lIjoxNzkzNjg0MDEwfX19XX0_&Signature=0NCrDHEtg~3Ag4tUAPQa6ilJ6cyZ~w4zVuMSD7cG~r-mqETwrHjP~ymbFvuB7vZlbnPnlWCA1ED5pRAzfLnrljg2GzmBKzehdZ5pgyEdg2DhUh1PdoH9P3mOCEtIvAjK8OJMABLlrsk9l-sKHGYMa1a1Cwv28E-vbs9wjG1faMxEGG67VKe8YrbKJea-zq31p-n-SwDxEgYcBaFhSoyAOtk-LQQh4YnbO4e3Mh1O3qhd1CUPoi~QB1~gR8sul5CK0VJQczSIV5ZAIetLpT6YzKJjTsyOlpvwM1Ndaf6IhiW6ocfSJj45JPk5h8YsmO05fa9p1P7DalJRXVD6AH0o6g__&Key-Pair-Id=APKAJXJN6VNR3OLZJXJA
157,The Nautilus Maldives,brochure,2023,outdated,,https://d7h9v39iheghu.cloudfront.net/previews/7837a234-9635-4da8-b132-476aacd9b4c1/d65c0428-fc6b-4dcd-8d1b-285ea8d6e9e2/21e852e9-196a-48b9-91e1-2281cff253af?Policy=eyJTdGF0ZW1lbnQiOiBbeyJSZXNvdXJjZSI6Imh0dHBzOi8vZDdoOXYzOWloZWdodS5jbG91ZGZyb250Lm5ldC9wcmV2aWV3cy83ODM3YTIzNC05NjM1LTRkYTgtYjEzMi00NzZhYWNkOWI0YzEqIiwiQ29uZGl0aW9uIjp7IkRhdGVMZXNzVGhhbiI6eyJBV1M6RXBvY2hUaW1lIjoxNzkzNjg0MDEwfX19XX0_&Signature=0NCrDHEtg~3Ag4tUAPQa6ilJ6cyZ~w4zVuMSD7cG~r-mqETwrHjP~ymbFvuB7vZlbnPnlWCA1ED5pRAzfLnrljg2GzmBKzehdZ5pgyEdg2DhUh1PdoH9P3mOCEtIvAjK8OJMABLlrsk9l-sKHGYMa1a1Cwv28E-vbs9wjG1faMxEGG67VKe8YrbKJea-zq31p-n-SwDxEgYcBaFhSoyAOtk-LQQh4YnbO4e3Mh1O3qhd1CUPoi~QB1~gR8sul5CK0VJQczSIV5ZAIetLpT6YzKJjTsyOlpvwM1Ndaf6IhiW6ocfSJj45JPk5h8YsmO05fa9p1P7DalJRXVD6AH0o6g__&Key-Pair-Id=APKAJXJN6VNR3OLZJXJA
157,The Nautilus Maldives,brochure,2022,outdated,,https://d7h9v39iheghu.cloudfront.net/previews/7837a234-9635-4da8-b132-476aacd9b4c1/3beeaeab-d6e8-4b62-ac78-f796c0ca4132/3beeaeab-d6e8-4b62-ac78-f796c0ca4132?Policy=eyJTdGF0ZW1lbnQiOiBbeyJSZXNvdXJjZSI6Imh0dHBzOi8vZDdoOXYzOWloZWdodS5jbG91ZGZyb250Lm5ldC9wcmV2aWV3cy83ODM3YTIzNC05NjM1LTRkYTgtYjEzMi00NzZhYWNkOWI0YzEqIiwiQ29uZGl0aW9uIjp7IkRhdGVMZXNzVGhhbiI6eyJBV1M6RXBvY2hUaW1lIjoxNzkzNjg0MDEwfX19XX0_&Signature=0NCrDHEtg~3Ag4tUAPQa6ilJ6cyZ~w4zVuMSD7cG~r-mqETwrHjP~ymbFvuB7vZlbnPnlWCA1ED5pRAzfLnrljg2GzmBKzehdZ5pgyEdg2DhUh1PdoH9P3mOCEtIvAjK8OJMABLlrsk9l-sKHGYMa1a1Cwv28E-vbs9wjG1faMxEGG67VKe8YrbKJea-zq31p-n-SwDxEgYcBaFhSoyAOtk-LQQh4YnbO4e3Mh1O3qhd1CUPoi~QB1~gR8sul5CK0VJQczSIV5ZAIetLpT6YzKJjTsyOlpvwM1Ndaf6IhiW6ocfSJj45JPk5h8YsmO05fa9p1P7DalJRXVD6AH0o6g__&Key-Pair-Id=APKAJXJN6VNR3OLZJXJA
157,The Nautilus Maldives,excursions,2024,outdated,Y,https://d7h9v39iheghu.cloudfront.net/previews/7837a234-9635-4da8-b132-476aacd9b4c1/ce749cee-1632-409d-ae91-c40df7895859/ce749cee-1632-409d-ae91-c40df7895859?Policy=eyJTdGF0ZW1lbnQiOiBbeyJSZXNvdXJjZSI6Imh0dHBzOi8vZDdoOXYzOWloZWdodS5jbG91ZGZyb250Lm5ldC9wcmV2aWV3cy83ODM3YTIzNC05NjM1LTRkYTgtYjEzMi00NzZhYWNkOWI0YzEqIiwiQ29uZGl0aW9uIjp7IkRhdGVMZXNzVGhhbiI6eyJBV1M6RXBvY2hUaW1lIjoxNzkzNjg0MDEwfX19XX0_&Signature=0NCrDHEtg~3Ag4tUAPQa6ilJ6cyZ~w4zVuMSD7cG~r-mqETwrHjP~ymbFvuB7vZlbnPnlWCA1ED5pRAzfLnrljg2GzmBKzehdZ5pgyEdg2DhUh1PdoH9P3mOCEtIvAjK8OJMABLlrsk9l-sKHGYMa1a1Cwv28E-vbs9wjG1faMxEGG67VKe8YrbKJea-zq31p-n-SwDxEgYcBaFhSoyAOtk-LQQh4YnbO4e3Mh1O3qhd1CUPoi~QB1~gR8sul5CK0VJQczSIV5ZAIetLpT6YzKJjTsyOlpvwM1Ndaf6IhiW6ocfSJj45JPk5h8YsmO05fa9p1P7DalJRXVD6AH0o6g__&Key-Pair-Id=APKAJXJN6VNR3OLZJXJA
157,The Nautilus Maldives,excursions,2021,outdated,,https://d7h9v39iheghu.cloudfront.net/previews/7837a234-9635-4da8-b132-476aacd9b4c1/be05c427-0cc2-4184-bae9-e353ad78309b/be05c427-0cc2-4184-bae9-e353ad78309b?Policy=eyJTdGF0ZW1lbnQiOiBbeyJSZXNvdXJjZSI6Imh0dHBzOi8vZDdoOXYzOWloZWdodS5jbG91ZGZyb250Lm5ldC9wcmV2aWV3cy83ODM3YTIzNC05NjM1LTRkYTgtYjEzMi00NzZhYWNkOWI0YzEqIiwiQ29uZGl0aW9uIjp7IkRhdGVMZXNzVGhhbiI6eyJBV1M6RXBvY2hUaW1lIjoxNzkzNjg0MDEwfX19XX0_&Signature=0NCrDHEtg~3Ag4tUAPQa6ilJ6cyZ~w4zVuMSD7cG~r-mqETwrHjP~ymbFvuB7vZlbnPnlWCA1ED5pRAzfLnrljg2GzmBKzehdZ5pgyEdg2DhUh1PdoH9P3mOCEtIvAjK8OJMABLlrsk9l-sKHGYMa1a1Cwv28E-vbs9wjG1faMxEGG67VKe8YrbKJea-zq31p-n-SwDxEgYcBaFhSoyAOtk-LQQh4YnbO4e3Mh1O3qhd1CUPoi~QB1~gR8sul5CK0VJQczSIV5ZAIetLpT6YzKJjTsyOlpvwM1Ndaf6IhiW6ocfSJj45JPk5h8YsmO05fa9p1P7DalJRXVD6AH0o6g__&Key-Pair-Id=APKAJXJN6VNR3OLZJXJA
157,The Nautilus Maldives,factsheet,2026,current,Y,https://d7h9v39iheghu.cloudfront.net/previews/7837a234-9635-4da8-b132-476aacd9b4c1/397975b9-e453-4fa8-acb7-4ab8dbe8fb8e/397975b9-e453-4fa8-acb7-4ab8dbe8fb8e?Policy=eyJTdGF0ZW1lbnQiOiBbeyJSZXNvdXJjZSI6Imh0dHBzOi8vZDdoOXYzOWloZWdodS5jbG91ZGZyb250Lm5ldC9wcmV2aWV3cy83ODM3YTIzNC05NjM1LTRkYTgtYjEzMi00NzZhYWNkOWI0YzEqIiwiQ29uZGl0aW9uIjp7IkRhdGVMZXNzVGhhbiI6eyJBV1M6RXBvY2hUaW1lIjoxNzkzNjg0MDEwfX19XX0_&Signature=0NCrDHEtg~3Ag4tUAPQa6ilJ6cyZ~w4zVuMSD7cG~r-mqETwrHjP~ymbFvuB7vZlbnPnlWCA1ED5pRAzfLnrljg2GzmBKzehdZ5pgyEdg2DhUh1PdoH9P3mOCEtIvAjK8OJMABLlrsk9l-sKHGYMa1a1Cwv28E-vbs9wjG1faMxEGG67VKe8YrbKJea-zq31p-n-SwDxEgYcBaFhSoyAOtk-LQQh4YnbO4e3Mh1O3qhd1CUPoi~QB1~gR8sul5CK0VJQczSIV5ZAIetLpT6YzKJjTsyOlpvwM1Ndaf6IhiW6ocfSJj45JPk5h8YsmO05fa9p1P7DalJRXVD6AH0o6g__&Key-Pair-Id=APKAJXJN6VNR3OLZJXJA
157,The Nautilus Maldives,factsheet,2026,current,,https://awesomegetawaymaldives.com/wp-content/uploads/2026/04/The-Nautilus-Maldives-.pdf
157,The Nautilus Maldives,factsheet,2024,outdated,,https://d7h9v39iheghu.cloudfront.net/previews/7837a234-9635-4da8-b132-476aacd9b4c1/06cab5b3-6aea-4adf-aae8-0c6bdbf5c842/06cab5b3-6aea-4adf-aae8-0c6bdbf5c842?Policy=eyJTdGF0ZW1lbnQiOiBbeyJSZXNvdXJjZSI6Imh0dHBzOi8vZDdoOXYzOWloZWdodS5jbG91ZGZyb250Lm5ldC9wcmV2aWV3cy83ODM3YTIzNC05NjM1LTRkYTgtYjEzMi00NzZhYWNkOWI0YzEqIiwiQ29uZGl0aW9uIjp7IkRhdGVMZXNzVGhhbiI6eyJBV1M6RXBvY2hUaW1lIjoxNzkzNjg0MDEwfX19XX0_&Signature=0NCrDHEtg~3Ag4tUAPQa6ilJ6cyZ~w4zVuMSD7cG~r-mqETwrHjP~ymbFvuB7vZlbnPnlWCA1ED5pRAzfLnrljg2GzmBKzehdZ5pgyEdg2DhUh1PdoH9P3mOCEtIvAjK8OJMABLlrsk9l-sKHGYMa1a1Cwv28E-vbs9wjG1faMxEGG67VKe8YrbKJea-zq31p-n-SwDxEgYcBaFhSoyAOtk-LQQh4YnbO4e3Mh1O3qhd1CUPoi~QB1~gR8sul5CK0VJQczSIV5ZAIetLpT6YzKJjTsyOlpvwM1Ndaf6IhiW6ocfSJj45JPk5h8YsmO05fa9p1P7DalJRXVD6AH0o6g__&Key-Pair-Id=APKAJXJN6VNR3OLZJXJA
157,The Nautilus Maldives,factsheet,2021,outdated,,https://d7h9v39iheghu.cloudfront.net/previews/7837a234-9635-4da8-b132-476aacd9b4c1/e40d7c33-3733-4898-bb5e-27f11d5a7077/e40d7c33-3733-4898-bb5e-27f11d5a7077?Policy=eyJTdGF0ZW1lbnQiOiBbeyJSZXNvdXJjZSI6Imh0dHBzOi8vZDdoOXYzOWloZWdodS5jbG91ZGZyb250Lm5ldC9wcmV2aWV3cy83ODM3YTIzNC05NjM1LTRkYTgtYjEzMi00NzZhYWNkOWI0YzEqIiwiQ29uZGl0aW9uIjp7IkRhdGVMZXNzVGhhbiI6eyJBV1M6RXBvY2hUaW1lIjoxNzkzNjg0MDEwfX19XX0_&Signature=0NCrDHEtg~3Ag4tUAPQa6ilJ6cyZ~w4zVuMSD7cG~r-mqETwrHjP~ymbFvuB7vZlbnPnlWCA1ED5pRAzfLnrljg2GzmBKzehdZ5pgyEdg2DhUh1PdoH9P3mOCEtIvAjK8OJMABLlrsk9l-sKHGYMa1a1Cwv28E-vbs9wjG1faMxEGG67VKe8YrbKJea-zq31p-n-SwDxEgYcBaFhSoyAOtk-LQQh4YnbO4e3Mh1O3qhd1CUPoi~QB1~gR8sul5CK0VJQczSIV5ZAIetLpT6YzKJjTsyOlpvwM1Ndaf6IhiW6ocfSJj45JPk5h8YsmO05fa9p1P7DalJRXVD6AH0o6g__&Key-Pair-Id=APKAJXJN6VNR3OLZJXJA
157,The Nautilus Maldives,press_kit,2026,current,Y,https://d7h9v39iheghu.cloudfront.net/previews/7837a234-9635-4da8-b132-476aacd9b4c1/694d46c4-8b50-4ff4-9a69-e7b91f6952b2/694d46c4-8b50-4ff4-9a69-e7b91f6952b2?Policy=eyJTdGF0ZW1lbnQiOiBbeyJSZXNvdXJjZSI6Imh0dHBzOi8vZDdoOXYzOWloZWdodS5jbG91ZGZyb250Lm5ldC9wcmV2aWV3cy83ODM3YTIzNC05NjM1LTRkYTgtYjEzMi00NzZhYWNkOWI0YzEqIiwiQ29uZGl0aW9uIjp7IkRhdGVMZXNzVGhhbiI6eyJBV1M6RXBvY2hUaW1lIjoxNzkzNjg0MDEwfX19XX0_&Signature=0NCrDHEtg~3Ag4tUAPQa6ilJ6cyZ~w4zVuMSD7cG~r-mqETwrHjP~ymbFvuB7vZlbnPnlWCA1ED5pRAzfLnrljg2GzmBKzehdZ5pgyEdg2DhUh1PdoH9P3mOCEtIvAjK8OJMABLlrsk9l-sKHGYMa1a1Cwv28E-vbs9wjG1faMxEGG67VKe8YrbKJea-zq31p-n-SwDxEgYcBaFhSoyAOtk-LQQh4YnbO4e3Mh1O3qhd1CUPoi~QB1~gR8sul5CK0VJQczSIV5ZAIetLpT6YzKJjTsyOlpvwM1Ndaf6IhiW6ocfSJj45JPk5h8YsmO05fa9p1P7DalJRXVD6AH0o6g__&Key-Pair-Id=APKAJXJN6VNR3OLZJXJA
157,The Nautilus Maldives,press_kit,2024,outdated,,https://d7h9v39iheghu.cloudfront.net/previews/7837a234-9635-4da8-b132-476aacd9b4c1/0168a6f6-7661-4f0b-af4b-0530d1c70c47/6fb2c265-dbe5-496a-9790-71aba6632946?Policy=eyJTdGF0ZW1lbnQiOiBbeyJSZXNvdXJjZSI6Imh0dHBzOi8vZDdoOXYzOWloZWdodS5jbG91ZGZyb250Lm5ldC9wcmV2aWV3cy83ODM3YTIzNC05NjM1LTRkYTgtYjEzMi00NzZhYWNkOWI0YzEqIiwiQ29uZGl0aW9uIjp7IkRhdGVMZXNzVGhhbiI6eyJBV1M6RXBvY2hUaW1lIjoxNzkzNjg0MDEwfX19XX0_&Signature=0NCrDHEtg~3Ag4tUAPQa6ilJ6cyZ~w4zVuMSD7cG~r-mqETwrHjP~ymbFvuB7vZlbnPnlWCA1ED5pRAzfLnrljg2GzmBKzehdZ5pgyEdg2DhUh1PdoH9P3mOCEtIvAjK8OJMABLlrsk9l-sKHGYMa1a1Cwv28E-vbs9wjG1faMxEGG67VKe8YrbKJea-zq31p-n-SwDxEgYcBaFhSoyAOtk-LQQh4YnbO4e3Mh1O3qhd1CUPoi~QB1~gR8sul5CK0VJQczSIV5ZAIetLpT6YzKJjTsyOlpvwM1Ndaf6IhiW6ocfSJj45JPk5h8YsmO05fa9p1P7DalJRXVD6AH0o6g__&Key-Pair-Id=APKAJXJN6VNR3OLZJXJA
157,The Nautilus Maldives,spa_menu,2020,outdated,Y,https://d7h9v39iheghu.cloudfront.net/previews/7837a234-9635-4da8-b132-476aacd9b4c1/ce68c26e-199b-4d65-a176-7b39c831a9e6/ce68c26e-199b-4d65-a176-7b39c831a9e6?Policy=eyJTdGF0ZW1lbnQiOiBbeyJSZXNvdXJjZSI6Imh0dHBzOi8vZDdoOXYzOWloZWdodS5jbG91ZGZyb250Lm5ldC9wcmV2aWV3cy83ODM3YTIzNC05NjM1LTRkYTgtYjEzMi00NzZhYWNkOWI0YzEqIiwiQ29uZGl0aW9uIjp7IkRhdGVMZXNzVGhhbiI6eyJBV1M6RXBvY2hUaW1lIjoxNzkzNjg0MDEwfX19XX0_&Signature=0NCrDHEtg~3Ag4tUAPQa6ilJ6cyZ~w4zVuMSD7cG~r-mqETwrHjP~ymbFvuB7vZlbnPnlWCA1ED5pRAzfLnrljg2GzmBKzehdZ5pgyEdg2DhUh1PdoH9P3mOCEtIvAjK8OJMABLlrsk9l-sKHGYMa1a1Cwv28E-vbs9wjG1faMxEGG67VKe8YrbKJea-zq31p-n-SwDxEgYcBaFhSoyAOtk-LQQh4YnbO4e3Mh1O3qhd1CUPoi~QB1~gR8sul5CK0VJQczSIV5ZAIetLpT6YzKJjTsyOlpvwM1Ndaf6IhiW6ocfSJj45JPk5h8YsmO05fa9p1P7DalJRXVD6AH0o6g__&Key-Pair-Id=APKAJXJN6VNR3OLZJXJA
157,The Nautilus Maldives,sustainability,2025,current,Y,https://d7h9v39iheghu.cloudfront.net/previews/7837a234-9635-4da8-b132-476aacd9b4c1/13fbf2f3-fbac-44dc-a130-39d68eafce93/13fbf2f3-fbac-44dc-a130-39d68eafce93?Policy=eyJTdGF0ZW1lbnQiOiBbeyJSZXNvdXJjZSI6Imh0dHBzOi8vZDdoOXYzOWloZWdodS5jbG91ZGZyb250Lm5ldC9wcmV2aWV3cy83ODM3YTIzNC05NjM1LTRkYTgtYjEzMi00NzZhYWNkOWI0YzEqIiwiQ29uZGl0aW9uIjp7IkRhdGVMZXNzVGhhbiI6eyJBV1M6RXBvY2hUaW1lIjoxNzkzNjg0MDEwfX19XX0_&Signature=0NCrDHEtg~3Ag4tUAPQa6ilJ6cyZ~w4zVuMSD7cG~r-mqETwrHjP~ymbFvuB7vZlbnPnlWCA1ED5pRAzfLnrljg2GzmBKzehdZ5pgyEdg2DhUh1PdoH9P3mOCEtIvAjK8OJMABLlrsk9l-sKHGYMa1a1Cwv28E-vbs9wjG1faMxEGG67VKe8YrbKJea-zq31p-n-SwDxEgYcBaFhSoyAOtk-LQQh4YnbO4e3Mh1O3qhd1CUPoi~QB1~gR8sul5CK0VJQczSIV5ZAIetLpT6YzKJjTsyOlpvwM1Ndaf6IhiW6ocfSJj45JPk5h8YsmO05fa9p1P7DalJRXVD6AH0o6g__&Key-Pair-Id=APKAJXJN6VNR3OLZJXJA
157,The Nautilus Maldives,villa_plans,2019,outdated,,https://d7h9v39iheghu.cloudfront.net/previews/7837a234-9635-4da8-b132-476aacd9b4c1/60ed4864-24c8-4076-8f6d-f1b3bae9d391/60ed4864-24c8-4076-8f6d-f1b3bae9d391?Policy=eyJTdGF0ZW1lbnQiOiBbeyJSZXNvdXJjZSI6Imh0dHBzOi8vZDdoOXYzOWloZWdodS5jbG91ZGZyb250Lm5ldC9wcmV2aWV3cy83ODM3YTIzNC05NjM1LTRkYTgtYjEzMi00NzZhYWNkOWI0YzEqIiwiQ29uZGl0aW9uIjp7IkRhdGVMZXNzVGhhbiI6eyJBV1M6RXBvY2hUaW1lIjoxNzkzNjg0MDEwfX19XX0_&Signature=0NCrDHEtg~3Ag4tUAPQa6ilJ6cyZ~w4zVuMSD7cG~r-mqETwrHjP~ymbFvuB7vZlbnPnlWCA1ED5pRAzfLnrljg2GzmBKzehdZ5pgyEdg2DhUh1PdoH9P3mOCEtIvAjK8OJMABLlrsk9l-sKHGYMa1a1Cwv28E-vbs9wjG1faMxEGG67VKe8YrbKJea-zq31p-n-SwDxEgYcBaFhSoyAOtk-LQQh4YnbO4e3Mh1O3qhd1CUPoi~QB1~gR8sul5CK0VJQczSIV5ZAIetLpT6YzKJjTsyOlpvwM1Ndaf6IhiW6ocfSJj45JPk5h8YsmO05fa9p1P7DalJRXVD6AH0o6g__&Key-Pair-Id=APKAJXJN6VNR3OLZJXJA
157,The Nautilus Maldives,villa_plans,2019,outdated,,https://d7h9v39iheghu.cloudfront.net/previews/7837a234-9635-4da8-b132-476aacd9b4c1/82373ee1-d095-4851-b250-d02c88c24ced/82373ee1-d095-4851-b250-d02c88c24ced?Policy=eyJTdGF0ZW1lbnQiOiBbeyJSZXNvdXJjZSI6Imh0dHBzOi8vZDdoOXYzOWloZWdodS5jbG91ZGZyb250Lm5ldC9wcmV2aWV3cy83ODM3YTIzNC05NjM1LTRkYTgtYjEzMi00NzZhYWNkOWI0YzEqIiwiQ29uZGl0aW9uIjp7IkRhdGVMZXNzVGhhbiI6eyJBV1M6RXBvY2hUaW1lIjoxNzkzNjg0MDEwfX19XX0_&Signature=0NCrDHEtg~3Ag4tUAPQa6ilJ6cyZ~w4zVuMSD7cG~r-mqETwrHjP~ymbFvuB7vZlbnPnlWCA1ED5pRAzfLnrljg2GzmBKzehdZ5pgyEdg2DhUh1PdoH9P3mOCEtIvAjK8OJMABLlrsk9l-sKHGYMa1a1Cwv28E-vbs9wjG1faMxEGG67VKe8YrbKJea-zq31p-n-SwDxEgYcBaFhSoyAOtk-LQQh4YnbO4e3Mh1O3qhd1CUPoi~QB1~gR8sul5CK0VJQczSIV5ZAIetLpT6YzKJjTsyOlpvwM1Ndaf6IhiW6ocfSJj45JPk5h8YsmO05fa9p1P7DalJRXVD6AH0o6g__&Key-Pair-Id=APKAJXJN6VNR3OLZJXJA
157,The Nautilus Maldives,villa_plans,2019,outdated,,https://d7h9v39iheghu.cloudfront.net/previews/7837a234-9635-4da8-b132-476aacd9b4c1/8cfd6009-2651-4bad-af5d-da7470e0ca08/8cfd6009-2651-4bad-af5d-da7470e0ca08?Policy=eyJTdGF0ZW1lbnQiOiBbeyJSZXNvdXJjZSI6Imh0dHBzOi8vZDdoOXYzOWloZWdodS5jbG91ZGZyb250Lm5ldC9wcmV2aWV3cy83ODM3YTIzNC05NjM1LTRkYTgtYjEzMi00NzZhYWNkOWI0YzEqIiwiQ29uZGl0aW9uIjp7IkRhdGVMZXNzVGhhbiI6eyJBV1M6RXBvY2hUaW1lIjoxNzkzNjg0MDEwfX19XX0_&Signature=0NCrDHEtg~3Ag4tUAPQa6ilJ6cyZ~w4zVuMSD7cG~r-mqETwrHjP~ymbFvuB7vZlbnPnlWCA1ED5pRAzfLnrljg2GzmBKzehdZ5pgyEdg2DhUh1PdoH9P3mOCEtIvAjK8OJMABLlrsk9l-sKHGYMa1a1Cwv28E-vbs9wjG1faMxEGG67VKe8YrbKJea-zq31p-n-SwDxEgYcBaFhSoyAOtk-LQQh4YnbO4e3Mh1O3qhd1CUPoi~QB1~gR8sul5CK0VJQczSIV5ZAIetLpT6YzKJjTsyOlpvwM1Ndaf6IhiW6ocfSJj45JPk5h8YsmO05fa9p1P7DalJRXVD6AH0o6g__&Key-Pair-Id=APKAJXJN6VNR3OLZJXJA
157,The Nautilus Maldives,villa_plans,2019,outdated,Y,https://d7h9v39iheghu.cloudfront.net/previews/7837a234-9635-4da8-b132-476aacd9b4c1/ad682efb-4b0e-4614-a443-246162f5ae31/ad682efb-4b0e-4614-a443-246162f5ae31?Policy=eyJTdGF0ZW1lbnQiOiBbeyJSZXNvdXJjZSI6Imh0dHBzOi8vZDdoOXYzOWloZWdodS5jbG91ZGZyb250Lm5ldC9wcmV2aWV3cy83ODM3YTIzNC05NjM1LTRkYTgtYjEzMi00NzZhYWNkOWI0YzEqIiwiQ29uZGl0aW9uIjp7IkRhdGVMZXNzVGhhbiI6eyJBV1M6RXBvY2hUaW1lIjoxNzkzNjg0MDEwfX19XX0_&Signature=0NCrDHEtg~3Ag4tUAPQa6ilJ6cyZ~w4zVuMSD7cG~r-mqETwrHjP~ymbFvuB7vZlbnPnlWCA1ED5pRAzfLnrljg2GzmBKzehdZ5pgyEdg2DhUh1PdoH9P3mOCEtIvAjK8OJMABLlrsk9l-sKHGYMa1a1Cwv28E-vbs9wjG1faMxEGG67VKe8YrbKJea-zq31p-n-SwDxEgYcBaFhSoyAOtk-LQQh4YnbO4e3Mh1O3qhd1CUPoi~QB1~gR8sul5CK0VJQczSIV5ZAIetLpT6YzKJjTsyOlpvwM1Ndaf6IhiW6ocfSJj45JPk5h8YsmO05fa9p1P7DalJRXVD6AH0o6g__&Key-Pair-Id=APKAJXJN6VNR3OLZJXJA
157,The Nautilus Maldives,villa_plans,2019,outdated,,https://d7h9v39iheghu.cloudfront.net/previews/7837a234-9635-4da8-b132-476aacd9b4c1/c39635c8-3f0a-415b-8b20-453583d8223e/c39635c8-3f0a-415b-8b20-453583d8223e?Policy=eyJTdGF0ZW1lbnQiOiBbeyJSZXNvdXJjZSI6Imh0dHBzOi8vZDdoOXYzOWloZWdodS5jbG91ZGZyb250Lm5ldC9wcmV2aWV3cy83ODM3YTIzNC05NjM1LTRkYTgtYjEzMi00NzZhYWNkOWI0YzEqIiwiQ29uZGl0aW9uIjp7IkRhdGVMZXNzVGhhbiI6eyJBV1M6RXBvY2hUaW1lIjoxNzkzNjg0MDEwfX19XX0_&Signature=0NCrDHEtg~3Ag4tUAPQa6ilJ6cyZ~w4zVuMSD7cG~r-mqETwrHjP~ymbFvuB7vZlbnPnlWCA1ED5pRAzfLnrljg2GzmBKzehdZ5pgyEdg2DhUh1PdoH9P3mOCEtIvAjK8OJMABLlrsk9l-sKHGYMa1a1Cwv28E-vbs9wjG1faMxEGG67VKe8YrbKJea-zq31p-n-SwDxEgYcBaFhSoyAOtk-LQQh4YnbO4e3Mh1O3qhd1CUPoi~QB1~gR8sul5CK0VJQczSIV5ZAIetLpT6YzKJjTsyOlpvwM1Ndaf6IhiW6ocfSJj45JPk5h8YsmO05fa9p1P7DalJRXVD6AH0o6g__&Key-Pair-Id=APKAJXJN6VNR3OLZJXJA
157,The Nautilus Maldives,villa_plans,2019,outdated,,https://d7h9v39iheghu.cloudfront.net/previews/7837a234-9635-4da8-b132-476aacd9b4c1/cde17382-fcb9-4741-9f43-e09297a824cb/cde17382-fcb9-4741-9f43-e09297a824cb?Policy=eyJTdGF0ZW1lbnQiOiBbeyJSZXNvdXJjZSI6Imh0dHBzOi8vZDdoOXYzOWloZWdodS5jbG91ZGZyb250Lm5ldC9wcmV2aWV3cy83ODM3YTIzNC05NjM1LTRkYTgtYjEzMi00NzZhYWNkOWI0YzEqIiwiQ29uZGl0aW9uIjp7IkRhdGVMZXNzVGhhbiI6eyJBV1M6RXBvY2hUaW1lIjoxNzkzNjg0MDEwfX19XX0_&Signature=0NCrDHEtg~3Ag4tUAPQa6ilJ6cyZ~w4zVuMSD7cG~r-mqETwrHjP~ymbFvuB7vZlbnPnlWCA1ED5pRAzfLnrljg2GzmBKzehdZ5pgyEdg2DhUh1PdoH9P3mOCEtIvAjK8OJMABLlrsk9l-sKHGYMa1a1Cwv28E-vbs9wjG1faMxEGG67VKe8YrbKJea-zq31p-n-SwDxEgYcBaFhSoyAOtk-LQQh4YnbO4e3Mh1O3qhd1CUPoi~QB1~gR8sul5CK0VJQczSIV5ZAIetLpT6YzKJjTsyOlpvwM1Ndaf6IhiW6ocfSJj45JPk5h8YsmO05fa9p1P7DalJRXVD6AH0o6g__&Key-Pair-Id=APKAJXJN6VNR3OLZJXJA
157,The Nautilus Maldives,villa_plans,2019,outdated,,https://d7h9v39iheghu.cloudfront.net/previews/7837a234-9635-4da8-b132-476aacd9b4c1/6dd4b1d3-57aa-470e-acc1-7bd8e037b8e9/6dd4b1d3-57aa-470e-acc1-7bd8e037b8e9?Policy=eyJTdGF0ZW1lbnQiOiBbeyJSZXNvdXJjZSI6Imh0dHBzOi8vZDdoOXYzOWloZWdodS5jbG91ZGZyb250Lm5ldC9wcmV2aWV3cy83ODM3YTIzNC05NjM1LTRkYTgtYjEzMi00NzZhYWNkOWI0YzEqIiwiQ29uZGl0aW9uIjp7IkRhdGVMZXNzVGhhbiI6eyJBV1M6RXBvY2hUaW1lIjoxNzkzNjg0MDEwfX19XX0_&Signature=0NCrDHEtg~3Ag4tUAPQa6ilJ6cyZ~w4zVuMSD7cG~r-mqETwrHjP~ymbFvuB7vZlbnPnlWCA1ED5pRAzfLnrljg2GzmBKzehdZ5pgyEdg2DhUh1PdoH9P3mOCEtIvAjK8OJMABLlrsk9l-sKHGYMa1a1Cwv28E-vbs9wjG1faMxEGG67VKe8YrbKJea-zq31p-n-SwDxEgYcBaFhSoyAOtk-LQQh4YnbO4e3Mh1O3qhd1CUPoi~QB1~gR8sul5CK0VJQczSIV5ZAIetLpT6YzKJjTsyOlpvwM1Ndaf6IhiW6ocfSJj45JPk5h8YsmO05fa9p1P7DalJRXVD6AH0o6g__&Key-Pair-Id=APKAJXJN6VNR3OLZJXJA
157,The Nautilus Maldives,wedding,2024,outdated,Y,https://d7h9v39iheghu.cloudfront.net/previews/7837a234-9635-4da8-b132-476aacd9b4c1/150965b8-c378-429f-b86d-b69fa7b7c567/150965b8-c378-429f-b86d-b69fa7b7c567?Policy=eyJTdGF0ZW1lbnQiOiBbeyJSZXNvdXJjZSI6Imh0dHBzOi8vZDdoOXYzOWloZWdodS5jbG91ZGZyb250Lm5ldC9wcmV2aWV3cy83ODM3YTIzNC05NjM1LTRkYTgtYjEzMi00NzZhYWNkOWI0YzEqIiwiQ29uZGl0aW9uIjp7IkRhdGVMZXNzVGhhbiI6eyJBV1M6RXBvY2hUaW1lIjoxNzkzNjg0MDEwfX19XX0_&Signature=0NCrDHEtg~3Ag4tUAPQa6ilJ6cyZ~w4zVuMSD7cG~r-mqETwrHjP~ymbFvuB7vZlbnPnlWCA1ED5pRAzfLnrljg2GzmBKzehdZ5pgyEdg2DhUh1PdoH9P3mOCEtIvAjK8OJMABLlrsk9l-sKHGYMa1a1Cwv28E-vbs9wjG1faMxEGG67VKe8YrbKJea-zq31p-n-SwDxEgYcBaFhSoyAOtk-LQQh4YnbO4e3Mh1O3qhd1CUPoi~QB1~gR8sul5CK0VJQczSIV5ZAIetLpT6YzKJjTsyOlpvwM1Ndaf6IhiW6ocfSJj45JPk5h8YsmO05fa9p1P7DalJRXVD6AH0o6g__&Key-Pair-Id=APKAJXJN6VNR3OLZJXJA
158,"Patina Maldives, Fari Islands",brochure,2021,outdated,Y,https://maldives.ru/doc/doc/PAM%20Maldives%20E-Brochure.pdf
158,"Patina Maldives, Fari Islands",calendar,2027,current,Y,https://letsgomaldives.com/wp-content/uploads/2026/08/Patina_Maldives_Festive_Brochure.pdf
158,"Patina Maldives, Fari Islands",calendar,2026,current,,https://letsgomaldives.com/wp-content/uploads/2026/02/Easter-at-Patina-Maldives_2026.pdf
158,"Patina Maldives, Fari Islands",factsheet,2025,current,Y,https://www.neoscapesmaldives.com/wp-content/uploads/PAM_FACTSHEET_2025.pdf
158,"Patina Maldives, Fari Islands",map,2026,current,Y,https://maldives.ru/doc/pdf/hotels/revised%20Patina%20Maldives%20Map_2026.pdf
158,"Patina Maldives, Fari Islands",map,2021,outdated,,https://www.neoscapesmaldives.com/wp-content/uploads/Patina-Maldives-Fari-Islands_-Resort_Map.pdf
159,Cinnamon Dhonveli Maldives,calendar,2026,current,Y,https://letsgomaldives.com/wp-content/uploads/2026/08/Dhonveli_Festive-Brochure.pdf
159,Cinnamon Dhonveli Maldives,factsheet,2023,outdated,Y,https://www.neoscapesmaldives.com/wp-content/uploads/Fact-sheet-Dhonveli.pdf
159,Cinnamon Dhonveli Maldives,map,2025,current,Y,https://www.neoscapesmaldives.com/wp-content/uploads/Resort-Map_English.pdf
160,Cinnamon Velifushi Maldives,calendar,2027,current,Y,https://letsgomaldives.com/wp-content/uploads/2026/08/Velifushi_Festive-Brochure-.pdf
160,Cinnamon Velifushi Maldives,factsheet,2023,outdated,Y,https://www.neoscapesmaldives.com/wp-content/uploads/Fact-sheet-Velifushi.pdf
160,Cinnamon Velifushi Maldives,map,2025,current,Y,https://www.neoscapesmaldives.com/wp-content/uploads/English_Hotel-Map_.Velifushi.pdf
161,Ellaidhoo Maldives By Cinnamon,calendar,2027,current,Y,https://letsgomaldives.com/wp-content/uploads/2026/08/Ellaidhoo_Festive-Brochure.pdf
161,Ellaidhoo Maldives By Cinnamon,map,2022,outdated,Y,https://visitmaldives.s3.amazonaws.com/5qRxGdwx/0gbnvxkn.pdf
41,Ozen By Atmosphere At Maadhoo,map,2022,outdated,Y,https://visitmaldives.s3.amazonaws.com/5qRxGdwx/0gbnvxkn.pdf
35,Heritance Aarah,map,2022,outdated,Y,https://visitmaldives.s3.amazonaws.com/5qRxGdwx/0gbnvxkn.pdf
162,The Marina at Crossroads Maldives,all_inclusive,2026,current,Y,https://crossroadsmaldives.com/wp-content/uploads/2026/09/Sunray-Day-Visitors-Package.pdf
162,The Marina at Crossroads Maldives,all_inclusive,2026,current,,https://crossroadsmaldives.com/wp-content/uploads/2026/05/HRC-Day-Package-2026-2.pdf
162,The Marina at Crossroads Maldives,all_inclusive,2026,current,,https://crossroadsmaldives.com/wp-content/uploads/2026/01/SAii-Beach-Club-Marina-Day-Visitors-Packages-January-2026.pdf
162,The Marina at Crossroads Maldives,all_inclusive,2023,outdated,,https://crossroadsmaldives.com/wp-content/uploads/2023/08/HRC-Day-Package-Landscape.pdf
162,The Marina at Crossroads Maldives,brochure,2026,current,Y,https://www.saiihotels.com/wp-content/uploads/2025/12/2026-Crossroads-Recreation-Catalog-.pdf
162,The Marina at Crossroads Maldives,brochure,2026,current,,https://hotel.hardrock.com/maldives/files/6016/2026_Crossroads_Recreation_Catalog_-compressed.pdf
162,The Marina at Crossroads Maldives,calendar,2026,current,,https://crossroadsmaldives.com/wp-content/uploads/2026/09/Programming_Sunray.pdf
162,The Marina at Crossroads Maldives,calendar,2026,current,,https://crossroadsmaldives.com/wp-content/uploads/2026/02/Marina-Ferry-Schedule-Ramadan-2026.pdf
162,The Marina at Crossroads Maldives,calendar,2025,current,,https://crossroadsmaldives.com/wp-content/uploads/2025/12/The-Marina-Festive-Brochure-2025-COMPRESSED.pdf
162,The Marina at Crossroads Maldives,calendar,2025,current,,https://crossroadsmaldives.com/wp-content/uploads/2025/01/Marina-Ferry-Schedule-2025.pdf
162,The Marina at Crossroads Maldives,calendar,2025,current,,https://crossroadsmaldives.com/wp-content/uploads/2024/12/The-Marina-Festive-2024-2025.pdf
162,The Marina at Crossroads Maldives,calendar,2023,outdated,,https://crossroadsmaldives.com/wp-content/uploads/2023/12/The-Marina-at-CROSSROADS-Maldives-Festive-Brochure.pdf
162,The Marina at Crossroads Maldives,dining_menu,2026,current,Y,https://crossroadsmaldives.com/wp-content/uploads/2026/09/SunRay_Drink_AllDay_297x105mm_01.pdf
162,The Marina at Crossroads Maldives,dining_menu,2026,current,,https://crossroadsmaldives.com/wp-content/uploads/2026/07/Jiao-Wu-Menu-4.pdf
162,The Marina at Crossroads Maldives,dining_menu,2026,current,,https://crossroadsmaldives.com/wp-content/uploads/2026/03/SAii-Beach-Club-Iftar-Menus.pdf
162,The Marina at Crossroads Maldives,dining_menu,2026,current,,https://crossroadsmaldives.com/wp-content/uploads/2026/02/SAii-Iftar-2026-2.pdf
162,The Marina at Crossroads Maldives,dining_menu,2026,current,,https://crossroadsmaldives.com/wp-content/uploads/2026/02/SAii-Beach-Club-Iftar-Menus-2026-2.pdf
162,The Marina at Crossroads Maldives,dining_menu,2026,current,,https://crossroadsmaldives.com/wp-content/uploads/2023/05/menu-sub-final-.pdf
162,The Marina at Crossroads Maldives,dining_menu,2025,current,,https://crossroadsmaldives.com/wp-content/uploads/2026/01/CDG-New-QR-Menu-12.12.2025.pdf
162,The Marina at Crossroads Maldives,dining_menu,2025,current,,https://crossroadsmaldives.com/wp-content/uploads/2025/05/CXR-Boarding-Pass-1.pdf
162,The Marina at Crossroads Maldives,dining_menu,2025,current,,https://crossroadsmaldives.com/wp-content/uploads/2025/03/CROSSROADS-Maldives-Iftar-Menu-1.pdf
162,The Marina at Crossroads Maldives,dining_menu,2025,current,,https://crossroadsmaldives.com/wp-content/uploads/2023/05/CDG-QR-MENU-06.01.2025.pdf
162,The Marina at Crossroads Maldives,dining_menu,2025,current,,https://crossroadsmaldives.com/wp-content/uploads/2025/02/SAii-Iftar-Menus.pdf
162,The Marina at Crossroads Maldives,dining_menu,2025,current,,https://crossroadsmaldives.com/wp-content/uploads/2025/02/MTY-Breakfast-Menu.pdf
162,The Marina at Crossroads Maldives,dining_menu,2025,current,,https://crossroadsmaldives.com/wp-content/uploads/2025/01/Hard-Rock-Cafe-Day-Visit-Package-2025.pdf
162,The Marina at Crossroads Maldives,dining_menu,2024,outdated,,https://crossroadsmaldives.com/wp-content/uploads/2025/12/Kebab-Kurry-Menu.pdf
162,The Marina at Crossroads Maldives,dining_menu,2024,outdated,,https://crossroadsmaldives.com/wp-content/uploads/2024/11/Kinkao-Food-Menu-A4.pdf
162,The Marina at Crossroads Maldives,dining_menu,2024,outdated,,https://crossroadsmaldives.com/wp-content/uploads/2024/01/MOC-WEB-Menu-Maldives-Updated-12.1.2024.pdf
162,The Marina at Crossroads Maldives,dining_menu,2023,outdated,,https://crossroadsmaldives.com/wp-content/uploads/2024/01/SAii-Beach-Club-Marina-Day-Visit.pdf
162,The Marina at Crossroads Maldives,dining_menu,2023,outdated,,https://crossroadsmaldives.com/wp-content/uploads/2023/11/One-Waan-Menu-Nov2023.pdf
162,The Marina at Crossroads Maldives,dining_menu,2023,outdated,,https://crossroadsmaldives.com/wp-content/uploads/2023/09/MOC-WEB-Menu-Maldives-Updated-04.9.2023.pdf
162,The Marina at Crossroads Maldives,dining_menu,2023,outdated,,https://crossroadsmaldives.com/wp-content/uploads/2023/08/MOC-WEB-Menu-Maldives-Updated-25.8.2023.pdf
162,The Marina at Crossroads Maldives,dining_menu,2023,outdated,,https://crossroadsmaldives.com/wp-content/uploads/2023/08/SAii-Beach-Club-Marina-Day-Visit.pdf
162,The Marina at Crossroads Maldives,dining_menu,2023,outdated,,https://crossroadsmaldives.com/wp-content/uploads/2023/05/MOC-WEB-Menu-Maldives-Updated-28.4.2023-Without-Wines.pdf
162,The Marina at Crossroads Maldives,dining_menu,2022,outdated,,https://hotel.hardrock.com/maldives/files/6016/HRH_AI_Premium_Drinks_Menu.pdf
162,The Marina at Crossroads Maldives,dining_menu,2022,outdated,,https://crossroadsmaldives.com/wp-content/uploads/2023/05/Kalhu-Odi-Menu.pdf
162,The Marina at Crossroads Maldives,dining_menu,2022,outdated,,https://crossroadsmaldives.com/wp-content/uploads/2023/05/KebabKurry_Menu.pdf
162,The Marina at Crossroads Maldives,dining_menu,2022,outdated,,https://crossroadsmaldives.com/wp-content/uploads/2023/05/Kinkao_Food-Menu.pdf
162,The Marina at Crossroads Maldives,dining_menu,2022,outdated,,https://crossroadsmaldives.com/wp-content/uploads/2023/05/MOO-Lunch-menu-1.pdf
162,The Marina at Crossroads Maldives,dining_menu,2021,outdated,,https://crossroadsmaldives.com/wp-content/uploads/2023/05/Len-Be-Well-Menu-October-2021.pdf
162,The Marina at Crossroads Maldives,dining_menu,2020,outdated,,https://crossroadsmaldives.com/wp-content/uploads/2026/03/Ministry-of-Crab-New-Menu.pdf
162,The Marina at Crossroads Maldives,dining_menu,2020,outdated,,https://crossroadsmaldives.com/wp-content/uploads/2025/04/MOC-MLD-QR-Menu-Experiences-Menus-Promos-26.03.25.pdf
162,The Marina at Crossroads Maldives,dining_menu,2020,outdated,,https://crossroadsmaldives.com/wp-content/uploads/2023/05/MOC-MLD-QR-Menu-Experiences-Menus-Promos-09.01.25.pdf
162,The Marina at Crossroads Maldives,dining_menu,2020,outdated,,https://crossroadsmaldives.com/wp-content/uploads/2024/12/MOC-MLD-QR-Menu-Experiences-Menus-Promos-09.12.24.pdf
162,The Marina at Crossroads Maldives,dining_menu,2019,outdated,,https://crossroadsmaldives.com/wp-content/uploads/2026/03/Carne-Diem-New-Menu.pdf
162,The Marina at Crossroads Maldives,dining_menu,2019,outdated,,https://crossroadsmaldives.com/wp-content/uploads/2025/09/CDG-QR-MENU-01.09.25.pdf
162,The Marina at Crossroads Maldives,dining_menu,2019,outdated,,https://crossroadsmaldives.com/wp-content/uploads/2024/09/CDG-QR-MENU.1.pdf
162,The Marina at Crossroads Maldives,dining_menu,2019,outdated,,https://crossroadsmaldives.com/wp-content/uploads/2023/11/Kebab-Kurry-Menu.pdf
162,The Marina at Crossroads Maldives,dining_menu,2019,outdated,,https://crossroadsmaldives.com/wp-content/uploads/2023/11/Kinkao-Menu.pdf
162,The Marina at Crossroads Maldives,dining_menu,2019,outdated,,https://crossroadsmaldives.com/wp-content/uploads/2023/05/CDG-Food-Menu-28-04-23.pdf
162,The Marina at Crossroads Maldives,dining_menu,2013,outdated,,https://crossroadsmaldives.com/wp-content/uploads/2026/03/Nihonbashi-Blue-New-Menu.pdf
162,The Marina at Crossroads Maldives,dining_menu,2013,outdated,,https://crossroadsmaldives.com/wp-content/uploads/2023/05/NBB-Food-Menu-28-04-23.pdf
162,The Marina at Crossroads Maldives,dive_prices,2026,current,,https://www.saiihotels.com/wp-content/uploads/2026/04/2026_Crossroads_Excursion_price_list_.pdf
162,The Marina at Crossroads Maldives,dive_prices,2026,current,,https://www.saiihotels.com/wp-content/uploads/2026/04/2026_Crossroads_Diving_price_list_.pdf
162,The Marina at Crossroads Maldives,dive_prices,2026,current,,https://www.saiihotels.com/wp-content/uploads/2026/04/2026_Corssroads_Watersports_price_list__18-12-25.pdf
162,The Marina at Crossroads Maldives,dive_prices,2026,current,Y,https://www.saiihotels.com/wp-content/uploads/2025/12/2026-Crossroads-Water-sports-catalogue-18-12-25.pdf
162,The Marina at Crossroads Maldives,dive_prices,2026,current,,https://www.saiihotels.com/wp-content/uploads/2025/12/2026-Crossroads-Dive-Catalogue-compressed.pdf
162,The Marina at Crossroads Maldives,dive_prices,2026,current,,https://hotel.hardrock.com/maldives/files/6016/2026_Crossroads_Diving_price_list_.pdf
162,The Marina at Crossroads Maldives,dive_prices,2026,current,,https://hotel.hardrock.com/maldives/files/6016/2026_Corssroads_Watersports_price_list__18-12-25.pdf
162,The Marina at Crossroads Maldives,excursions,2026,current,Y,https://crossroadsmaldives.com/wp-content/uploads/2026/04/Terms-and-Conditions.pdf
162,The Marina at Crossroads Maldives,excursions,2026,current,,https://crossroadsmaldives.com/wp-content/uploads/2026/03/Terms-and-Condition-updated-19-03-2026.pdf
162,The Marina at Crossroads Maldives,excursions,2026,current,,https://crossroadsmaldives.com/wp-content/uploads/2026/01/Terms-Conditions_The-Marina.pdf
162,The Marina at Crossroads Maldives,excursions,2025,current,,https://hotel.hardrock.com/maldives/files/6016/2025_Crossroads__Weekly_Excursions_Schedule.pdf
162,The Marina at Crossroads Maldives,excursions,2025,current,,https://crossroadsmaldives.com/wp-content/uploads/2025/03/Terms-and-Condition-New.pdf
162,The Marina at Crossroads Maldives,kids,2026,current,Y,https://www.saiihotels.com/wp-content/uploads/2026/05/SAii-Beach-Club-Eid-Family-Package-1.pdf
162,The Marina at Crossroads Maldives,kids,2026,current,,https://crossroadsmaldives.com/wp-content/uploads/2026/05/SAii-Beach-Club-Eid-Family-Package.pdf
162,The Marina at Crossroads Maldives,map,2026,current,Y,https://crossroadsmaldives.com/wp-content/uploads/2026/06/SAii-Shabu-Shabu-2026-1.pdf
162,The Marina at Crossroads Maldives,map,2025,current,,https://www.saiihotels.com/wp-content/uploads/2025/11/EO-GEN-009C_Pollution-Management-Plan-Crossroads-Maldives.pdf
162,The Marina at Crossroads Maldives,map,2025,current,,https://www.saiihotels.com/wp-content/uploads/2025/11/EO-GEN-008C_Waste-Management-Plan-Crossroads-Maldives.pdf
162,The Marina at Crossroads Maldives,map,2023,outdated,,https://www.neoscapesmaldives.com/wp-content/uploads/Hard-Rock-Hotel-Resort-Map-2023.pdf
162,The Marina at Crossroads Maldives,map,2023,outdated,,https://www.saiihotels.com/wp-content/uploads/2025/11/EO-GEN-002C_Sustainability-Management-Plan-Crossroads-Maldives-1.pdf
162,The Marina at Crossroads Maldives,map,2023,outdated,,https://crossroadsmaldives.com/wp-content/uploads/2025/11/EO-GEN-002C_Sustainability-Management-Plan-Crossroads-Maldives.pdf
162,The Marina at Crossroads Maldives,map,2023,outdated,,https://crossroadsmaldives.com/wp-content/uploads/2023/05/EO-GEN-002B_Sustainability-Management-Plan-Crossroads-Maldives.pdf
162,The Marina at Crossroads Maldives,other,2026,current,,https://crossroadsmaldives.com/wp-content/uploads/2026/02/KK-Iftar-2026-1.pdf
162,The Marina at Crossroads Maldives,other,2026,current,,https://crossroadsmaldives.com/wp-content/uploads/2026/01/Valentines-day-2026-Island-Breeze-Maldives.pdf
162,The Marina at Crossroads Maldives,other,2024,outdated,,https://crossroadsmaldives.com/wp-content/uploads/2023/05/NEW-NBB-05.11.2024.pdf
162,The Marina at Crossroads Maldives,press_kit,2025,current,,https://crossroadsmaldives.com/wp-content/uploads/2025/05/CROSSROADS-Maldives-TMA-Full-Page-Ad-WTM-Edition_compressed.pdf
162,The Marina at Crossroads Maldives,press_kit,2025,current,Y,https://crossroadsmaldives.com/wp-content/uploads/2025/05/Boarding-Pass-for-CXR-Ad_compressed.pdf
162,The Marina at Crossroads Maldives,spa_menu,2026,current,Y,https://crossroadsmaldives.com/wp-content/uploads/2026/01/SAii-Spa-Menu.pdf
162,The Marina at Crossroads Maldives,spa_menu,2020,outdated,,https://crossroadsmaldives.com/wp-content/uploads/2023/05/Rock-Spa-brochure.pdf
162,The Marina at Crossroads Maldives,sustainability,2025,current,,https://www.saiihotels.com/wp-content/uploads/2025/11/EO-GEN-005C_Biodiversity-Policy-Crossroads-Maldives.pdf
162,The Marina at Crossroads Maldives,sustainability,2025,current,,https://www.saiihotels.com/wp-content/uploads/2025/11/EO-GEN-003C_Environmental-Policy-Crossroads-Maldives.pdf
162,The Marina at Crossroads Maldives,sustainability,2025,current,,https://www.saiihotels.com/wp-content/uploads/2025/11/EO-GEN-007C_Landscaping-Policy-Crossroads-Maldives.pdf
162,The Marina at Crossroads Maldives,sustainability,2025,current,,https://www.saiihotels.com/wp-content/uploads/2025/11/EO-GEN-006C_Code-of-Conduct-for-Business-Partners-Crossroads-Maldives.pdf
162,The Marina at Crossroads Maldives,sustainability,2025,current,,https://crossroadsmaldives.com/wp-content/uploads/2025/11/SAii-Green-Book.pdf
162,The Marina at Crossroads Maldives,sustainability,2025,current,Y,https://crossroadsmaldives.com/wp-content/uploads/2025/11/HRH-Green-Book.pdf
162,The Marina at Crossroads Maldives,sustainability,2023,outdated,,https://www.saiihotels.com/wp-content/uploads/2025/11/EO-GEN-004C_Environmental-Purchasing-Policy-Crossroads-Maldives.pdf
162,The Marina at Crossroads Maldives,villa_plans,2026,current,Y,https://crossroadsmaldives.com/wp-content/uploads/2026/09/SunRay_Maldives_A4-Food-AllDay_01.pdf
163,Adaaran Prestige Vadoo,all_inclusive,2026,current,Y,https://www.adaaran.com/prestigevadoo/view-download/?id=adaaran-prestig
163,Adaaran Prestige Vadoo,dining_menu,2025,current,Y,https://www.adaaran.com/prestigevadoo/view-download/?id=apv-mand-spa
163,Adaaran Prestige Vadoo,dive_prices,2026,current,Y,https://www.adaaran.com/prestigevadoo/view-download/?id=dive01
163,Adaaran Prestige Vadoo,dive_prices,2026,current,,https://www.adaaran.com/prestigevadoo/view-download/?id=excusion1
163,Adaaran Prestige Vadoo,dive_prices,2026,current,,https://www.adaaran.com/prestigevadoo/view-download/?id=2026_ws-price-l
163,Adaaran Prestige Vadoo,dive_prices,2025,current,,https://www.adaaran.com/prestigevadoo/view-download/?id=gst_pre-book
3,Adaaran Select Hudhuranfushi,dive_prices,2025,current,,https://www.adaaran.com/prestigevadoo/view-download/?id=gst_pre-book
163,Adaaran Prestige Vadoo,dive_prices,2025,current,,https://www.adaaran.com/prestigevadoo/view-download/?id=on_price_lst
163,Adaaran Prestige Vadoo,factsheet,2026,current,Y,https://www.adaaran.com/prestigevadoo/view-download/?id=apv-fact-sheet
163,Adaaran Prestige Vadoo,factsheet,2023,outdated,,https://www.neoscapesmaldives.com/wp-content/uploads/Fact-Sheet-Adaara-Prestige-Vadoo.pdf
163,Adaaran Prestige Vadoo,map,2023,outdated,Y,https://www.neoscapesmaldives.com/wp-content/uploads/Resort-Map-Adaara-Prestige-Vadoo.pdf
163,Adaaran Prestige Vadoo,spa_menu,2022,outdated,Y,https://www.maldivesexperts.com/uploads/resorts/e89bfa9988523a35d42c99f97850d4b8.pdf
102,W Maldives,spa_menu,2022,outdated,Y,https://www.maldivesexperts.com/uploads/resorts/e89bfa9988523a35d42c99f97850d4b8.pdf
163,Adaaran Prestige Vadoo,sustainability,2025,current,Y,https://adaaran.eme-devops.com/2026/05/Sustainabilty-Report-APV-2025-26_compressed.pdf
163,Adaaran Prestige Vadoo,sustainability,2024,outdated,,https://adaaran.eme-devops.com/2025/08/Adaaran-Prestige-Vadoo-%E2%80%93-Sustainability-Report-20242025.pdf
163,Adaaran Prestige Vadoo,sustainability,2023,outdated,,https://adaaran.eme-devops.com/2025/08/Adaaran-Prestige-Vadoo-Sustainability-Report-2023-24.pdf
163,Adaaran Prestige Vadoo,sustainability,2022,outdated,,https://adaaran.eme-devops.com/2025/08/Adaaran-Prestige-Vadoo-Sustainability-Report-2022-23.pdf
163,Adaaran Prestige Vadoo,sustainability,2021,outdated,,https://adaaran.eme-devops.com/2025/08/Adaaran-Prestige-Vadoo-Sustainability-Report-2021-22.pdf
163,Adaaran Prestige Vadoo,sustainability,2019,outdated,,https://adaaran.eme-devops.com/2025/08/Adaaran-Prestige-Vadoo-Sustainability-Report-2019-20-21.pdf
163,Adaaran Prestige Vadoo,wedding,2026,current,Y,https://www.adaaran.com/prestigevadoo/view-download/?id=PVW
164,Baros Maldives,all_inclusive,2027,current,Y,https://www.baros.com/wp-content/uploads/2026/09/BarosFestiveOffer.pdf
164,Baros Maldives,brochure,2026,current,Y,https://www.baros.com/wp-content/uploads/2026/03/Eid-Al-Adha-brochure-2026.pdf
164,Baros Maldives,brochure,2024,outdated,,https://www.baros.com/wp-content/uploads/2025/07/Valentines-Day-Brochure-Digital-4.pdf
164,Baros Maldives,brochure,2022,outdated,,https://www.baros.com/wp-content/uploads/2022/02/Baros-Valentines-day-brochure-2022-final.pdf
164,Baros Maldives,calendar,2026,current,,https://letsgomaldives.com/wp-content/uploads/2026/03/Easter_Brochure_digital.pdf
164,Baros Maldives,calendar,2026,current,Y,https://www.baros.com/wp-content/uploads/2026/05/Baros_Events-Calendar-2026.pdf
164,Baros Maldives,calendar,2026,current,,https://www.baros.com/wp-content/uploads/2026/04/Baros_Events-Calendar-2026.pdf
164,Baros Maldives,dining_menu,2025,current,,https://www.baros.com/wp-content/uploads/2025/12/LHL-cocktailmenu.pdf.pdf
164,Baros Maldives,dining_menu,2025,current,,https://www.baros.com/wp-content/uploads/2025/07/DD-Menus.pdf
164,Baros Maldives,dining_menu,2025,current,Y,https://www.baros.com/wp-content/uploads/2025/07/IVD-MENU-JUNE-2025.pdf
164,Baros Maldives,dining_menu,2025,current,,https://www.baros.com/wp-content/uploads/2025/07/Sails-Lunch-New-June-2025.pdf
164,Baros Maldives,dining_menu,2025,current,,https://www.baros.com/wp-content/uploads/2025/07/LHL-JUNE-2025.pdf
164,Baros Maldives,dining_menu,2025,current,,https://www.baros.com/wp-content/uploads/2025/07/LIGHTHOUSE-Gourmet-Tribute.pdf
164,Baros Maldives,dining_menu,2025,current,,https://www.baros.com/wp-content/uploads/2025/07/LIGHTHOUSE-Ocean-Degustation-Dinner-JUNE-2025.pdf
164,Baros Maldives,dining_menu,2025,current,,https://www.baros.com/wp-content/uploads/2025/07/LIGHTHOUSE-Degustation-Dinner-JUNE-2025.pdf
164,Baros Maldives,dining_menu,2025,current,,https://www.baros.com/wp-content/uploads/2025/07/A-La-Carte_-Lighthouse-JUNE-2025.pdf
164,Baros Maldives,dining_menu,2025,current,,https://www.baros.com/wp-content/uploads/2025/07/CayenneMenu-JUNE-2025.pdf
164,Baros Maldives,dining_menu,2025,current,,https://www.baros.com/wp-content/uploads/2025/07/Cayenne-Dessert-JUNE-2025.pdf
164,Baros Maldives,dining_menu,2025,current,,https://www.baros.com/wp-content/uploads/2025/07/Cayenne-Teppanyaki-JUNE-2025.pdf
164,Baros Maldives,dining_menu,2025,current,,https://www.baros.com/wp-content/uploads/2025/07/LIME-BB-DINNER-MENU-JUNE-2025.pdf
164,Baros Maldives,dining_menu,2025,current,,https://www.baros.com/wp-content/uploads/2025/07/LIME-Lunch-Menu-JUNE-2025.pdf
164,Baros Maldives,dining_menu,2025,current,,https://www.baros.com/wp-content/uploads/2025/02/CayenneMenu_Feb2025.pdf
164,Baros Maldives,dining_menu,2024,outdated,,https://www.baros.com/wp-content/uploads/2024/12/WINELIST-UPDATED-ON-DECEMBER-03rd-2024.pdf
164,Baros Maldives,dining_menu,2024,outdated,,https://www.baros.com/wp-content/uploads/2024/10/Gourmet-tribute_special-menu_-2024_30-Oct-updated.pdf
164,Baros Maldives,dining_menu,2024,outdated,,https://www.baros.com/wp-content/uploads/2024/10/OceanDegustation-Dinner-2024_30-Oct-updated.pdf
164,Baros Maldives,dining_menu,2024,outdated,,https://www.baros.com/wp-content/uploads/2024/10/Lighthouse-Degustation-Dinner-2024_30-Oct-updated.pdf
164,Baros Maldives,dining_menu,2024,outdated,,https://www.baros.com/wp-content/uploads/2024/10/CayenneMenu_Oct2024.pdf
164,Baros Maldives,dining_menu,2024,outdated,,https://www.baros.com/wp-content/uploads/2024/10/A-La-Carte_-Lighthouse-2024-Oct.pdf
164,Baros Maldives,dining_menu,2024,outdated,,https://www.baros.com/wp-content/uploads/2024/10/Degustation-Dinner-2024-Oct.pdf
164,Baros Maldives,dining_menu,2024,outdated,,https://www.baros.com/wp-content/uploads/2024/10/IVD-MENU-FINAL-OCTOBER-2024.pdf
164,Baros Maldives,dining_menu,2024,outdated,,https://www.baros.com/wp-content/uploads/2024/10/LIME-BB-DINNER-MENU_-Oct-2024.pdf
164,Baros Maldives,dining_menu,2024,outdated,,https://www.baros.com/wp-content/uploads/2024/10/Sails-Bar-New-Price-OCT-2024.pdf
164,Baros Maldives,dining_menu,2024,outdated,,https://www.baros.com/wp-content/uploads/2024/10/LIME-Lunch-Menu-2024-oct.pdf
164,Baros Maldives,dining_menu,2024,outdated,,https://www.baros.com/wp-content/uploads/2024/09/A-La-Carte_-Lighthouse-2024.pdf
164,Baros Maldives,dining_menu,2024,outdated,,https://www.baros.com/wp-content/uploads/2024/09/CayenneMenu_Updated.pdf
164,Baros Maldives,dining_menu,2024,outdated,,https://www.baros.com/wp-content/uploads/2024/09/IVD-MENU-FINAL-2024.pdf
164,Baros Maldives,dining_menu,2024,outdated,,https://www.baros.com/wp-content/uploads/2024/09/LIME-BB-DINNER-MENU_.pdf
164,Baros Maldives,dining_menu,2024,outdated,,https://www.baros.com/wp-content/uploads/2024/09/LIME-Lunch-Menu-2024.pdf
164,Baros Maldives,dining_menu,2024,outdated,,https://www.baros.com/wp-content/uploads/2024/07/Jang-Kanlayanee-Menu.pdf
164,Baros Maldives,dining_menu,2022,outdated,,https://www.baros.com/wp-content/uploads/2025/07/LIME-Breakfast.pdf
164,Baros Maldives,dive_map,2018,outdated,Y,https://www.baros.com/wp-content/uploads/2021/05/080411_BAROS_WEBSITE_DIVE-SITES_V02.pdf
164,Baros Maldives,dive_prices,2026,current,Y,https://www.baros.com/wp-content/uploads/2026/02/Frequently-Asked-Questions-FAQ.pdf
164,Baros Maldives,dive_prices,2025,current,,https://www.baros.com/wp-content/uploads/2026/02/Price-Lists.pdf
164,Baros Maldives,dive_prices,2025,current,,https://www.baros.com/wp-content/uploads/2025/07/RENTALS-.pdf
164,Baros Maldives,dive_prices,2025,current,,https://www.baros.com/wp-content/uploads/2025/07/Diving-by-Design.pdf
164,Baros Maldives,dive_prices,2025,current,,https://www.baros.com/wp-content/uploads/2025/07/CERTIFIED-DIVERS-NEW.pdf
164,Baros Maldives,dive_prices,2025,current,,https://www.baros.com/wp-content/uploads/2025/07/Dive-Courses-1.pdf
164,Baros Maldives,dive_prices,2025,current,,https://www.baros.com/wp-content/uploads/2025/07/Marine-weekly-schedule_updated-price.pdf
164,Baros Maldives,dive_prices,2025,current,,https://www.baros.com/wp-content/uploads/2025/07/WATER-SPORTS-NEW.pdf
164,Baros Maldives,dive_prices,2024,outdated,,https://www.baros.com/wp-content/uploads/2026/02/3-House-Reef-Dive_A4.pdf
164,Baros Maldives,dive_prices,2024,outdated,,https://www.baros.com/wp-content/uploads/2024/12/Marine-Centre-Weekly_Dec2024Uodated.pdf
164,Baros Maldives,dive_prices,2024,outdated,,https://www.baros.com/wp-content/uploads/2024/12/Dive-Prices-for-Certified-Divers-Dec2024.pdf
164,Baros Maldives,dive_prices,2024,outdated,,https://www.baros.com/wp-content/uploads/2024/12/Marine-Centre-Weekly-Dec2024.pdf
164,Baros Maldives,dive_prices,2024,outdated,,https://www.baros.com/wp-content/uploads/2024/12/Dive-Prices-for-Dive-Courses-Dec2024.pdf
164,Baros Maldives,dive_prices,2024,outdated,,https://www.baros.com/wp-content/uploads/2024/12/Diving-by-Design-Dec2024.pdf
164,Baros Maldives,dive_prices,2024,outdated,,https://www.baros.com/wp-content/uploads/2024/03/Eco-Dive-Brochure.pdf
164,Baros Maldives,dive_prices,2015,outdated,,https://www.baros.com/wp-content/uploads/2026/02/Dive_Brochure_digital.pdf
164,Baros Maldives,excursions,2026,current,,https://letsgomaldives.com/wp-content/uploads/2026/03/Eid-Al-Fitr-at-Baros.pdf
164,Baros Maldives,excursions,2026,current,Y,https://www.baros.com/wp-content/uploads/2026/02/Eid-Al-Fitr-at-Baros.pdf
164,Baros Maldives,excursions,2025,current,,https://www.baros.com/wp-content/uploads/2025/07/BAROS_Nooma_Excursions_updated.pdf
164,Baros Maldives,excursions,2025,current,,https://www.baros.com/wp-content/uploads/2025/07/Private-Excursions_updated.pdf.pdf.pdf
164,Baros Maldives,excursions,2024,outdated,,https://www.baros.com/wp-content/uploads/2024/12/Weekly-Excursions-Dec2024.pdf
164,Baros Maldives,excursions,2018,outdated,,https://www.baros.com/wp-content/uploads/2021/05/180228_BAROS_PrivateExcursions.pdf
164,Baros Maldives,excursions,2018,outdated,,https://www.baros.com/wp-content/uploads/2021/05/180228_BAROS_NoomaExcursions.pdf
164,Baros Maldives,excursions,2015,outdated,,https://www.baros.com/wp-content/uploads/2025/07/Weekly-excursions-updated.pdf
164,Baros Maldives,factsheet,2026,current,,https://awesomegetawaymaldives.com/wp-content/uploads/2026/03/Baros.pdf
164,Baros Maldives,factsheet,2026,current,Y,https://www.baros.com/wp-content/uploads/2026/06/Baros-Factsheet-June-2026.pdf
164,Baros Maldives,factsheet,2022,outdated,,https://www.neoscapesmaldives.com/wp-content/uploads/Factsheet-Baros-Maldives.pdf
164,Baros Maldives,factsheet,2015,outdated,,https://www.baros.com/wp-content/uploads/2025/04/Baros-Factsheet.pdf
164,Baros Maldives,map,2024,outdated,Y,https://www.baros.com/wp-content/uploads/2026/02/5-Watersports-Map_A4.pdf
164,Baros Maldives,map,2024,outdated,,https://www.baros.com/wp-content/uploads/2024/10/Baros-Island-Map-Oct2024-compressed.pdf
164,Baros Maldives,map,2022,outdated,,https://www.neoscapesmaldives.com/wp-content/uploads/Resort-Map-Baros-Maldives.pdf
164,Baros Maldives,other,2025,current,,https://www.baros.com/wp-content/uploads/2025/07/LIGHTHOUSE-DESSERT-JUNE-2025.pdf
164,Baros Maldives,other,2025,current,Y,https://www.baros.com/wp-content/uploads/2025/07/LIME-Dessert-JUNE-2025.pdf
164,Baros Maldives,other,2024,outdated,,https://www.baros.com/wp-content/uploads/2025/04/LIME-Dessert-oct-2024.pdf
164,Baros Maldives,other,2024,outdated,,https://www.baros.com/wp-content/uploads/2024/10/LH-Dessert-2024-Oct.pdf
164,Baros Maldives,other,2024,outdated,,https://www.baros.com/wp-content/uploads/2024/09/LH-Dessert-2024.pdf
164,Baros Maldives,other,2024,outdated,,https://www.baros.com/wp-content/uploads/2024/09/LIME-Dessert-.pdf
164,Baros Maldives,press_kit,2024,outdated,Y,https://www.baros.com/wp-content/uploads/2024/07/Press-Release-A-Splendid-Summer-at-Baros.pdf
164,Baros Maldives,press_kit,2024,outdated,,https://www.baros.com/wp-content/uploads/2024/07/Press-Release-Eid-Al-Adha.pdf
164,Baros Maldives,spa_menu,2026,current,Y,https://www.baros.com/wp-content/uploads/2026/02/Serenity-Spa-Menu-Digital.pdf
164,Baros Maldives,spa_menu,2026,current,,https://www.baros.com/wp-content/uploads/2026/02/Spa-Menu-Price-List-2026.pdf
164,Baros Maldives,spa_menu,2025,current,,https://www.baros.com/wp-content/uploads/2026/02/Weekly-Wellness-Schedule-Serenity-Spa.pdf
164,Baros Maldives,spa_menu,2025,current,,https://www.baros.com/wp-content/uploads/2025/12/Spa-Pricelist-High-Season.pdf
164,Baros Maldives,spa_menu,2025,current,,https://www.baros.com/wp-content/uploads/2025/11/Serenity-Spa-Weekly-Wellness-Schedule.pdf
164,Baros Maldives,spa_menu,2025,current,,https://www.baros.com/wp-content/uploads/2025/12/Serenity-Spa-Menu.pdf
164,Baros Maldives,spa_menu,2015,outdated,,https://www.baros.com/wp-content/uploads/2025/07/Baros-Spa-Price-List-Updated.pdf
164,Baros Maldives,spa_menu,2015,outdated,,https://www.baros.com/wp-content/uploads/2021/05/180330_Baros_SpaBrochure_Preview.pdf
164,Baros Maldives,sustainability,2016,outdated,Y,https://www.baros.com/wp-content/uploads/2024/07/PRESS-RELEASE_Coral-Preservation.pdf
164,Baros Maldives,wedding,2026,current,Y,https://www.baros.com/wp-content/uploads/2026/04/Renewal-of-Vows-Baros-Maldives-2026.pdf
164,Baros Maldives,wedding,2021,outdated,,https://www.baros.com/wp-content/uploads/2021/08/Renewal-of-vows-2021.pdf.pdf
165,Velassaru Maldives,brochure,2026,current,Y,https://www.nivavelassaru.com/wp-content/uploads/2025/09/Untitled-presentation-4.pdf
165,Velassaru Maldives,calendar,2026,current,Y,https://www.nivavelassaru.com/wp-content/uploads/2026/09/Niva-Velassaru_Festive-2026_web.pdf
165,Velassaru Maldives,calendar,2026,current,,https://www.nivavelassaru.com/wp-content/uploads/2026/09/Niva-Velassaru_Festive-2026_web_updated.pdf
165,Velassaru Maldives,calendar,2026,current,,https://www.nivavelassaru.com/wp-content/uploads/2026/03/Niva-Velassaru-Events-Calendar-2026.pdf
165,Velassaru Maldives,dining_menu,2026,current,Y,https://www.nivavelassaru.com/wp-content/uploads/2026/03/LIMESpaMenuWeb89.pdf
165,Velassaru Maldives,dining_menu,2026,current,,https://www.nivavelassaru.com/wp-content/uploads/2025/09/Shisha-Menu-Web-2.pdf
165,Velassaru Maldives,dining_menu,2026,current,,https://www.nivavelassaru.com/wp-content/uploads/2025/09/Cigar-Menu.pdf
165,Velassaru Maldives,dining_menu,2026,current,,https://www.nivavelassaru.com/wp-content/uploads/2025/09/Beverage-Menu-Beach-Bar-1.pdf
165,Velassaru Maldives,dining_menu,2026,current,,https://www.nivavelassaru.com/wp-content/uploads/2025/09/Beverage-Menu-East-Bar.pdf
165,Velassaru Maldives,dining_menu,2026,current,,https://www.nivavelassaru.com/wp-content/uploads/2025/09/Beverage-Menu-Haali-Bar.pdf
165,Velassaru Maldives,dining_menu,2026,current,,https://www.nivavelassaru.com/wp-content/uploads/2025/09/Jade-Dinner-Menu_Web.pdf
165,Velassaru Maldives,dining_menu,2026,current,,https://www.nivavelassaru.com/wp-content/uploads/2025/09/Faru-Dinner-Menu.pdf
165,Velassaru Maldives,dining_menu,2026,current,,https://www.nivavelassaru.com/wp-content/uploads/2025/09/Faru-Lunch-Menu.pdf
165,Velassaru Maldives,dining_menu,2026,current,,https://www.nivavelassaru.com/wp-content/uploads/2025/09/NIVA-Beach-Menu_15Jan26.pdf
165,Velassaru Maldives,dining_menu,2026,current,,https://www.nivavelassaru.com/wp-content/uploads/2025/09/Cafe-Print-Menu.pdf
165,Velassaru Maldives,dining_menu,2025,current,,https://www.nivavelassaru.com/wp-content/uploads/2025/09/Etesian-Menu.pdf
165,Velassaru Maldives,dining_menu,2025,current,,https://www.nivavelassaru.com/wp-content/uploads/2025/09/Etesian-Beverage-Menu-.pdf
165,Velassaru Maldives,dining_menu,2025,current,,https://www.nivavelassaru.com/wp-content/uploads/2025/09/Turquoise-Menu-Food-Only.pdf
165,Velassaru Maldives,dining_menu,2025,current,,https://www.nivavelassaru.com/wp-content/uploads/2025/09/Sand-Menu-Food.pdf
165,Velassaru Maldives,dining_menu,2025,current,,https://www.nivavelassaru.com/wp-content/uploads/2025/09/Sand-Kids-Menu.pdf
165,Velassaru Maldives,dining_menu,2025,current,,https://www.nivavelassaru.com/wp-content/uploads/2025/09/TEPPANYAKI-OMAKASE-WILD-AND-FARM-MENU.pdf
165,Velassaru Maldives,dining_menu,2025,current,,https://www.nivavelassaru.com/wp-content/uploads/2025/09/SAKURA-DINNER.pdf
165,Velassaru Maldives,dining_menu,2025,current,,https://www.nivavelassaru.com/wp-content/uploads/2025/09/Portobello-dinner-menu.pdf
165,Velassaru Maldives,dining_menu,2024,outdated,,https://www.nivavelassaru.com/wp-content/uploads/2025/09/Signature-Cocktail-Menu-fen-bar.pdf
165,Velassaru Maldives,dining_menu,2024,outdated,,https://www.nivavelassaru.com/wp-content/uploads/2025/09/TURQUOISE-BEVERAGE-MENU.pdf
165,Velassaru Maldives,dining_menu,2024,outdated,,https://www.nivavelassaru.com/wp-content/uploads/2025/09/Vela-Beverage-Menu-.pdf
165,Velassaru Maldives,dining_menu,2024,outdated,,https://www.nivavelassaru.com/wp-content/uploads/2025/09/Sand-Beverage-Menu-.pdf
165,Velassaru Maldives,dining_menu,2024,outdated,,https://www.nivavelassaru.com/wp-content/uploads/2025/09/Portobello-kids-menu-.pdf
165,Velassaru Maldives,dining_menu,2024,outdated,,https://www.nivavelassaru.com/wp-content/uploads/2025/09/LOBRIZAN-BEVERAGE-MENU.pdf
165,Velassaru Maldives,dining_menu,2024,outdated,,https://www.nivavelassaru.com/wp-content/uploads/2025/09/GRANN-KAZZ-WINELIST.pdf
165,Velassaru Maldives,dining_menu,2024,outdated,,https://www.nivavelassaru.com/wp-content/uploads/2025/09/ARIA-BURGER-MENU.pdf
165,Velassaru Maldives,dining_menu,2024,outdated,,https://www.nivavelassaru.com/wp-content/uploads/2025/09/ARIA-.pdf
165,Velassaru Maldives,dining_menu,2022,outdated,,https://www.nivavelassaru.com/wp-content/uploads/2025/09/SORA-MENU-A-LA-CARTE-SET-.pdf
165,Velassaru Maldives,dining_menu,2021,outdated,,https://www.nivavelassaru.com/wp-content/uploads/2025/09/Chill-Bar-Menu.pdf
165,Velassaru Maldives,dining_menu,2021,outdated,,https://www.nivavelassaru.com/wp-content/uploads/2025/09/Wine-List-East-Bar.pdf
165,Velassaru Maldives,dining_menu,2021,outdated,,https://www.nivavelassaru.com/wp-content/uploads/2025/09/Wine-List-Haali.pdf
165,Velassaru Maldives,dining_menu,2021,outdated,,https://www.nivavelassaru.com/wp-content/uploads/2025/09/Wine-List-Jade.pdf
165,Velassaru Maldives,dining_menu,2021,outdated,,https://www.nivavelassaru.com/wp-content/uploads/2025/09/Wine-List-Capers.pdf
165,Velassaru Maldives,dining_menu,2021,outdated,,https://www.nivavelassaru.com/wp-content/uploads/2025/09/Wine-List-Faru.pdf
165,Velassaru Maldives,dining_menu,2020,outdated,,https://www.nivavelassaru.com/wp-content/uploads/2025/09/Velassaru-Master-Beverage-Menu.pdf
165,Velassaru Maldives,dive_map,2019,outdated,Y,https://www.neoscapesmaldives.com/wp-content/uploads/Velassaru_Resort__Snorkeling_Map.pdf
165,Velassaru Maldives,dive_prices,2026,current,,https://www.nivavelassaru.com/wp-content/uploads/2026/01/Velassaru-Snorkel-Guide-online.pdf
165,Velassaru Maldives,dive_prices,2026,current,,https://www.nivavelassaru.com/wp-content/uploads/2026/01/Watersports-Pricelist-January-15-NIVA-LR.pdf
165,Velassaru Maldives,dive_prices,2026,current,,https://www.nivavelassaru.com/wp-content/uploads/2026/01/Snorkeling-Pricelist-January-15-NIVA-LR.pdf
165,Velassaru Maldives,dive_prices,2026,current,Y,https://www.nivavelassaru.com/wp-content/uploads/2026/01/Bio-Diversity.pdf
165,Velassaru Maldives,factsheet,2026,current,Y,https://www.nivavelassaru.com/wp-content/uploads/2026/01/Niva-Velassaru_Factsheet.pdf
165,Velassaru Maldives,factsheet,2026,current,,https://www.nivavelassaru.com/wp-content/uploads/2026/08/Niva-Velassaru-Meal-Plan-Factsheet.pdf
165,Velassaru Maldives,factsheet,2026,current,,https://www.nivavelassaru.com/wp-content/uploads/2026/01/Niva-Velassaru-Maldives_Fact-Sheet.pdf
165,Velassaru Maldives,factsheet,2026,current,,https://www.nivavelassaru.com/wp-content/uploads/2026/01/Excursions-Fact-Sheet-January-15-NIVA-LR.pdf
165,Velassaru Maldives,factsheet,2026,current,,https://www.nivakurumba.com/wp-content/uploads/2026/02/Niva-Velassaru_Factsheet.pdf
173,Kurumba Maldives,factsheet,2026,current,,https://www.nivakurumba.com/wp-content/uploads/2026/02/Niva-Velassaru_Factsheet.pdf
165,Velassaru Maldives,factsheet,2025,current,,https://www.nivavelassaru.com/wp-content/uploads/2026/01/Dhigali-Factsheet-2025_EN_compressed-1.pdf
165,Velassaru Maldives,factsheet,2025,current,,https://www.nivavelassaru.com/wp-content/uploads/2026/01/Dhigali-Factsheet-2025-RU_compressed.pdf
165,Velassaru Maldives,factsheet,2015,outdated,,https://www.neoscapesmaldives.com/wp-content/uploads/velasaru_resort_factsheet_rdc.pdf
165,Velassaru Maldives,kids,2026,current,Y,https://www.nivavelassaru.com/wp-content/uploads/2026/01/Kids-Club-Program-2026.pdf
165,Velassaru Maldives,map,2026,current,,https://www.nivavelassaru.com/wp-content/uploads/2026/04/Niva-Velassaru-Maldives-Resort-Map-.pdf
165,Velassaru Maldives,map,2026,current,,https://www.nivavelassaru.com/wp-content/uploads/2026/01/NivaVelGenMap.pdf
165,Velassaru Maldives,map,2026,current,,https://www.nivavelassaru.com/wp-content/uploads/2025/09/Dhigali-New-Mapy-NIVA-Logo.pdf
165,Velassaru Maldives,map,2026,current,Y,https://www.nivavelassaru.com/wp-content/uploads/2026/01/Sustainability-Management-Plan.pdf
165,Velassaru Maldives,map,2026,current,,https://www.nivavelassaru.com/wp-content/uploads/2026/01/Pollution-Management-Plan.pdf
165,Velassaru Maldives,other,2026,current,Y,https://www.nivavelassaru.com/wp-content/uploads/2026/01/Waste_Management.pdf
165,Velassaru Maldives,spa_menu,2026,current,Y,https://www.nivavelassaru.com/wp-content/uploads/2026/02/LIMEWellbeing_Niva-Velassaru-.pdf
165,Velassaru Maldives,spa_menu,2026,current,,https://www.nivavelassaru.com/wp-content/uploads/2025/09/Yoga-Menu-LR.pdf
165,Velassaru Maldives,sustainability,2026,current,Y,https://www.nivavelassaru.com/wp-content/uploads/2026/01/Green_Team_Policy.pdf
165,Velassaru Maldives,sustainability,2026,current,,https://www.nivavelassaru.com/wp-content/uploads/2026/01/Environment-policy.pdf
165,Velassaru Maldives,wedding,2026,current,Y,https://www.nivavelassaru.com/wp-content/uploads/2026/05/Renewal-of-Vows.pdf
166,Kuramathi Maldives,calendar,2015,outdated,Y,https://letsgomaldives.com/wp-content/uploads/2026/02/Easter-on-Niva-Kuramathi.pdf
166,Kuramathi Maldives,dining_menu,2026,current,Y,https://www.nivahotelsandresorts.com/wp-content/uploads/2026/06/Palm-Dinner-Menu-2.pdf
166,Kuramathi Maldives,dining_menu,2026,current,,https://www.nivahotelsandresorts.com/wp-content/uploads/2026/06/Palm-Lunch-Menu-2.pdf
166,Kuramathi Maldives,factsheet,2026,current,Y,https://www.nivakurumba.com/wp-content/uploads/2026/02/Kuramathi-Fact-Sheet.pdf
173,Kurumba Maldives,factsheet,2026,current,Y,https://www.nivakurumba.com/wp-content/uploads/2026/02/Kuramathi-Fact-Sheet.pdf
166,Kuramathi Maldives,factsheet,2019,outdated,,https://www.neoscapesmaldives.com/wp-content/uploads/Factsheet-Kuramathi-Maldives.pdf
166,Kuramathi Maldives,kids,2026,current,,https://www.nivahotelsandresorts.com/wp-content/uploads/2026/06/Kids-Club-FAQ_English-June-2026.pdf
166,Kuramathi Maldives,kids,2026,current,Y,https://www.nivahotelsandresorts.com/wp-content/uploads/2026/05/Kids-Club-FAQ_English-March-2026.pdf
166,Kuramathi Maldives,kids,2025,current,,https://www.nivahotelsandresorts.com/wp-content/uploads/2026/05/Bageecha-Kids-Club-Program-.pdf
166,Kuramathi Maldives,map,2019,outdated,Y,https://www.neoscapesmaldives.com/wp-content/uploads/Map-Kuramathi-Maldives.pdf
166,Kuramathi Maldives,other,2026,current,Y,https://www.nivahotelsandresorts.com/wp-content/uploads/2026/04/Kuramathi-Football-Camp-Poster-2026-web.pdf
166,Kuramathi Maldives,other,2025,current,,https://www.nivahotelsandresorts.com/wp-content/uploads/2026/07/KURAMATHI_-voyagemagazine.pdf
166,Kuramathi Maldives,press_kit,2027,current,Y,https://www.nivahotelsandresorts.com/wp-content/uploads/2026/08/Niva-Kuramathi-Football-Camp-Poster-2027.pdf
166,Kuramathi Maldives,press_kit,2027,current,,https://www.nivahotelsandresorts.com/wp-content/uploads/2026/07/Niva-Kuramathi-Football-Camp-Poster-2027.pdf
166,Kuramathi Maldives,press_kit,2027,current,,https://www.nivahotelsandresorts.com/wp-content/uploads/2026/07/Kuramathi-Football-Camp-Poster-2027-Final.pdf
166,Kuramathi Maldives,press_kit,2026,current,,https://www.nivahotelsandresorts.com/wp-content/uploads/2026/04/Kuramathi-Sarah-Smart-collab-poster.pdf
166,Kuramathi Maldives,wedding,2026,current,Y,https://www.nivahotelsandresorts.com/wp-content/uploads/2026/05/Renewal-of-Vows-Niva-Kuramathi.pdf
167,Milaidhoo Island Maldives,all_inclusive,2025,current,Y,https://d1l3wviaauwkfu.cloudfront.net/2026/01/Janaury-Offer-3-Day-Detox.pdf
167,Milaidhoo Island Maldives,brochure,2026,current,Y,https://d1l3wviaauwkfu.cloudfront.net/2026/05/10th-anniversary-Brochure_DigitalPages-for-flipbook-1.pdf
167,Milaidhoo Island Maldives,brochure,2026,current,,https://d1l3wviaauwkfu.cloudfront.net/2026/04/Maldivian-Heritage-Degustation.pdf
167,Milaidhoo Island Maldives,brochure,2026,current,,https://d1l3wviaauwkfu.cloudfront.net/2026/04/The-Story-of-Malaafaiy-2026.pdf
167,Milaidhoo Island Maldives,brochure,2026,current,,https://d1l3wviaauwkfu.cloudfront.net/2026/04/Batheli-Food.pdf
167,Milaidhoo Island Maldives,brochure,2026,current,,https://d1l3wviaauwkfu.cloudfront.net/2026/01/EidBrochure.pdf
167,Milaidhoo Island Maldives,brochure,2026,current,,https://d1l3wviaauwkfu.cloudfront.net/2025/12/Milaidhoo_Valentines-Brochure.pdf
167,Milaidhoo Island Maldives,brochure,2026,current,,https://d1l3wviaauwkfu.cloudfront.net/2026/03/MIL_PressRelease_Tatler-Travel-Guide-2026.pdf
167,Milaidhoo Island Maldives,calendar,2027,current,,https://letsgomaldives.com/wp-content/uploads/2026/08/Milaidhoo-Maldives-Festive-Brochure.pdf
167,Milaidhoo Island Maldives,calendar,2027,current,Y,https://d1l3wviaauwkfu.cloudfront.net/2026/07/Festive27-Digital_2.pdf
167,Milaidhoo Island Maldives,calendar,2026,current,,https://letsgomaldives.com/wp-content/uploads/2026/02/Easter-Brochure-2026.pdf
167,Milaidhoo Island Maldives,calendar,2026,current,,https://d1l3wviaauwkfu.cloudfront.net/2026/04/Milaidhoo_Events-Calendar-2026.pdf
167,Milaidhoo Island Maldives,calendar,2026,current,,https://d1l3wviaauwkfu.cloudfront.net/2026/02/Easter_Brochure_Spread.pdf
167,Milaidhoo Island Maldives,calendar,2026,current,,https://d1l3wviaauwkfu.cloudfront.net/2025/07/Digital-File_Festive-Programme-2025-2026-_Final-1.pdf
167,Milaidhoo Island Maldives,calendar,2025,current,,https://d1l3wviaauwkfu.cloudfront.net/2025/03/MIL_PressRelease_Easter-Joy-Awaits.pdf
167,Milaidhoo Island Maldives,calendar,2025,current,,https://d1l3wviaauwkfu.cloudfront.net/2025/02/EasterbrochureWeb.pdf
167,Milaidhoo Island Maldives,destination_dining,2025,current,Y,https://d1l3wviaauwkfu.cloudfront.net/2025/07/Destination-Dining-2025.pdf
167,Milaidhoo Island Maldives,dining_menu,2026,current,,https://d1l3wviaauwkfu.cloudfront.net/2026/04/Digital_Wellbeing-Menu-2026-Jonathan.pdf
167,Milaidhoo Island Maldives,dining_menu,2026,current,,https://d1l3wviaauwkfu.cloudfront.net/2026/04/Digital_Wellbeing-Menu-2026.pdf
167,Milaidhoo Island Maldives,dining_menu,2026,current,,https://d1l3wviaauwkfu.cloudfront.net/2026/04/Batheli-Food-Menu-2026.pdf
167,Milaidhoo Island Maldives,dining_menu,2026,current,,https://d1l3wviaauwkfu.cloudfront.net/2026/04/Compass-Lunch.pdf
167,Milaidhoo Island Maldives,dining_menu,2026,current,Y,https://d1l3wviaauwkfu.cloudfront.net/2026/04/IVD-Food-2026.pdf
167,Milaidhoo Island Maldives,dining_menu,2026,current,,https://d1l3wviaauwkfu.cloudfront.net/2026/04/Compass-Beverage.pdf
167,Milaidhoo Island Maldives,dining_menu,2026,current,,https://d1l3wviaauwkfu.cloudfront.net/2026/04/Ocean-Dinner-26.pdf
167,Milaidhoo Island Maldives,dining_menu,2026,current,,https://d1l3wviaauwkfu.cloudfront.net/2026/04/Ocean-Dessert-26.pdf
167,Milaidhoo Island Maldives,dining_menu,2026,current,,https://d1l3wviaauwkfu.cloudfront.net/2026/04/Ocean-Breakfast-26.pdf
167,Milaidhoo Island Maldives,dining_menu,2026,current,,https://d1l3wviaauwkfu.cloudfront.net/2026/04/Ocean-Beverage-26.pdf
167,Milaidhoo Island Maldives,dining_menu,2026,current,,https://d1l3wviaauwkfu.cloudfront.net/2026/04/Azure-Food-2026.pdf
167,Milaidhoo Island Maldives,dining_menu,2026,current,,https://d1l3wviaauwkfu.cloudfront.net/2026/04/Azure-Beverage-2026.pdf
167,Milaidhoo Island Maldives,dining_menu,2026,current,,https://d1l3wviaauwkfu.cloudfront.net/2026/04/Shoreline-Grill-Dessert.pdf
167,Milaidhoo Island Maldives,dining_menu,2026,current,,https://d1l3wviaauwkfu.cloudfront.net/2026/04/Batheli-Beverage.pdf
167,Milaidhoo Island Maldives,dining_menu,2026,current,,https://d1l3wviaauwkfu.cloudfront.net/2026/03/Mood-Dining_2026-2.pdf
167,Milaidhoo Island Maldives,dining_menu,2026,current,,https://d1l3wviaauwkfu.cloudfront.net/2026/03/New-Batheli-Menu.pdf
167,Milaidhoo Island Maldives,dining_menu,2026,current,,https://d1l3wviaauwkfu.cloudfront.net/2026/08/Four-Michelin-Star-Chef-Daniel-Galmiche-Brings-Contemporary-French-Excellence-to-Milaidhoo-Maldives.pdf
167,Milaidhoo Island Maldives,dining_menu,2025,current,,https://d1l3wviaauwkfu.cloudfront.net/2026/04/Chef_s-Table-Menu.pdf
167,Milaidhoo Island Maldives,dining_menu,2025,current,,https://d1l3wviaauwkfu.cloudfront.net/2026/01/Compass-MGP-Beverage-List-2025-2.pdf
167,Milaidhoo Island Maldives,dining_menu,2025,current,,https://d1l3wviaauwkfu.cloudfront.net/2026/01/IVD-Food-Menu-2025-2.pdf
167,Milaidhoo Island Maldives,dining_menu,2025,current,,https://d1l3wviaauwkfu.cloudfront.net/2026/01/Compass-Lunch-menu-2025-3.pdf
167,Milaidhoo Island Maldives,dining_menu,2025,current,,https://d1l3wviaauwkfu.cloudfront.net/2026/01/Ocean-Dinner-Menu-2025.pdf
167,Milaidhoo Island Maldives,dining_menu,2025,current,,https://d1l3wviaauwkfu.cloudfront.net/2026/01/Ocean-Dessert-Menu-2025.pdf
167,Milaidhoo Island Maldives,dining_menu,2025,current,,https://d1l3wviaauwkfu.cloudfront.net/2026/01/Compass-Beverage-List-2025-3.pdf
167,Milaidhoo Island Maldives,dining_menu,2025,current,,https://d1l3wviaauwkfu.cloudfront.net/2026/01/Ocean-Breakfast-Menu-2025.pdf
167,Milaidhoo Island Maldives,dining_menu,2025,current,,https://d1l3wviaauwkfu.cloudfront.net/2026/01/Ocean-Beverage-List-2025.pdf
167,Milaidhoo Island Maldives,dining_menu,2025,current,,https://d1l3wviaauwkfu.cloudfront.net/2026/01/MGP-Ocean-Beverage-List-2025.pdf
167,Milaidhoo Island Maldives,dining_menu,2025,current,,https://d1l3wviaauwkfu.cloudfront.net/2026/01/Azure-Food-Menu-2025-2.pdf
167,Milaidhoo Island Maldives,dining_menu,2025,current,,https://d1l3wviaauwkfu.cloudfront.net/2026/01/Azure-MGP-Beverage-Menu-2025-2.pdf
167,Milaidhoo Island Maldives,dining_menu,2025,current,,https://d1l3wviaauwkfu.cloudfront.net/2026/01/Shoreline-MGP-Beverage-Menu-2025.pdf
167,Milaidhoo Island Maldives,dining_menu,2025,current,,https://d1l3wviaauwkfu.cloudfront.net/2026/01/Azure-Beverage-Menu-2025-2.pdf
167,Milaidhoo Island Maldives,dining_menu,2025,current,,https://d1l3wviaauwkfu.cloudfront.net/2026/01/Shoreline-Beverage-Menu-2025.pdf
167,Milaidhoo Island Maldives,dining_menu,2025,current,,https://d1l3wviaauwkfu.cloudfront.net/2026/01/BATHELI-BEVERAGE-2025.pdf
167,Milaidhoo Island Maldives,dining_menu,2025,current,,https://d1l3wviaauwkfu.cloudfront.net/2026/01/Malaafaiy-Dinner-Menu-2025.pdf
167,Milaidhoo Island Maldives,dining_menu,2025,current,,https://d1l3wviaauwkfu.cloudfront.net/2026/01/Batheli-Vegetarian-Set-Menu-2025.pdf
167,Milaidhoo Island Maldives,dining_menu,2025,current,,https://d1l3wviaauwkfu.cloudfront.net/2026/01/Batheli-Food-Menu-2025.pdf
167,Milaidhoo Island Maldives,dining_menu,2025,current,,https://d1l3wviaauwkfu.cloudfront.net/2025/12/Ocean-Beverage-List-2025.pdf
167,Milaidhoo Island Maldives,dining_menu,2025,current,,https://d1l3wviaauwkfu.cloudfront.net/2025/12/Compass-MGP-Beverage-List-2025-2.pdf
167,Milaidhoo Island Maldives,dining_menu,2025,current,,https://d1l3wviaauwkfu.cloudfront.net/2025/11/Compass-MGP-Beverage-List-2025.pdf
167,Milaidhoo Island Maldives,dining_menu,2025,current,,https://d1l3wviaauwkfu.cloudfront.net/2025/11/Compass-Lunch-menu-2025-2.pdf
167,Milaidhoo Island Maldives,dining_menu,2025,current,,https://d1l3wviaauwkfu.cloudfront.net/2025/11/Compass-Beverage-List-2025-2.pdf
167,Milaidhoo Island Maldives,dining_menu,2025,current,,https://d1l3wviaauwkfu.cloudfront.net/2025/10/Compass-Lunch-menu-2025-.pdf
167,Milaidhoo Island Maldives,dining_menu,2025,current,,https://d1l3wviaauwkfu.cloudfront.net/2025/10/Azure-MGP-Beverage-Menu-2025.pdf
167,Milaidhoo Island Maldives,dining_menu,2025,current,,https://d1l3wviaauwkfu.cloudfront.net/2025/10/Azure-Food-Menu-2025.pdf
167,Milaidhoo Island Maldives,dining_menu,2025,current,,https://d1l3wviaauwkfu.cloudfront.net/2025/10/Azure-Beverage-Menu-2025.pdf
167,Milaidhoo Island Maldives,dining_menu,2025,current,,https://d1l3wviaauwkfu.cloudfront.net/2025/07/Shoreline-Dessert-Menu-2025.pdf
167,Milaidhoo Island Maldives,dining_menu,2025,current,,https://d1l3wviaauwkfu.cloudfront.net/2025/07/Compass-Beverage-List-2025-1.pdf
167,Milaidhoo Island Maldives,dining_menu,2025,current,,https://d1l3wviaauwkfu.cloudfront.net/2025/07/Compass-Lunch-menu-2025-1.pdf
167,Milaidhoo Island Maldives,dining_menu,2017,outdated,,https://d1l3wviaauwkfu.cloudfront.net/2019/09/In-Villa-Dining-Menu.pdf
167,Milaidhoo Island Maldives,dive_prices,2025,current,Y,https://d1l3wviaauwkfu.cloudfront.net/2019/01/OceanStories_July-2025.pdf
167,Milaidhoo Island Maldives,excursions,2025,current,Y,https://d1l3wviaauwkfu.cloudfront.net/2025/07/Exploring-Adventures_July2025.pdf
167,Milaidhoo Island Maldives,map,2026,current,Y,https://d1l3wviaauwkfu.cloudfront.net/2026/04/Compass-Gourmet-Plan.pdf
167,Milaidhoo Island Maldives,map,2026,current,,https://d1l3wviaauwkfu.cloudfront.net/2026/04/Ocean-Gourmet-Plan-26.pdf
167,Milaidhoo Island Maldives,map,2026,current,,https://d1l3wviaauwkfu.cloudfront.net/2026/04/Azure-Gourmet-Plan-2026.pdf
167,Milaidhoo Island Maldives,map,2025,current,,https://d1l3wviaauwkfu.cloudfront.net/2026/04/Shoreline-Gourmet-Plan.pdf
167,Milaidhoo Island Maldives,map,2020,outdated,,https://www.neoscapesmaldives.com/wp-content/uploads/Island-Map-Milaidhoo-Island-Maldives.pdf
167,Milaidhoo Island Maldives,press_kit,2026,current,Y,https://d1l3wviaauwkfu.cloudfront.net/2026/02/MIL_PressRelease_International-Womens-Day-with-a-Culinary-Tribute.pdf
167,Milaidhoo Island Maldives,press_kit,2026,current,,https://d1l3wviaauwkfu.cloudfront.net/2026/05/MIL_PressRelease_Mental-Health-Awareness-Month.pdf
167,Milaidhoo Island Maldives,press_kit,2025,current,,https://d1l3wviaauwkfu.cloudfront.net/2025/03/MIL_PressRelease_Winner-of-Excellence-in-Personalised-Hospitality-and-Service.pdf
167,Milaidhoo Island Maldives,spa_menu,2026,current,Y,https://d1l3wviaauwkfu.cloudfront.net/2026/08/Dr-Lim-14-20-September-Pamphlet-2.pdf
167,Milaidhoo Island Maldives,spa_menu,2026,current,,https://d1l3wviaauwkfu.cloudfront.net/2026/05/Global-Wellness-Day-2026.pdf
167,Milaidhoo Island Maldives,spa_menu,2026,current,,https://d1l3wviaauwkfu.cloudfront.net/2026/03/Milaidhoo-Visiting-Practitioner-A4.pdf
167,Milaidhoo Island Maldives,spa_menu,2026,current,,https://d1l3wviaauwkfu.cloudfront.net/2026/02/Dr-Lim-Services.pdf
167,Milaidhoo Island Maldives,spa_menu,2026,current,,https://d1l3wviaauwkfu.cloudfront.net/2026/04/MIL_PressRelease_Thai-Wellness-Practitioner-Naphat-Theechanthuek-11-30-April.pdf
167,Milaidhoo Island Maldives,spa_menu,2025,current,,https://d1l3wviaauwkfu.cloudfront.net/2025/09/SpaMenuweb.pdf
167,Milaidhoo Island Maldives,spa_menu,2025,current,,https://d1l3wviaauwkfu.cloudfront.net/2025/09/TGRPoster-1.pdf
167,Milaidhoo Island Maldives,spa_menu,2025,current,,https://d1l3wviaauwkfu.cloudfront.net/2025/09/TGRPoster.pdf
167,Milaidhoo Island Maldives,spa_menu,2025,current,,https://d1l3wviaauwkfu.cloudfront.net/2025/07/Wellness-menu_July-2025.pdf
167,Milaidhoo Island Maldives,spa_menu,2025,current,,https://d1l3wviaauwkfu.cloudfront.net/2025/07/Serenity-Spa_2025Web.pdf
167,Milaidhoo Island Maldives,sustainability,2026,current,Y,https://d1l3wviaauwkfu.cloudfront.net/2026/06/Our-Promise-in-Action.pdf
167,Milaidhoo Island Maldives,sustainability,2026,current,,https://d1l3wviaauwkfu.cloudfront.net/2026/07/MIL_PressRelease_Milaidhoo-Maldives-Earns-VERIFIED%E2%84%A2-Responsible-Hospitality-Badge-with-Forbes-Travel-Guide-2026-07-07.pdf
167,Milaidhoo Island Maldives,wedding,2026,current,Y,https://d1l3wviaauwkfu.cloudfront.net/2026/03/Greg-Finck-to-Host-Exclusive-Photography-Workshop-at-Milaidhoo-Maldives.pdf
168,You & Me Maldives,dive_prices,2025,current,Y,https://cdnm.heyzine.com/files/uploaded/v3/5df5c124623a5fd8fc58bb0529806d378b131788.pdf
168,You & Me Maldives,dive_prices,2025,current,,https://cdnm.heyzine.com/files/uploaded/bf63bf7363f2199bf7b09a0630546e91610b05bf.pdf
168,You & Me Maldives,factsheet,2026,current,Y,https://www.neoscapesmaldives.com/wp-content/uploads/GB-_-You-_-Me-Maldives-_-Fact-Sheet-2026.pdf
168,You & Me Maldives,factsheet,2025,current,,https://www.youandmemaldives.com/_files/ugd/d8b687_64c56a9c0d504e2787963eef665a5351.pdf
168,You & Me Maldives,map,2026,current,Y,https://cdnm.heyzine.com/flip-book/pdf/d2f08a94a4745c1adc132b27e299356e2d5ef63b.pdf
168,You & Me Maldives,map,2025,current,,https://www.neoscapesmaldives.com/wp-content/uploads/You-Me-Maldives-_-Resort-Map.pdf
168,You & Me Maldives,spa_menu,2011,outdated,Y,https://www.youandmemaldives.com/_files/ugd/d8b687_f7f971d3bdbd43899c948277a932b172.pdf
168,You & Me Maldives,wedding,2026,current,Y,https://cdnm.heyzine.com/files/uploaded/ad6cddf745cb8d5aca3c2e28c2beece656b9b68f.pdf
169,Banyan Tree Maldives Vabbinfaru,factsheet,2025,current,Y,https://www.neoscapesmaldives.com/wp-content/uploads/Factsheet-Banyan-Tree-Vabbinfaru-compressed.pdf
169,Banyan Tree Maldives Vabbinfaru,map,2024,outdated,Y,https://www.neoscapesmaldives.com/wp-content/uploads/BTMVMV-Resort-Map-5.0-1.pdf
169,Banyan Tree Maldives Vabbinfaru,villa_plans,2024,outdated,Y,https://www.banyantree.com/assets/2024-01/Bt-Vabbinfaru-Beachfront-Pool-Villa.pdf
169,Banyan Tree Maldives Vabbinfaru,villa_plans,2024,outdated,,https://www.banyantree.com/assets/2024-01/Bt-Vabbinfaru-Wellbeing-Sanctuary-Pool-Villa.pdf
169,Banyan Tree Maldives Vabbinfaru,villa_plans,2024,outdated,,https://www.banyantree.com/assets/2024-01/Bt-Vabbinfaru-Oceanview-Pool-Villa.pdf
169,Banyan Tree Maldives Vabbinfaru,villa_plans,2024,outdated,,https://www.banyantree.com/assets/2024-01/Bt-Vabbinfaru-Grand-Beachfront-Pool-Villa.pdf
170,Cocogiri Island Resort,destination_dining,2024,outdated,Y,https://cocogiri.com/wp-content/uploads/2025/04/Candlelight-Dining-Menu.pdf
170,Cocogiri Island Resort,dining_menu,2023,outdated,Y,https://cocogiri.com/wp-content/uploads/2025/04/WHITESANDS-MENU.pdf
170,Cocogiri Island Resort,dive_prices,2025,current,Y,https://cocogiri.com/wp-content/uploads/2025/04/Dive-list-1-merged.pdf
170,Cocogiri Island Resort,dive_prices,2025,current,,https://cocogiri.com/wp-content/uploads/2025/04/Dive-Course-2025.pdf
170,Cocogiri Island Resort,dive_prices,2025,current,,https://cocogiri.com/wp-content/uploads/2025/04/water-sports-2025.pdf
170,Cocogiri Island Resort,dive_prices,2025,current,,https://cocogiri.com/wp-content/uploads/2025/04/2025-Latest-excursions-price-list-1.pdf
170,Cocogiri Island Resort,factsheet,2025,current,Y,https://cocogiri.com/wp-content/uploads/2025/04/COCOGIRI-ISLAND-FACTSHEET.pdf
170,Cocogiri Island Resort,map,2025,current,Y,https://cocogiri.com/wp-content/uploads/2025/07/ALL-INCLUSIVE-MEAL-PLAN.pdf
170,Cocogiri Island Resort,map,2023,outdated,,https://cocogiri.com/wp-content/uploads/2025/05/AIL-MEAL-PLAN.pdf
170,Cocogiri Island Resort,other,2023,outdated,Y,https://cocogiri.com/wp-content/uploads/2025/04/AZURE-LAGOONA-SEPTEMBER-2023-2.pdf
170,Cocogiri Island Resort,spa_menu,2023,outdated,Y,https://cocogiri.com/wp-content/uploads/2025/04/Spa-Menu.pdf
171,Velaa Private Island Maldives,all_inclusive,2020,outdated,Y,https://visitmaldives.s3.amazonaws.com/EongBdwM/zaguu9sk.pdf
171,Velaa Private Island Maldives,all_inclusive,2015,outdated,,https://framerusercontent.com/assets/goGjqEjmqFpKZ51LupcgvvSmhVU.pdf
171,Velaa Private Island Maldives,brochure,2021,outdated,Y,https://visitmaldives.s3.amazonaws.com/jo6xa9Yr/iq32vise.pdf
171,Velaa Private Island Maldives,brochure,2020,outdated,,https://visitmaldives.s3.amazonaws.com/xopOVZqv/hiea87jy.pdf
171,Velaa Private Island Maldives,calendar,2023,outdated,Y,https://framerusercontent.com/assets/iiMt0QlX9FKHzhJmO6mIrkCM.pdf
171,Velaa Private Island Maldives,calendar,2022,outdated,,https://framerusercontent.com/assets/NDdHLKWbKRWEGzFBd6OxEgn0obk.pdf
171,Velaa Private Island Maldives,calendar,2021,outdated,,https://framerusercontent.com/assets/JNc06e0YqLii9BRhJXSABRYBw.pdf
171,Velaa Private Island Maldives,calendar,2020,outdated,,https://framerusercontent.com/assets/aWglb0iV22YexWaSZKez89SI.pdf
171,Velaa Private Island Maldives,dining_menu,2022,outdated,Y,https://framerusercontent.com/assets/P7OmVcMbnISlYoyJP0lcoPp3l4.pdf
171,Velaa Private Island Maldives,dining_menu,2020,outdated,,https://framerusercontent.com/assets/TaNG0Z8utzlgnVmymKDHXtdgNaE.pdf
171,Velaa Private Island Maldives,excursions,2021,outdated,Y,https://framerusercontent.com/assets/j5BOj8caTz28wM5HiM4TETfyfY.pdf
171,Velaa Private Island Maldives,factsheet,2019,outdated,Y,https://neoscapesmaldives.com/wp-content/uploads/Velaa-Private-Island-Fact-Sheet.pdf
171,Velaa Private Island Maldives,map,2024,outdated,Y,https://www.neoscapesmaldives.com/wp-content/uploads/Dhawa-Resort-Map.pdf
171,Velaa Private Island Maldives,map,2020,outdated,,https://www.neoscapesmaldives.com/wp-content/uploads/Velaa-Private-Island-Map.pdf
171,Velaa Private Island Maldives,obsolete,2022,obsolete,,https://visitmaldives.s3.amazonaws.com/EoAX54q9/6owf2plm.pdf
171,Velaa Private Island Maldives,obsolete,2022,obsolete,Y,https://visitmaldives.s3.amazonaws.com/DqKGpAqO/5sjzah4p.pdf
171,Velaa Private Island Maldives,obsolete,2022,obsolete,,https://visitmaldives.s3.amazonaws.com/4w8KJzoK/fze8kxkm.pdf
171,Velaa Private Island Maldives,obsolete,2022,obsolete,,https://visitmaldives.s3.amazonaws.com/xopAmKwv/y5fu6d75.pdf
171,Velaa Private Island Maldives,obsolete,2021,obsolete,,https://visitmaldives.s3.amazonaws.com/lwZ9xKoy/mbmal7jj.pdf
171,Velaa Private Island Maldives,obsolete,2021,obsolete,,https://visitmaldives.s3.amazonaws.com/Vw9ZEWYv/xvjijwm5.pdf
171,Velaa Private Island Maldives,obsolete,2021,obsolete,,https://visitmaldives.s3.amazonaws.com/3qlkmyYX/zkofukx1.pdf
171,Velaa Private Island Maldives,obsolete,2021,obsolete,,https://visitmaldives.s3.amazonaws.com/lwZxOzqy/aokofkcb.pdf
171,Velaa Private Island Maldives,obsolete,2021,obsolete,,https://visitmaldives.s3.amazonaws.com/RwXeWDYW/jaw8shhf.pdf
171,Velaa Private Island Maldives,obsolete,2021,obsolete,,https://visitmaldives.s3.amazonaws.com/7wzxrkqW/n7r6kn3z.pdf
171,Velaa Private Island Maldives,obsolete,2021,obsolete,,https://visitmaldives.s3.amazonaws.com/VYxeRWqP/t3yamnj0.pdf
171,Velaa Private Island Maldives,obsolete,2021,obsolete,,https://visitmaldives.s3.amazonaws.com/QoQQ7Zov/k0lbhjy4.pdf
171,Velaa Private Island Maldives,obsolete,2020,obsolete,,https://visitmaldives.s3.amazonaws.com/2ywDBLqN/z1jfb8do.pdf
171,Velaa Private Island Maldives,obsolete,2020,obsolete,,https://visitmaldives.s3.amazonaws.com/xRwX7DoW/p0gl5ctg.pdf
171,Velaa Private Island Maldives,obsolete,2020,obsolete,,https://visitmaldives.s3.amazonaws.com/1VYxGjwP/my5tzqqo.pdf
171,Velaa Private Island Maldives,other,2026,current,,https://framerusercontent.com/assets/wTm4GfWEkWaMARuP2AsX6ydM.pdf
171,Velaa Private Island Maldives,other,2026,current,,https://framerusercontent.com/assets/hiqd3jmoicSBXAxEUIls0k3RaQ.pdf
171,Velaa Private Island Maldives,other,2026,current,,https://framerusercontent.com/assets/NwKtbPQJWRkxss0QuSGF1rSBlQ.pdf
171,Velaa Private Island Maldives,other,2026,current,,https://framerusercontent.com/assets/mRFB8IDc2OHVJzzehtEBDgnL8g.pdf
171,Velaa Private Island Maldives,other,2026,current,,https://framerusercontent.com/assets/PkUbpebPiC4GXnDOnYFBX8izOY.pdf
171,Velaa Private Island Maldives,other,2026,current,,https://framerusercontent.com/assets/FRUK6F5NKwBMzSIiG3nZKTBcZYY.pdf
171,Velaa Private Island Maldives,other,2026,current,,https://framerusercontent.com/assets/ZgprPmuaBFc8KJKj8cCyS9mPnA.pdf
171,Velaa Private Island Maldives,other,2026,current,,https://framerusercontent.com/assets/IWXDbJO9s5eW9JFCBQtGbmvRrk.pdf
171,Velaa Private Island Maldives,other,2026,current,Y,https://framerusercontent.com/assets/qMKluV4wxQOlQNsBBsGthQprJFc.pdf
171,Velaa Private Island Maldives,other,2026,current,,https://framerusercontent.com/assets/CQgeokNI2eP6M1Vh7mCHdGhc.pdf
171,Velaa Private Island Maldives,other,2024,outdated,,https://framerusercontent.com/assets/hzqeI23C7itDQvSpFO4vHXrasQ.pdf
171,Velaa Private Island Maldives,other,2023,outdated,,https://framerusercontent.com/assets/gBz7azUInC3RF5D5QtGOhvw1qg.pdf
171,Velaa Private Island Maldives,other,2023,outdated,,https://framerusercontent.com/assets/bwFmMFDuRvuzsfjCkVu8TNxiv6g.pdf
171,Velaa Private Island Maldives,other,2022,outdated,,https://framerusercontent.com/assets/jv01koIAt9AjqpUXa8k9N9EYgc.pdf
171,Velaa Private Island Maldives,other,2022,outdated,,https://framerusercontent.com/assets/RrUPpqktv7JUfVRGhHDfCXaWn4.pdf
171,Velaa Private Island Maldives,other,2022,outdated,,https://framerusercontent.com/assets/OeaABGJ1YPJv8DiHhdSTcdShc1s.pdf
171,Velaa Private Island Maldives,other,2021,outdated,,https://visitmaldives.s3.amazonaws.com/kobe3Mq8/icbb1ehz.pdf
171,Velaa Private Island Maldives,other,2020,outdated,,https://visitmaldives.s3.amazonaws.com/QEoA7MY9/efaxorai.pdf
171,Velaa Private Island Maldives,other,2020,outdated,,https://framerusercontent.com/assets/oQz856LZRg0RvTMdIpNw4pc8.pdf
171,Velaa Private Island Maldives,villa_plans,2026,current,Y,https://framerusercontent.com/assets/jSy2lYRMjln85YMs362E4sJnqg.pdf
171,Velaa Private Island Maldives,villa_plans,2026,current,,https://framerusercontent.com/assets/VxCezdyZu2hY2JicAbZe28jRM.pdf
171,Velaa Private Island Maldives,villa_plans,2026,current,,https://framerusercontent.com/assets/LffUg8UD6dc9VVW49P1vDASWYw.pdf
172,Mirihi Island Resort,brochure,2026,current,Y,https://www.vvillasmaldivesatmirihi.com/wp-content/uploads/sites/14/2026/03/Mirihi-FB-Brochure-2026.pdf
172,Mirihi Island Resort,dive_prices,2026,current,Y,https://www.vvillasmaldivesatmirihi.com/wp-content/uploads/sites/14/2026/03/Ocean-Pro-Mirihi-Diving-Rates-2026-Revised-14-03-26.pdf
172,Mirihi Island Resort,excursions,2026,current,Y,https://www.vvillasmaldivesatmirihi.com/wp-content/uploads/sites/14/2026/03/VVM-Excursions-Brochure-2026.pdf
172,Mirihi Island Resort,factsheet,2017,outdated,Y,https://sales.crownandchamparesorts.com/wp-content/uploads/2018/04/mirihi_fact_sheet.pdf
172,Mirihi Island Resort,factsheet,2014,outdated,,https://sales.crownandchamparesorts.com/wp-content/uploads/2018/10/MirihiFactSheet_EnglishRev170818-NEW.pdf
172,Mirihi Island Resort,spa_menu,2026,current,Y,https://www.vvillasmaldivesatmirihi.com/wp-content/uploads/sites/14/2026/03/Wellness-Program.pdf
173,Kurumba Maldives,calendar,2026,current,,https://www.nivakurumba.com/wp-content/uploads/2026/09/Halloween-Festive-updated.pdf
173,Kurumba Maldives,calendar,2026,current,Y,https://www.nivakurumba.com/wp-content/uploads/2026/07/Niva-Kurumba_Festive-2026-web-1.pdf
173,Kurumba Maldives,calendar,2026,current,,https://www.nivakurumba.com/wp-content/uploads/2026/07/Niva-Kurumba_Festive-2026-web.pdf
173,Kurumba Maldives,calendar,2026,current,,https://www.nivakurumba.com/wp-content/uploads/2026/04/Niva-Kurumba_Events-Calendar-2026.pdf
173,Kurumba Maldives,calendar,2026,current,,https://www.nivakurumba.com/wp-content/uploads/2026/01/Kurumba-Easter-Brochure.pdf
173,Kurumba Maldives,calendar,2023,outdated,,https://letsgomaldives.com/wp-content/uploads/2022/12/KM-Festive-Brochure-2022-2023.pdf
173,Kurumba Maldives,destination_dining,2023,outdated,Y,https://document-tc.galaxy.tf/wdpdf-3tpo10ggoy9g0srcocm84to7b/_cms-document.pdf
173,Kurumba Maldives,dining_menu,2026,current,,https://www.nivakurumba.com/wp-content/uploads/2025/11/Set-Menu-Option-12-3-_-Vegan-LR.pdf
173,Kurumba Maldives,dining_menu,2026,current,,https://www.nivakurumba.com/wp-content/uploads/2025/11/Banquet-Dinner-Option-AB_-C-LR.pdf
173,Kurumba Maldives,dining_menu,2026,current,,https://www.nivakurumba.com/wp-content/uploads/2025/11/Thila-1st-Floor-1.pdf
173,Kurumba Maldives,dining_menu,2026,current,,https://www.nivakurumba.com/wp-content/uploads/2025/11/Thila-1st-Floor.pdf
173,Kurumba Maldives,dining_menu,2026,current,,https://www.nivakurumba.com/wp-content/uploads/2026/02/Sounds-of-the-Sea.pdf
173,Kurumba Maldives,dining_menu,2026,current,,https://www.nivakurumba.com/wp-content/uploads/2025/09/Hamakaze-LR-1.pdf
173,Kurumba Maldives,dining_menu,2026,current,,https://www.nivakurumba.com/wp-content/uploads/2025/09/Mahal-LR.pdf
173,Kurumba Maldives,dining_menu,2026,current,,https://www.nivakurumba.com/wp-content/uploads/2025/09/Cafe-Dinner-LR.pdf
173,Kurumba Maldives,dining_menu,2026,current,,https://www.nivakurumba.com/wp-content/uploads/2025/09/Cafe-Lunch-LR.pdf
173,Kurumba Maldives,dining_menu,2026,current,,https://www.nivakurumba.com/wp-content/uploads/2026/01/Al-Qasr-LR-1.pdf
173,Kurumba Maldives,dining_menu,2026,current,,https://www.nivakurumba.com/wp-content/uploads/2026/01/Al-Qasr-LR.pdf
173,Kurumba Maldives,dining_menu,2026,current,,https://www.nivakurumba.com/wp-content/uploads/2025/09/Cafe-Dinner-Menu-LR.pdf
173,Kurumba Maldives,dining_menu,2026,current,,https://www.nivakurumba.com/wp-content/uploads/2025/09/Cafe-Lunch-Menu-LR.pdf
173,Kurumba Maldives,dining_menu,2026,current,Y,https://www.nivakurumba.com/wp-content/uploads/2025/09/Kurumba-beverage-List-LR-1.pdf
173,Kurumba Maldives,dining_menu,2026,current,,https://www.nivakurumba.com/wp-content/uploads/2025/09/Fez-Hookah-Bar-LR.pdf
173,Kurumba Maldives,dining_menu,2026,current,,https://www.nivakurumba.com/wp-content/uploads/2025/09/Khing-Thai-LR.pdf
173,Kurumba Maldives,dining_menu,2026,current,,https://www.nivakurumba.com/wp-content/uploads/2025/09/Mahal-Menu-LR.pdf
173,Kurumba Maldives,dining_menu,2026,current,,https://www.nivakurumba.com/wp-content/uploads/2025/09/Hamakaze-Set-Menu-LR.pdf
173,Kurumba Maldives,dining_menu,2026,current,,https://www.nivakurumba.com/wp-content/uploads/2025/09/Hamakaze-LR.pdf
173,Kurumba Maldives,dining_menu,2026,current,,https://www.nivakurumba.com/wp-content/uploads/2025/09/Hamakaze-Beverage-Menu-LR.pdf
173,Kurumba Maldives,dining_menu,2026,current,,https://www.nivakurumba.com/wp-content/uploads/2025/09/Thila_Dessert-Menu-LR.pdf
173,Kurumba Maldives,dining_menu,2026,current,,https://www.nivakurumba.com/wp-content/uploads/2025/09/Thila-Kids-Menu-LR.pdf
173,Kurumba Maldives,dining_menu,2026,current,,https://www.nivakurumba.com/wp-content/uploads/2025/09/Thila-Dinner-Menu-LR.pdf
173,Kurumba Maldives,dining_menu,2026,current,,https://www.nivakurumba.com/wp-content/uploads/2025/09/Thila-Breakfast-Menu-LR.pdf
173,Kurumba Maldives,dining_menu,2026,current,,https://cdnm.heyzine.com/files/uploaded/v3/80e6e75ac469918bd711fc809b7c5d4c178a15e0-2.pdf
173,Kurumba Maldives,dining_menu,2025,current,,https://www.nivakurumba.com/wp-content/uploads/2026/02/Island-Barbeque-Menu.pdf
173,Kurumba Maldives,dining_menu,2025,current,,https://www.nivakurumba.com/wp-content/uploads/2026/01/KOBE-Menu.pdf
173,Kurumba Maldives,dining_menu,2025,current,,https://www.nivakurumba.com/wp-content/uploads/2026/02/Tandoor-Mahal-Menu-.pdf
173,Kurumba Maldives,dining_menu,2025,current,,https://www.nivakurumba.com/wp-content/uploads/2025/09/La-Belle-Vie-Menu.pdf
173,Kurumba Maldives,dining_menu,2025,current,,https://www.nivakurumba.com/wp-content/uploads/2025/09/Reef-Set-menu.pdf
173,Kurumba Maldives,dining_menu,2025,current,,https://www.nivakurumba.com/wp-content/uploads/2025/09/Reef-Menu.pdf
173,Kurumba Maldives,dining_menu,2025,current,,https://www.nivakurumba.com/wp-content/uploads/2025/09/Inguru-Dinner-Menu.pdf
173,Kurumba Maldives,dining_menu,2025,current,,https://www.nivakurumba.com/wp-content/uploads/2025/09/Inguru-Day-Menu-.pdf
173,Kurumba Maldives,dining_menu,2025,current,,https://www.nivakurumba.com/wp-content/uploads/2025/09/Island-Coffee-Shop-Menu-.pdf
173,Kurumba Maldives,dining_menu,2025,current,,https://www.nivakurumba.com/wp-content/uploads/2025/09/Island-Coffee-Shop-Barista-Coffee-Menu-.pdf
173,Kurumba Maldives,dining_menu,2025,current,,https://www.nivakurumba.com/wp-content/uploads/2025/09/Siam-Garden-Menu.pdf
173,Kurumba Maldives,dining_menu,2025,current,,https://www.nivakurumba.com/wp-content/uploads/2025/09/Palm-Ice-Cream-Menu.pdf
173,Kurumba Maldives,dining_menu,2025,current,,https://www.nivakurumba.com/wp-content/uploads/2025/09/Plam-Dinner-Menu.pdf
173,Kurumba Maldives,dining_menu,2025,current,,https://www.nivakurumba.com/wp-content/uploads/2025/09/Palm-Lunch-Menu.pdf
173,Kurumba Maldives,dive_prices,2026,current,,https://www.nivakurumba.com/wp-content/uploads/2026/09/Excursions-Pricelist-Summer-Promo.pdf
173,Kurumba Maldives,dive_prices,2026,current,,https://www.nivakurumba.com/wp-content/uploads/2026/09/Niva-Kurumba-Dive-English.pdf
173,Kurumba Maldives,dive_prices,2026,current,,https://www.nivakurumba.com/wp-content/uploads/2026/07/Kurumba-Snorkeling-Code-of-Conduct.pdf
173,Kurumba Maldives,dive_prices,2026,current,,https://www.nivakurumba.com/wp-content/uploads/2026/07/Kurumba-Snorkeling-Guide.pdf
173,Kurumba Maldives,dive_prices,2026,current,Y,https://www.nivakurumba.com/wp-content/uploads/2026/03/Watersports-Pricelist-March-17-NIVA-LR.pdf
173,Kurumba Maldives,dive_prices,2026,current,,https://www.nivakurumba.com/wp-content/uploads/2026/03/Excursions-Pricelist-March-01-NIVA-LR.pdf
173,Kurumba Maldives,dive_prices,2026,current,,https://www.nivakurumba.com/wp-content/uploads/2026/03/Watersports-Pricelist-March-01-NIVA.pdf
173,Kurumba Maldives,events,2026,current,,https://www.nivakurumba.com/wp-content/uploads/2026/07/Kurumba-Corporate-Social-Responsibility.pdf
173,Kurumba Maldives,events,2026,current,,https://www.nivakurumba.com/wp-content/uploads/2026/04/Kurumba-Event-Destinations-LR.pdf
173,Kurumba Maldives,events,2026,current,Y,https://www.nivakurumba.com/wp-content/uploads/2025/11/Conference-hall-and-VIP-Lounge.pdf
173,Kurumba Maldives,excursions,2026,current,,https://www.nivakurumba.com/wp-content/uploads/2026/09/Pulse-Flow-Activity-Schedule-Sept-23.pdf
173,Kurumba Maldives,excursions,2026,current,Y,https://www.nivakurumba.com/wp-content/uploads/2026/09/Pulse-Flow-Sept-23-LR.pdf
173,Kurumba Maldives,excursions,2026,current,,https://www.nivakurumba.com/wp-content/uploads/2026/01/NIVA-Kurumba_Kids_Activity_Schedule4-6-LR.pdf
173,Kurumba Maldives,excursions,2026,current,,https://www.nivakurumba.com/wp-content/uploads/2026/01/NIVA-Kurumba_Kids_Activity_Schedule7-12-LR.pdf
173,Kurumba Maldives,factsheet,2026,current,,https://www.nivakurumba.com/wp-content/uploads/2026/03/Niva-Kurumba-Meal-Plan-Factsheet.pdf
173,Kurumba Maldives,factsheet,2026,current,,https://www.nivakurumba.com/wp-content/uploads/2026/03/Niva-Kurumba-Maldives_Fact-Sheet-LR.pdf
173,Kurumba Maldives,factsheet,2026,current,,https://www.nivakurumba.com/wp-content/uploads/2026/03/Kurumba-Meal-Plan-Factsheet-1.pdf
173,Kurumba Maldives,factsheet,2026,current,,https://www.nivakurumba.com/wp-content/uploads/2026/02/Niva-Kurumba-Maldives_Fact-Sheet-LR.pdf
173,Kurumba Maldives,factsheet,2026,current,,https://www.nivakurumba.com/wp-content/uploads/2026/03/Kurumba-Meal-Plan-Factsheet.pdf
173,Kurumba Maldives,factsheet,2026,current,,https://www.nivakurumba.com/wp-content/uploads/2026/02/Niva-Kurumba-Maldives_Fact-Sheet.pdf
173,Kurumba Maldives,factsheet,2026,current,,https://www.nivakurumba.com/wp-content/uploads/2026/02/Kurumba-Meal-Plan-Factsheet.pdf
173,Kurumba Maldives,factsheet,2019,outdated,,https://www.neoscapesmaldives.com/wp-content/uploads/Factsheet-Kurumba-Maldives.pdf
173,Kurumba Maldives,kids,2020,outdated,Y,https://www.nivakurumba.com/wp-content/uploads/2026/07/Kurumba-Child-protection-policy.pdf
173,Kurumba Maldives,map,2026,current,Y,https://www.nivakurumba.com/wp-content/uploads/2026/03/Dining-Plan.pdf
173,Kurumba Maldives,map,2026,current,,https://www.nivakurumba.com/wp-content/uploads/2026/02/Niva-Kuramathi-Resort-Map.pdf
173,Kurumba Maldives,map,2026,current,,https://www.nivakurumba.com/wp-content/uploads/2026/03/NIVA-Kurumba-MapJan2026web.pdf
173,Kurumba Maldives,map,2019,outdated,,https://www.neoscapesmaldives.com/wp-content/uploads/Map-Kurumba-Maldives.pdf
173,Kurumba Maldives,spa_menu,2026,current,,https://www.nivakurumba.com/wp-content/uploads/2026/09/LIMEKurumbaSpaPricelistWEB.pdf
173,Kurumba Maldives,spa_menu,2026,current,Y,https://www.nivakurumba.com/wp-content/uploads/2026/09/LIME-KurumbaSpaMenuWeb.pdf
173,Kurumba Maldives,spa_menu,2026,current,,https://www.nivakurumba.com/wp-content/uploads/2026/09/LIME-MM-KurumbaWEB.pdf
173,Kurumba Maldives,sustainability,2026,current,Y,https://www.nivakurumba.com/wp-content/uploads/2026/07/Kurumba-Key-Employment-Policies.pdf
173,Kurumba Maldives,sustainability,2026,current,,https://www.nivakurumba.com/wp-content/uploads/2026/07/Kurumba-Responsible-Team-Member-Guide.pdf
173,Kurumba Maldives,sustainability,2026,current,,https://www.nivakurumba.com/wp-content/uploads/2026/07/Kurumba-Sunscreen-Recommendation-1.pdf
173,Kurumba Maldives,sustainability,2026,current,,https://www.nivakurumba.com/wp-content/uploads/2026/07/Kurumba-Responsible-Guest-Guide-WEB.pdf
173,Kurumba Maldives,sustainability,2026,current,,https://www.nivakurumba.com/wp-content/uploads/2026/07/Kurumba-Environmental-Policy.pdf
173,Kurumba Maldives,sustainability,2026,current,,https://www.nivakurumba.com/wp-content/uploads/2026/07/Kurumba-Sunscreen-Recommendation.pdf
173,Kurumba Maldives,sustainability,2026,current,,https://www.nivakurumba.com/wp-content/uploads/2026/07/Kurumba-Public-Sustainability-Statement.pdf
173,Kurumba Maldives,sustainability,2026,current,,https://www.nivakurumba.com/wp-content/uploads/2026/01/Turtles-.pdf
173,Kurumba Maldives,villa_plans,2026,current,Y,https://www.nivakurumba.com/wp-content/uploads/2025/11/VIP-Lounge-1-1.pdf
173,Kurumba Maldives,villa_plans,2026,current,,https://www.nivakurumba.com/wp-content/uploads/2025/11/VIP-Lounge-.pdf
173,Kurumba Maldives,wedding,2026,current,Y,https://www.nivakurumba.com/wp-content/uploads/2026/01/ROV.pdf
174,Vilamendhoo Island Resort,all_inclusive,2026,current,Y,https://dra0pipbd8ype.cloudfront.net/2026/05/VilaAllInclusiveDineAroundPackage111526103127Rev050626.pdf
174,Vilamendhoo Island Resort,all_inclusive,2025,current,,https://dra0pipbd8ype.cloudfront.net/2025/07/Hot-Rock-Specials-Vilamendhoo-010725.pdf
174,Vilamendhoo Island Resort,all_inclusive,2024,outdated,,https://dra0pipbd8ype.cloudfront.net/2024/04/World-Health-Day-7-April-packages-Apr24.pdf
174,Vilamendhoo Island Resort,all_inclusive,2024,outdated,,https://dra0pipbd8ype.cloudfront.net/2024/04/World-Health-Day-7-April-Beach-Stretch-Apr24.pdf
174,Vilamendhoo Island Resort,all_inclusive,2024,outdated,,https://dra0pipbd8ype.cloudfront.net/2024/04/Earth-Day-Apr2024.pdf
174,Vilamendhoo Island Resort,all_inclusive,2024,outdated,,https://dra0pipbd8ype.cloudfront.net/2024/02/VLM_Easter_Specials_2024.pdf
174,Vilamendhoo Island Resort,brochure,2024,outdated,Y,https://dra0pipbd8ype.cloudfront.net/2024/12/VILA-VoWs-Presentation-_Rev230424.pdf
174,Vilamendhoo Island Resort,brochure,2024,outdated,,https://dra0pipbd8ype.cloudfront.net/2024/02/VilaMemories-Photography-Flyer-110123.pdf
174,Vilamendhoo Island Resort,brochure,2023,outdated,,https://dra0pipbd8ype.cloudfront.net/2023/01/VILA-VoWs-Presentation-2023.pdf
174,Vilamendhoo Island Resort,calendar,2026,current,Y,https://dra0pipbd8ype.cloudfront.net/2025/06/TransferPolicySeaplaneVilamendhooVer18062025.pdf
174,Vilamendhoo Island Resort,calendar,2025,current,,https://dra0pipbd8ype.cloudfront.net/2024/12/Vilamendhoo-Festive-Season-2024-2025-v2-03122024.pdf
174,Vilamendhoo Island Resort,calendar,2023,outdated,,https://dra0pipbd8ype.cloudfront.net/2023/02/Vila-Valentines-Programme-2023_compressed.pdf
174,Vilamendhoo Island Resort,calendar,2023,outdated,,https://dra0pipbd8ype.cloudfront.net/2023/01/Vila-Valentines-Programme-2023_compressed.pdf
174,Vilamendhoo Island Resort,calendar,2023,outdated,,https://dra0pipbd8ype.cloudfront.net/2022/11/Vila_Festive_Brochure_Ver-2022-2023-compressedx2.pdf
174,Vilamendhoo Island Resort,calendar,2022,outdated,,https://dra0pipbd8ype.cloudfront.net/2021/09/Vilamendhoo-2021-2022-Festive-Program-Sep21.pdf
174,Vilamendhoo Island Resort,calendar,2021,outdated,,https://dra0pipbd8ype.cloudfront.net/2020/12/VIL_FestiveSeason2020-2021_NYMenu_3Nov2020-min.pdf
174,Vilamendhoo Island Resort,destination_dining,2025,current,,https://dra0pipbd8ype.cloudfront.net/2025/07/Vilamendhoo-Full-Moon-Beach-BBQ-Buffet-Menu-010725.pdf
174,Vilamendhoo Island Resort,destination_dining,2025,current,Y,https://dra0pipbd8ype.cloudfront.net/2025/07/Vilamendhoo-Candle-Light-Dinner-Menu-010725.pdf
174,Vilamendhoo Island Resort,destination_dining,2025,current,,https://dra0pipbd8ype.cloudfront.net/2025/07/Vilamendhoo-Private-Beach-BBQ-Menu-010725.pdf
174,Vilamendhoo Island Resort,destination_dining,2025,current,,https://dra0pipbd8ype.cloudfront.net/2025/07/Vilamendhoo-Beach-BBQ-Dinner-Buffet-Menu-010725.pdf
174,Vilamendhoo Island Resort,destination_dining,2025,current,,https://dra0pipbd8ype.cloudfront.net/2025/01/VIL_Easter_Beach-BBQ-Dinner-min.pdf
174,Vilamendhoo Island Resort,destination_dining,2023,outdated,,https://dra0pipbd8ype.cloudfront.net/2023/11/VilaMenuPrivateBeachBBQMenu-compressed.pdf
174,Vilamendhoo Island Resort,dining_menu,2026,current,Y,https://dra0pipbd8ype.cloudfront.net/2026/01/Valentines-info-dinner-menu_2026.pdf
174,Vilamendhoo Island Resort,dining_menu,2025,current,,https://dra0pipbd8ype.cloudfront.net/2025/12/Vila_Wine_Menu_Rev201225WO.pdf
174,Vilamendhoo Island Resort,dining_menu,2025,current,,https://dra0pipbd8ype.cloudfront.net/2025/07/Vilamendhoo-Sunset-Bar-AIP-Beverage-Snack.pdf
174,Vilamendhoo Island Resort,dining_menu,2025,current,,https://dra0pipbd8ype.cloudfront.net/2025/07/Vilamendhoo-Bonthi-Bar-AIP-Beverage-Snack-Menu.pdf
174,Vilamendhoo Island Resort,dining_menu,2025,current,,https://dra0pipbd8ype.cloudfront.net/2025/07/Vilamendhoo-Boashi-Bar-AIP-Beverage-Menu.pdf
174,Vilamendhoo Island Resort,dining_menu,2025,current,,https://dra0pipbd8ype.cloudfront.net/2025/07/Vilamendhoo-Asian-Wok-AIP-Beverage-Menu.pdf
174,Vilamendhoo Island Resort,dining_menu,2025,current,,https://dra0pipbd8ype.cloudfront.net/2025/07/Vilamendhoo-Ahima-AIP-Beverage-Menu.pdf
174,Vilamendhoo Island Resort,dining_menu,2025,current,,https://dra0pipbd8ype.cloudfront.net/2025/07/Vilamendhoo-In-Villa-Dinning-Menu.pdf
174,Vilamendhoo Island Resort,dining_menu,2025,current,,https://dra0pipbd8ype.cloudfront.net/2025/07/Vilamendhoo-Funama-AIP-Beverage-Menu.pdf
174,Vilamendhoo Island Resort,dining_menu,2025,current,,https://dra0pipbd8ype.cloudfront.net/2025/07/Vilamendhoo-In-Villa-Bevereage-Menu-010725.pdf
174,Vilamendhoo Island Resort,dining_menu,2025,current,,https://dra0pipbd8ype.cloudfront.net/2025/07/Vilamendhoo-Bubbles-Lobster-Dinner-Menu-010725.pdf
174,Vilamendhoo Island Resort,dining_menu,2025,current,,https://dra0pipbd8ype.cloudfront.net/2025/07/Vilamendhoo-Seafood-Lovers-Dinner-010725.pdf
174,Vilamendhoo Island Resort,dining_menu,2025,current,,https://dra0pipbd8ype.cloudfront.net/2025/07/Boashi-Bar-Ala-Carte-Beverage-Vilamendhoo.pdf
174,Vilamendhoo Island Resort,dining_menu,2025,current,,https://dra0pipbd8ype.cloudfront.net/2025/07/Sunset-Bar-Ala-Carte-Beverage-Snacks-Vilamendhoo.pdf
174,Vilamendhoo Island Resort,dining_menu,2025,current,,https://dra0pipbd8ype.cloudfront.net/2025/07/Bonthi-Bar-Ala-Carte-Beverage-Snacks-Vilamendhoo.pdf
174,Vilamendhoo Island Resort,dining_menu,2025,current,,https://dra0pipbd8ype.cloudfront.net/2025/07/Hot-Rock-Menu-Vilamendhoo-010725.pdf
174,Vilamendhoo Island Resort,dining_menu,2025,current,,https://dra0pipbd8ype.cloudfront.net/2025/07/Ahima-Ala-Carte-Beverage-Menu-Vilamendhoo.pdf
174,Vilamendhoo Island Resort,dining_menu,2025,current,,https://dra0pipbd8ype.cloudfront.net/2025/07/Funama-Ala-Carte-Beverage-Menu-Vilamendhoo.pdf
174,Vilamendhoo Island Resort,dining_menu,2025,current,,https://dra0pipbd8ype.cloudfront.net/2025/07/Asian-Wok-Ala-Carte-Beverage-Menu-Vilamendhoo.pdf
174,Vilamendhoo Island Resort,dining_menu,2025,current,,https://dra0pipbd8ype.cloudfront.net/2025/07/Asian-Wok-A-La-Carte-Menu-Vilamendhoo.pdf
174,Vilamendhoo Island Resort,dining_menu,2025,current,,https://dra0pipbd8ype.cloudfront.net/2025/01/Vila-Wine-Menu-040125.pdf
174,Vilamendhoo Island Resort,dining_menu,2024,outdated,,https://dra0pipbd8ype.cloudfront.net/2024/11/VilaSnackMenuSunsetBarRev011124.pdf
174,Vilamendhoo Island Resort,dining_menu,2024,outdated,,https://dra0pipbd8ype.cloudfront.net/2024/11/VilaSnackMenuBoashiBarRev011124.pdf
174,Vilamendhoo Island Resort,dining_menu,2024,outdated,,https://dra0pipbd8ype.cloudfront.net/2024/11/VilaSnackMenuBonthiBarRev011124.pdf
174,Vilamendhoo Island Resort,dining_menu,2024,outdated,,https://dra0pipbd8ype.cloudfront.net/2024/08/Rum-Day-Menu-August-2024.pdf
174,Vilamendhoo Island Resort,dining_menu,2024,outdated,,https://dra0pipbd8ype.cloudfront.net/2024/02/VilamendhooBubblesLobsterDinnerRev260224.pdf
174,Vilamendhoo Island Resort,dining_menu,2024,outdated,,https://dra0pipbd8ype.cloudfront.net/2024/01/VilaValentinesDayDinnerMenu-2024-Without-Price-min-1.pdf
174,Vilamendhoo Island Resort,dining_menu,2023,outdated,,https://dra0pipbd8ype.cloudfront.net/2023/12/VilaNewYearsEveGalaMenu2023.pdf
174,Vilamendhoo Island Resort,dining_menu,2023,outdated,,https://dra0pipbd8ype.cloudfront.net/2023/12/VilaChristmasEveGalaMenu2023.pdf
174,Vilamendhoo Island Resort,dining_menu,2023,outdated,,https://dra0pipbd8ype.cloudfront.net/2023/11/VilaMenuBubblesLobsterDinner-compressed.pdf
174,Vilamendhoo Island Resort,dining_menu,2023,outdated,,https://dra0pipbd8ype.cloudfront.net/2023/11/AsianWokSetMenuAIPLunch011123Rev311023_compressed.pdf
174,Vilamendhoo Island Resort,dining_menu,2023,outdated,,https://dra0pipbd8ype.cloudfront.net/2023/11/AsianWokSetMenuAIPDinner011123Rev311023_compressed.pdf
174,Vilamendhoo Island Resort,dining_menu,2023,outdated,,https://dra0pipbd8ype.cloudfront.net/2023/02/VilaValentinesDayDinnerMenu-Rev190123-Price-update_compressed.pdf
174,Vilamendhoo Island Resort,dining_menu,2023,outdated,,https://dra0pipbd8ype.cloudfront.net/2023/01/VilaValentinesDayDinnerMenu-Rev190123-min.pdf
174,Vilamendhoo Island Resort,dining_menu,2023,outdated,,https://dra0pipbd8ype.cloudfront.net/2023/01/20.-Vilamendhoo-Signature-Ice-Cream-Menu-2023.pdf
174,Vilamendhoo Island Resort,dining_menu,2022,outdated,,https://dra0pipbd8ype.cloudfront.net/2024/11/VilaMenu2022everageMenuBoashiBarRev011124.pdf
174,Vilamendhoo Island Resort,dining_menu,2022,outdated,,https://dra0pipbd8ype.cloudfront.net/2023/11/VilaMenu2022Signature-Ice-Cream-Menu010123-NoPrice_compressed.pdf
174,Vilamendhoo Island Resort,dining_menu,2022,outdated,,https://dra0pipbd8ype.cloudfront.net/2022/12/NewYearEveGalaDinnerMenu2022Rev231222_compressed.pdf
174,Vilamendhoo Island Resort,dining_menu,2022,outdated,,https://dra0pipbd8ype.cloudfront.net/2022/11/VilaMenu2022everageMenuBonthiBarRev011122-min.pdf
174,Vilamendhoo Island Resort,dining_menu,2022,outdated,,https://dra0pipbd8ype.cloudfront.net/2022/11/VilaMenu2022BeverageMenuSunsetBarRev011122-Copy-min.pdf
174,Vilamendhoo Island Resort,dining_menu,2022,outdated,,https://dra0pipbd8ype.cloudfront.net/2022/11/VilaMenu2022BeverageMenuAsianWokBarRestaurantRev011122-min.pdf
174,Vilamendhoo Island Resort,dining_menu,2022,outdated,,https://dra0pipbd8ype.cloudfront.net/2022/11/VilaMenu2022BeverageMenuFunamaRestaurantRev011122-min.pdf
174,Vilamendhoo Island Resort,dining_menu,2022,outdated,,https://dra0pipbd8ype.cloudfront.net/2022/11/VilaMenu2022BeverageMenuAhimaRestaurantRev011122-min.pdf
174,Vilamendhoo Island Resort,dining_menu,2022,outdated,,https://dra0pipbd8ype.cloudfront.net/sites/3/2022/02/VilaValentinesDayDinnerMenu-Rev070222.pdf
174,Vilamendhoo Island Resort,dining_menu,2021,outdated,,https://dra0pipbd8ype.cloudfront.net/2021/12/VilaNewYearsEveGalaMenu2021-min.pdf
174,Vilamendhoo Island Resort,dining_menu,2021,outdated,,https://dra0pipbd8ype.cloudfront.net/2021/09/VilaMenu2021-IceCreamMenuBonthiSunsetBarRev010921-min-1.pdf
174,Vilamendhoo Island Resort,dining_menu,2021,outdated,,https://dra0pipbd8ype.cloudfront.net/2021/09/VilaMenu2021-IceCreamMenuBonthiSunsetBarRev010921-min.pdf
174,Vilamendhoo Island Resort,dining_menu,2020,outdated,,https://dra0pipbd8ype.cloudfront.net/sites/3/2020/12/BLDinnerMenu-min.pdf
174,Vilamendhoo Island Resort,dining_menu,2018,outdated,,https://dra0pipbd8ype.cloudfront.net/2023/11/VilaMenu2018BeverageMenuSunsetBarRev011123-compressed.pdf
174,Vilamendhoo Island Resort,dive_map,2026,current,Y,https://dra0pipbd8ype.cloudfront.net/2026/08/VILAMENDHOO-DIVE-SITE-MAP_23AUG2026.pdf
174,Vilamendhoo Island Resort,dive_prices,2026,current,Y,https://dra0pipbd8ype.cloudfront.net/2025/12/Vilamendhoo-Dive-English_JAN26.pdf
174,Vilamendhoo Island Resort,dive_prices,2026,current,,https://dra0pipbd8ype.cloudfront.net/2025/12/Vilamendhoo-Freediving_JAN26.pdf
174,Vilamendhoo Island Resort,dive_prices,2026,current,,https://dra0pipbd8ype.cloudfront.net/2025/12/Vilamendhoo-Water-Sports-Snorkeling_JAN26.pdf
174,Vilamendhoo Island Resort,dive_prices,2026,current,,https://dra0pipbd8ype.cloudfront.net/2025/06/SportsCenterPriceListVilamendhooVer020525.pdf
174,Vilamendhoo Island Resort,dive_prices,2025,current,,https://dra0pipbd8ype.cloudfront.net/2025/07/SnorkelingRentalPriceList260625.pdf
174,Vilamendhoo Island Resort,dive_prices,2025,current,,https://dra0pipbd8ype.cloudfront.net/2025/07/WatersportsPriceList26062025.pdf
174,Vilamendhoo Island Resort,dive_prices,2025,current,,https://dra0pipbd8ype.cloudfront.net/2025/06/VilamendhooDivingPriceListVer110625_English.pdf
174,Vilamendhoo Island Resort,dive_prices,2025,current,,https://dra0pipbd8ype.cloudfront.net/2025/03/2025_VILAMENDHOO_SNK_WS.pdf
174,Vilamendhoo Island Resort,dive_prices,2022,outdated,,https://dra0pipbd8ype.cloudfront.net/2022/11/VILAMENDHOO-DIVE-GERMAN.pdf
174,Vilamendhoo Island Resort,dive_prices,2022,outdated,,https://dra0pipbd8ype.cloudfront.net/2022/11/VILAMENDHOO-DIVE-FRENCH.pdf
174,Vilamendhoo Island Resort,dive_prices,2022,outdated,,https://dra0pipbd8ype.cloudfront.net/2022/08/Diving-price-list-01.11.2022.VILAMENDHOO.pdf
174,Vilamendhoo Island Resort,dive_prices,2022,outdated,,https://dra0pipbd8ype.cloudfront.net/2022/08/Diver_Medical_Participant_Questionnaire_10346_EN_English_2022-02-01.pdf
174,Vilamendhoo Island Resort,dive_prices,2021,outdated,,https://dra0pipbd8ype.cloudfront.net/2021/09/PRICE-LIST-WATER-SPORTS-VILAMENDHOO-NON-MOTORIZED_04012021.pdf
174,Vilamendhoo Island Resort,dive_prices,2021,outdated,,https://dra0pipbd8ype.cloudfront.net/2021/03/SportsCenterPriceListVilamendhoo20202021Rev210321.pdf
174,Vilamendhoo Island Resort,dive_prices,2019,outdated,,http://img.crownandchamparesorts.com/DiveCenterEuroDiversScubaDivingPriceListVilamendhoo.pdf
174,Vilamendhoo Island Resort,dive_prices,2016,outdated,,https://dra0pipbd8ype.cloudfront.net/2019/11/DiveCenterEuroDiversInformationVilamendhoVer052119.pdf
174,Vilamendhoo Island Resort,excursions,2024,outdated,Y,https://dra0pipbd8ype.cloudfront.net/2026/02/ExcursionProgramVilamendhoo110124103125C.pdf
174,Vilamendhoo Island Resort,factsheet,2027,current,Y,https://img.crownandchamparesorts.com/vlm/VilamendhooFactsheet151126103127Rev050626.pdf
174,Vilamendhoo Island Resort,factsheet,2026,current,,https://dra0pipbd8ype.cloudfront.net/2025/06/FactSheetVilamendhooVer260425.pdf
174,Vilamendhoo Island Resort,factsheet,2025,current,,https://sales.crownandchamparesorts.com/wp-content/uploads/2025/12/FactSheetVilamendhoo110125103126Ver260425.pdf
174,Vilamendhoo Island Resort,factsheet,2023,outdated,,https://dra0pipbd8ype.cloudfront.net/2024/01/FactcSheetcVilamendhoo110123103124Rev123023.pdf
174,Vilamendhoo Island Resort,factsheet,2021,outdated,,https://sales.crownandchamparesorts.com/wp-content/uploads/2023/08/FactSheetVilamendhoo110121103122Ver110121.pdf
174,Vilamendhoo Island Resort,factsheet,2020,outdated,,https://sales.crownandchamparesorts.com/wp-content/uploads/2018/10/FactSheetVilamendhoo110120103121Ver092220.pdf
174,Vilamendhoo Island Resort,map,2025,current,Y,https://dra0pipbd8ype.cloudfront.net/2025/04/Vilamendhoo_IslandMapExitSigns-Apr25.pdf
174,Vilamendhoo Island Resort,map,2018,outdated,,https://sales.crownandchamparesorts.com/wp-content/uploads/2019/05/MapVilamendhoo120418ColorEnglish.pdf
174,Vilamendhoo Island Resort,spa_menu,2025,current,Y,https://dra0pipbd8ype.cloudfront.net/2025/06/DuniyeSpaMenuA3VilamendhooVer210425_English.pdf
174,Vilamendhoo Island Resort,spa_menu,2023,outdated,,https://dra0pipbd8ype.cloudfront.net/2023/01/Vilamendhoo-Wellness-Menu-2023.pdf
174,Vilamendhoo Island Resort,sustainability,2024,outdated,,https://dra0pipbd8ype.cloudfront.net/2024/07/Vilamendhoo-Island-Sustainability-Report-2024-min.pdf
174,Vilamendhoo Island Resort,sustainability,2017,outdated,,https://dra0pipbd8ype.cloudfront.net/2023/02/Vilamendhoo_Maldives_Travelife_Sustainability-Report_En_V4.pdf
174,Vilamendhoo Island Resort,sustainability,2017,outdated,,https://dra0pipbd8ype.cloudfront.net/2022/10/Vilamendhoo_Travelife_Sustainability-Report_final.pdf
174,Vilamendhoo Island Resort,sustainability,2017,outdated,,https://dra0pipbd8ype.cloudfront.net/2021/03/Vilamendhoo_Maldives_Travelife_Sustainability-Report_121220_compressed.pdf
174,Vilamendhoo Island Resort,wedding,2026,current,Y,https://dra0pipbd8ype.cloudfront.net/2025/06/HoneymoonGuestInfoRatesVilamendhooVer020525.pdf
174,Vilamendhoo Island Resort,wedding,2023,outdated,,https://dra0pipbd8ype.cloudfront.net/2023/01/Honeymoon-Guest-information-and-Rate-2023.pdf
175,Villa Nautica Paradise Island,all_inclusive,2026,current,Y,https://hotelcms-production.imgix.net/villaresorts.com/wp-content/uploads/2023/09/Local-Package-July-2026.pdf?fm=pdf
177,Royal Island Resort and Spa,all_inclusive,2026,current,Y,https://hotelcms-production.imgix.net/villaresorts.com/wp-content/uploads/2023/09/Local-Package-July-2026.pdf?fm=pdf
176,Villa Park Sun Island,all_inclusive,2026,current,Y,https://hotelcms-production.imgix.net/villaresorts.com/wp-content/uploads/2023/09/Local-Package-July-2026.pdf?fm=pdf
175,Villa Nautica Paradise Island,all_inclusive,2023,outdated,,https://hotelcms-production.imgix.net/villaresorts.com/wp-content/uploads/2023/07/Local-Package-MVR-July23.pdf?fm=pdf
175,Villa Nautica Paradise Island,dining_menu,2026,current,Y,https://link.assetfile.io/cNoz7t9TG2Qj8kkMZMiW3/Villa+Nautica+-+Water+Sports+-+Menu.pdf
175,Villa Nautica Paradise Island,dining_menu,2026,current,,https://link.assetfile.io/2ikXOG8UxA1HqxpGbPIoru/Villa+Nautica+-+Excursions+-+Menu.pdf
175,Villa Nautica Paradise Island,dining_menu,2026,current,,https://hotelcms-production.imgix.net/villaresorts.com/wp-content/uploads/2026/03/Villa-Nautica-Ramadan-Iftar-Menu-2026.pdf?fm=pdf
175,Villa Nautica Paradise Island,dive_prices,2026,current,Y,https://link.assetfile.io/1MFq4VqR8haG2R35ZB9oll/Villa+Nautica+-+Diving+-+Brochure.pdf
175,Villa Nautica Paradise Island,dive_prices,2026,current,,https://d7h9v39iheghu.cloudfront.net/previews/42de57ca-7efe-4d5a-8d86-d9172148eacf/5216c546-b29c-4d9c-ad19-d26e94f95b94/3185507b-edd9-4db5-b8f0-40c5376d2b3a?Policy=eyJTdGF0ZW1lbnQiOiBbeyJSZXNvdXJjZSI6Imh0dHBzOi8vZDdoOXYzOWloZWdodS5jbG91ZGZyb250Lm5ldC9wcmV2aWV3cy80MmRlNTdjYS03ZWZlLTRkNWEtOGQ4Ni1kOTE3MjE0OGVhY2YqIiwiQ29uZGl0aW9uIjp7IkRhdGVMZXNzVGhhbiI6eyJBV1M6RXBvY2hUaW1lIjoxNzkzNjk2OTU2fX19XX0_&Signature=Vzs-zJl8tl5ac3bWITSsHUZQxqBbKumCntqITMi707QlgNawp35AYETVu1lHU6NlchvstDJ4ejGVpVOhrU-oyvcxqwRXcMBCp7gUdjvEIB7VYeYEz4xQfg2V14KAKWS4NIz4SlHdXWdqmlhoi2S0VtUKbJPqjYa95uNR2ltFKIDtBc5oDkrafWTKW4gIvesGI-rVf79HGAyP4qx871btzz2MdWwRRFNK5Od7jBPE25tRZSgCkrdsNMC6h0PaRFrpAUN4WSxvO4b93M2vvjFy-By6Rw27FQAVU3YHu~jhZ0RH0m-gTjcs4SVkM2Dd6IZ8K0g4UkB5mZwvYClMwvtn1Q__&Key-Pair-Id=APKAJXJN6VNR3OLZJXJA
175,Villa Nautica Paradise Island,events,2023,outdated,Y,https://link.assetfile.io/5mM1mCnBIDWvfTyEaE52r7/Villa+Nautica+-+Meetings+and+Events+-+June+2023.pdf
175,Villa Nautica Paradise Island,factsheet,2026,current,Y,https://d7h9v39iheghu.cloudfront.net/previews/42de57ca-7efe-4d5a-8d86-d9172148eacf/34aa3ec0-d630-4957-8cbf-a4261e08f6c2/185648f3-aab7-4610-b45f-077bc50842e3?Policy=eyJTdGF0ZW1lbnQiOiBbeyJSZXNvdXJjZSI6Imh0dHBzOi8vZDdoOXYzOWloZWdodS5jbG91ZGZyb250Lm5ldC9wcmV2aWV3cy80MmRlNTdjYS03ZWZlLTRkNWEtOGQ4Ni1kOTE3MjE0OGVhY2YqIiwiQ29uZGl0aW9uIjp7IkRhdGVMZXNzVGhhbiI6eyJBV1M6RXBvY2hUaW1lIjoxNzkzNjk2OTU2fX19XX0_&Signature=Vzs-zJl8tl5ac3bWITSsHUZQxqBbKumCntqITMi707QlgNawp35AYETVu1lHU6NlchvstDJ4ejGVpVOhrU-oyvcxqwRXcMBCp7gUdjvEIB7VYeYEz4xQfg2V14KAKWS4NIz4SlHdXWdqmlhoi2S0VtUKbJPqjYa95uNR2ltFKIDtBc5oDkrafWTKW4gIvesGI-rVf79HGAyP4qx871btzz2MdWwRRFNK5Od7jBPE25tRZSgCkrdsNMC6h0PaRFrpAUN4WSxvO4b93M2vvjFy-By6Rw27FQAVU3YHu~jhZ0RH0m-gTjcs4SVkM2Dd6IZ8K0g4UkB5mZwvYClMwvtn1Q__&Key-Pair-Id=APKAJXJN6VNR3OLZJXJA
175,Villa Nautica Paradise Island,factsheet,2025,current,,https://www.neoscapesmaldives.com/wp-content/uploads/Villa-Nautica-Factsheet-August.pdf
175,Villa Nautica Paradise Island,kids,2023,outdated,Y,https://hotelcms-production.imgix.net/villaresorts.com/wp-content/uploads/2023/03/Villa-Nautica-Kids-Club-Schedule-March-2023.pdf?fm=pdf
175,Villa Nautica Paradise Island,map,2025,current,Y,https://d7h9v39iheghu.cloudfront.net/previews/42de57ca-7efe-4d5a-8d86-d9172148eacf/e6d03227-4c9a-43e6-a9bd-dc803e131848/4108f745-da8b-44f8-a3e1-23e1ea2d60a7?Policy=eyJTdGF0ZW1lbnQiOiBbeyJSZXNvdXJjZSI6Imh0dHBzOi8vZDdoOXYzOWloZWdodS5jbG91ZGZyb250Lm5ldC9wcmV2aWV3cy80MmRlNTdjYS03ZWZlLTRkNWEtOGQ4Ni1kOTE3MjE0OGVhY2YqIiwiQ29uZGl0aW9uIjp7IkRhdGVMZXNzVGhhbiI6eyJBV1M6RXBvY2hUaW1lIjoxNzkzNjk2OTU2fX19XX0_&Signature=Vzs-zJl8tl5ac3bWITSsHUZQxqBbKumCntqITMi707QlgNawp35AYETVu1lHU6NlchvstDJ4ejGVpVOhrU-oyvcxqwRXcMBCp7gUdjvEIB7VYeYEz4xQfg2V14KAKWS4NIz4SlHdXWdqmlhoi2S0VtUKbJPqjYa95uNR2ltFKIDtBc5oDkrafWTKW4gIvesGI-rVf79HGAyP4qx871btzz2MdWwRRFNK5Od7jBPE25tRZSgCkrdsNMC6h0PaRFrpAUN4WSxvO4b93M2vvjFy-By6Rw27FQAVU3YHu~jhZ0RH0m-gTjcs4SVkM2Dd6IZ8K0g4UkB5mZwvYClMwvtn1Q__&Key-Pair-Id=APKAJXJN6VNR3OLZJXJA
175,Villa Nautica Paradise Island,map,2025,current,,https://maldives.ru/doc/Villa%20Nautica%20-%20Map%20-%20Jan%202025%20V2.pdf
175,Villa Nautica Paradise Island,map,2021,outdated,,https://hotelcms-production.imgix.net/villaresorts.com/wp-content/uploads/2021/09/Paradise-Map.pdf?fm=pdf
175,Villa Nautica Paradise Island,spa_menu,2025,current,Y,https://d7h9v39iheghu.cloudfront.net/previews/42de57ca-7efe-4d5a-8d86-d9172148eacf/a7e296e8-8af7-4179-a5aa-923e7f9b3d35/92318444-613d-4654-97ec-be1d1ad13079?Policy=eyJTdGF0ZW1lbnQiOiBbeyJSZXNvdXJjZSI6Imh0dHBzOi8vZDdoOXYzOWloZWdodS5jbG91ZGZyb250Lm5ldC9wcmV2aWV3cy80MmRlNTdjYS03ZWZlLTRkNWEtOGQ4Ni1kOTE3MjE0OGVhY2YqIiwiQ29uZGl0aW9uIjp7IkRhdGVMZXNzVGhhbiI6eyJBV1M6RXBvY2hUaW1lIjoxNzkzNjk2OTU2fX19XX0_&Signature=Vzs-zJl8tl5ac3bWITSsHUZQxqBbKumCntqITMi707QlgNawp35AYETVu1lHU6NlchvstDJ4ejGVpVOhrU-oyvcxqwRXcMBCp7gUdjvEIB7VYeYEz4xQfg2V14KAKWS4NIz4SlHdXWdqmlhoi2S0VtUKbJPqjYa95uNR2ltFKIDtBc5oDkrafWTKW4gIvesGI-rVf79HGAyP4qx871btzz2MdWwRRFNK5Od7jBPE25tRZSgCkrdsNMC6h0PaRFrpAUN4WSxvO4b93M2vvjFy-By6Rw27FQAVU3YHu~jhZ0RH0m-gTjcs4SVkM2Dd6IZ8K0g4UkB5mZwvYClMwvtn1Q__&Key-Pair-Id=APKAJXJN6VNR3OLZJXJA
175,Villa Nautica Paradise Island,villa_plans,2026,current,,https://d7h9v39iheghu.cloudfront.net/previews/42de57ca-7efe-4d5a-8d86-d9172148eacf/82202872-3174-47aa-9387-5845cffb0803/82202872-3174-47aa-9387-5845cffb0803?Policy=eyJTdGF0ZW1lbnQiOiBbeyJSZXNvdXJjZSI6Imh0dHBzOi8vZDdoOXYzOWloZWdodS5jbG91ZGZyb250Lm5ldC9wcmV2aWV3cy80MmRlNTdjYS03ZWZlLTRkNWEtOGQ4Ni1kOTE3MjE0OGVhY2YqIiwiQ29uZGl0aW9uIjp7IkRhdGVMZXNzVGhhbiI6eyJBV1M6RXBvY2hUaW1lIjoxNzkzNjk2OTU2fX19XX0_&Signature=Vzs-zJl8tl5ac3bWITSsHUZQxqBbKumCntqITMi707QlgNawp35AYETVu1lHU6NlchvstDJ4ejGVpVOhrU-oyvcxqwRXcMBCp7gUdjvEIB7VYeYEz4xQfg2V14KAKWS4NIz4SlHdXWdqmlhoi2S0VtUKbJPqjYa95uNR2ltFKIDtBc5oDkrafWTKW4gIvesGI-rVf79HGAyP4qx871btzz2MdWwRRFNK5Od7jBPE25tRZSgCkrdsNMC6h0PaRFrpAUN4WSxvO4b93M2vvjFy-By6Rw27FQAVU3YHu~jhZ0RH0m-gTjcs4SVkM2Dd6IZ8K0g4UkB5mZwvYClMwvtn1Q__&Key-Pair-Id=APKAJXJN6VNR3OLZJXJA
175,Villa Nautica Paradise Island,villa_plans,2026,current,,https://hotelcms-production.imgix.net/villaresorts.com/wp-content/uploads/2026/02/Iftaar-Villa-Nautica-2026.pdf?fm=pdf
175,Villa Nautica Paradise Island,villa_plans,2026,current,Y,https://hotelcms-production.imgix.net/villaresorts.com/wp-content/uploads/2025/11/Villa-Nautica-Festive-Brochure-2025-2026.pdf?fm=pdf
175,Villa Nautica Paradise Island,villa_plans,2025,current,,https://d7h9v39iheghu.cloudfront.net/previews/42de57ca-7efe-4d5a-8d86-d9172148eacf/5e29fffe-eb6e-4d23-9bcc-88c85ddf3bb4/5e29fffe-eb6e-4d23-9bcc-88c85ddf3bb4?Policy=eyJTdGF0ZW1lbnQiOiBbeyJSZXNvdXJjZSI6Imh0dHBzOi8vZDdoOXYzOWloZWdodS5jbG91ZGZyb250Lm5ldC9wcmV2aWV3cy80MmRlNTdjYS03ZWZlLTRkNWEtOGQ4Ni1kOTE3MjE0OGVhY2YqIiwiQ29uZGl0aW9uIjp7IkRhdGVMZXNzVGhhbiI6eyJBV1M6RXBvY2hUaW1lIjoxNzkzNjk2OTU2fX19XX0_&Signature=Vzs-zJl8tl5ac3bWITSsHUZQxqBbKumCntqITMi707QlgNawp35AYETVu1lHU6NlchvstDJ4ejGVpVOhrU-oyvcxqwRXcMBCp7gUdjvEIB7VYeYEz4xQfg2V14KAKWS4NIz4SlHdXWdqmlhoi2S0VtUKbJPqjYa95uNR2ltFKIDtBc5oDkrafWTKW4gIvesGI-rVf79HGAyP4qx871btzz2MdWwRRFNK5Od7jBPE25tRZSgCkrdsNMC6h0PaRFrpAUN4WSxvO4b93M2vvjFy-By6Rw27FQAVU3YHu~jhZ0RH0m-gTjcs4SVkM2Dd6IZ8K0g4UkB5mZwvYClMwvtn1Q__&Key-Pair-Id=APKAJXJN6VNR3OLZJXJA
175,Villa Nautica Paradise Island,villa_plans,2025,current,,https://d7h9v39iheghu.cloudfront.net/previews/42de57ca-7efe-4d5a-8d86-d9172148eacf/d2539d8d-2dd7-4b25-a78e-3081f9714473/d2539d8d-2dd7-4b25-a78e-3081f9714473?Policy=eyJTdGF0ZW1lbnQiOiBbeyJSZXNvdXJjZSI6Imh0dHBzOi8vZDdoOXYzOWloZWdodS5jbG91ZGZyb250Lm5ldC9wcmV2aWV3cy80MmRlNTdjYS03ZWZlLTRkNWEtOGQ4Ni1kOTE3MjE0OGVhY2YqIiwiQ29uZGl0aW9uIjp7IkRhdGVMZXNzVGhhbiI6eyJBV1M6RXBvY2hUaW1lIjoxNzkzNjk2OTU2fX19XX0_&Signature=Vzs-zJl8tl5ac3bWITSsHUZQxqBbKumCntqITMi707QlgNawp35AYETVu1lHU6NlchvstDJ4ejGVpVOhrU-oyvcxqwRXcMBCp7gUdjvEIB7VYeYEz4xQfg2V14KAKWS4NIz4SlHdXWdqmlhoi2S0VtUKbJPqjYa95uNR2ltFKIDtBc5oDkrafWTKW4gIvesGI-rVf79HGAyP4qx871btzz2MdWwRRFNK5Od7jBPE25tRZSgCkrdsNMC6h0PaRFrpAUN4WSxvO4b93M2vvjFy-By6Rw27FQAVU3YHu~jhZ0RH0m-gTjcs4SVkM2Dd6IZ8K0g4UkB5mZwvYClMwvtn1Q__&Key-Pair-Id=APKAJXJN6VNR3OLZJXJA
175,Villa Nautica Paradise Island,villa_plans,2025,current,,https://d7h9v39iheghu.cloudfront.net/previews/42de57ca-7efe-4d5a-8d86-d9172148eacf/a6aec4a1-7803-4227-8061-1330a05740c9/a6aec4a1-7803-4227-8061-1330a05740c9?Policy=eyJTdGF0ZW1lbnQiOiBbeyJSZXNvdXJjZSI6Imh0dHBzOi8vZDdoOXYzOWloZWdodS5jbG91ZGZyb250Lm5ldC9wcmV2aWV3cy80MmRlNTdjYS03ZWZlLTRkNWEtOGQ4Ni1kOTE3MjE0OGVhY2YqIiwiQ29uZGl0aW9uIjp7IkRhdGVMZXNzVGhhbiI6eyJBV1M6RXBvY2hUaW1lIjoxNzkzNjk2OTU2fX19XX0_&Signature=Vzs-zJl8tl5ac3bWITSsHUZQxqBbKumCntqITMi707QlgNawp35AYETVu1lHU6NlchvstDJ4ejGVpVOhrU-oyvcxqwRXcMBCp7gUdjvEIB7VYeYEz4xQfg2V14KAKWS4NIz4SlHdXWdqmlhoi2S0VtUKbJPqjYa95uNR2ltFKIDtBc5oDkrafWTKW4gIvesGI-rVf79HGAyP4qx871btzz2MdWwRRFNK5Od7jBPE25tRZSgCkrdsNMC6h0PaRFrpAUN4WSxvO4b93M2vvjFy-By6Rw27FQAVU3YHu~jhZ0RH0m-gTjcs4SVkM2Dd6IZ8K0g4UkB5mZwvYClMwvtn1Q__&Key-Pair-Id=APKAJXJN6VNR3OLZJXJA
175,Villa Nautica Paradise Island,villa_plans,2025,current,,https://hotelcms-production.imgix.net/villaresorts.com/wp-content/uploads/2025/11/Villa-Nautica-Festive-Brochure-2025.pdf?fm=pdf
175,Villa Nautica Paradise Island,villa_plans,2025,current,,https://hotelcms-production.imgix.net/villaresorts.com/wp-content/uploads/2025/03/Iftar-2025-Villa-Nautica.pdf?fm=pdf
175,Villa Nautica Paradise Island,villa_plans,2024,outdated,,https://maldives.ru/doc/Extra%20bed%20measurements%20-%20Nautica.pdf
175,Villa Nautica Paradise Island,villa_plans,2024,outdated,,https://hotelcms-production.imgix.net/villaresorts.com/wp-content/uploads/2024/03/Villa-Nautica-Iftar-2024.pdf?fm=pdf
175,Villa Nautica Paradise Island,villa_plans,2023,outdated,,https://d7h9v39iheghu.cloudfront.net/previews/42de57ca-7efe-4d5a-8d86-d9172148eacf/6163dd5d-9f31-4f02-bd72-6ba6f5235e89/6163dd5d-9f31-4f02-bd72-6ba6f5235e89?Policy=eyJTdGF0ZW1lbnQiOiBbeyJSZXNvdXJjZSI6Imh0dHBzOi8vZDdoOXYzOWloZWdodS5jbG91ZGZyb250Lm5ldC9wcmV2aWV3cy80MmRlNTdjYS03ZWZlLTRkNWEtOGQ4Ni1kOTE3MjE0OGVhY2YqIiwiQ29uZGl0aW9uIjp7IkRhdGVMZXNzVGhhbiI6eyJBV1M6RXBvY2hUaW1lIjoxNzkzNjk2OTU2fX19XX0_&Signature=Vzs-zJl8tl5ac3bWITSsHUZQxqBbKumCntqITMi707QlgNawp35AYETVu1lHU6NlchvstDJ4ejGVpVOhrU-oyvcxqwRXcMBCp7gUdjvEIB7VYeYEz4xQfg2V14KAKWS4NIz4SlHdXWdqmlhoi2S0VtUKbJPqjYa95uNR2ltFKIDtBc5oDkrafWTKW4gIvesGI-rVf79HGAyP4qx871btzz2MdWwRRFNK5Od7jBPE25tRZSgCkrdsNMC6h0PaRFrpAUN4WSxvO4b93M2vvjFy-By6Rw27FQAVU3YHu~jhZ0RH0m-gTjcs4SVkM2Dd6IZ8K0g4UkB5mZwvYClMwvtn1Q__&Key-Pair-Id=APKAJXJN6VNR3OLZJXJA
175,Villa Nautica Paradise Island,villa_plans,2023,outdated,,https://letsgomaldives.com/wp-content/uploads/2013/03/Villa-Nautica-Style-Guides.pdf
175,Villa Nautica Paradise Island,villa_plans,2023,outdated,,https://maldives.ru/doc/villa-nautica.pdf
175,Villa Nautica Paradise Island,villa_plans,2023,outdated,,https://hotelcms-production.imgix.net/villaresorts.com/wp-content/uploads/2023/06/Villa-Resorts-Local-and-Expat-Offer-1.pdf?fm=pdf
175,Villa Nautica Paradise Island,villa_plans,2022,outdated,,https://d7h9v39iheghu.cloudfront.net/previews/42de57ca-7efe-4d5a-8d86-d9172148eacf/43991b48-a1e0-4e4e-89ce-c4548bea0cab/f7127814-0618-4e81-8e26-0cff5ad03462?Policy=eyJTdGF0ZW1lbnQiOiBbeyJSZXNvdXJjZSI6Imh0dHBzOi8vZDdoOXYzOWloZWdodS5jbG91ZGZyb250Lm5ldC9wcmV2aWV3cy80MmRlNTdjYS03ZWZlLTRkNWEtOGQ4Ni1kOTE3MjE0OGVhY2YqIiwiQ29uZGl0aW9uIjp7IkRhdGVMZXNzVGhhbiI6eyJBV1M6RXBvY2hUaW1lIjoxNzkzNjk2OTU2fX19XX0_&Signature=Vzs-zJl8tl5ac3bWITSsHUZQxqBbKumCntqITMi707QlgNawp35AYETVu1lHU6NlchvstDJ4ejGVpVOhrU-oyvcxqwRXcMBCp7gUdjvEIB7VYeYEz4xQfg2V14KAKWS4NIz4SlHdXWdqmlhoi2S0VtUKbJPqjYa95uNR2ltFKIDtBc5oDkrafWTKW4gIvesGI-rVf79HGAyP4qx871btzz2MdWwRRFNK5Od7jBPE25tRZSgCkrdsNMC6h0PaRFrpAUN4WSxvO4b93M2vvjFy-By6Rw27FQAVU3YHu~jhZ0RH0m-gTjcs4SVkM2Dd6IZ8K0g4UkB5mZwvYClMwvtn1Q__&Key-Pair-Id=APKAJXJN6VNR3OLZJXJA
177,Royal Island Resort and Spa,villa_plans,2022,outdated,,https://d7h9v39iheghu.cloudfront.net/previews/42de57ca-7efe-4d5a-8d86-d9172148eacf/43991b48-a1e0-4e4e-89ce-c4548bea0cab/f7127814-0618-4e81-8e26-0cff5ad03462?Policy=eyJTdGF0ZW1lbnQiOiBbeyJSZXNvdXJjZSI6Imh0dHBzOi8vZDdoOXYzOWloZWdodS5jbG91ZGZyb250Lm5ldC9wcmV2aWV3cy80MmRlNTdjYS03ZWZlLTRkNWEtOGQ4Ni1kOTE3MjE0OGVhY2YqIiwiQ29uZGl0aW9uIjp7IkRhdGVMZXNzVGhhbiI6eyJBV1M6RXBvY2hUaW1lIjoxNzkzNjk2OTU2fX19XX0_&Signature=Vzs-zJl8tl5ac3bWITSsHUZQxqBbKumCntqITMi707QlgNawp35AYETVu1lHU6NlchvstDJ4ejGVpVOhrU-oyvcxqwRXcMBCp7gUdjvEIB7VYeYEz4xQfg2V14KAKWS4NIz4SlHdXWdqmlhoi2S0VtUKbJPqjYa95uNR2ltFKIDtBc5oDkrafWTKW4gIvesGI-rVf79HGAyP4qx871btzz2MdWwRRFNK5Od7jBPE25tRZSgCkrdsNMC6h0PaRFrpAUN4WSxvO4b93M2vvjFy-By6Rw27FQAVU3YHu~jhZ0RH0m-gTjcs4SVkM2Dd6IZ8K0g4UkB5mZwvYClMwvtn1Q__&Key-Pair-Id=APKAJXJN6VNR3OLZJXJA
175,Villa Nautica Paradise Island,wedding,2023,outdated,Y,https://link.assetfile.io/7BzPFO2yqv4Xg3GX5igc4B/Villa+Nautica+-+Weddings+-+Menu.pdf
176,Villa Park Sun Island,dining_menu,2026,current,,https://d7h9v39iheghu.cloudfront.net/previews/42de57ca-7efe-4d5a-8d86-d9172148eacf/d1021194-3403-4b91-853f-3cbae18cb2c8/71f0375e-cc49-44fb-ad01-94e29535775a?Policy=eyJTdGF0ZW1lbnQiOiBbeyJSZXNvdXJjZSI6Imh0dHBzOi8vZDdoOXYzOWloZWdodS5jbG91ZGZyb250Lm5ldC9wcmV2aWV3cy80MmRlNTdjYS03ZWZlLTRkNWEtOGQ4Ni1kOTE3MjE0OGVhY2YqIiwiQ29uZGl0aW9uIjp7IkRhdGVMZXNzVGhhbiI6eyJBV1M6RXBvY2hUaW1lIjoxNzkzNjk2OTU2fX19XX0_&Signature=Vzs-zJl8tl5ac3bWITSsHUZQxqBbKumCntqITMi707QlgNawp35AYETVu1lHU6NlchvstDJ4ejGVpVOhrU-oyvcxqwRXcMBCp7gUdjvEIB7VYeYEz4xQfg2V14KAKWS4NIz4SlHdXWdqmlhoi2S0VtUKbJPqjYa95uNR2ltFKIDtBc5oDkrafWTKW4gIvesGI-rVf79HGAyP4qx871btzz2MdWwRRFNK5Od7jBPE25tRZSgCkrdsNMC6h0PaRFrpAUN4WSxvO4b93M2vvjFy-By6Rw27FQAVU3YHu~jhZ0RH0m-gTjcs4SVkM2Dd6IZ8K0g4UkB5mZwvYClMwvtn1Q__&Key-Pair-Id=APKAJXJN6VNR3OLZJXJA
176,Villa Park Sun Island,dining_menu,2026,current,Y,https://d7h9v39iheghu.cloudfront.net/previews/42de57ca-7efe-4d5a-8d86-d9172148eacf/305b04ad-1ef7-4302-8464-8a0d15f30052/9ecdfc4c-cbb0-4b33-ae2b-a702320a3a50?Policy=eyJTdGF0ZW1lbnQiOiBbeyJSZXNvdXJjZSI6Imh0dHBzOi8vZDdoOXYzOWloZWdodS5jbG91ZGZyb250Lm5ldC9wcmV2aWV3cy80MmRlNTdjYS03ZWZlLTRkNWEtOGQ4Ni1kOTE3MjE0OGVhY2YqIiwiQ29uZGl0aW9uIjp7IkRhdGVMZXNzVGhhbiI6eyJBV1M6RXBvY2hUaW1lIjoxNzkzNjk2OTU2fX19XX0_&Signature=Vzs-zJl8tl5ac3bWITSsHUZQxqBbKumCntqITMi707QlgNawp35AYETVu1lHU6NlchvstDJ4ejGVpVOhrU-oyvcxqwRXcMBCp7gUdjvEIB7VYeYEz4xQfg2V14KAKWS4NIz4SlHdXWdqmlhoi2S0VtUKbJPqjYa95uNR2ltFKIDtBc5oDkrafWTKW4gIvesGI-rVf79HGAyP4qx871btzz2MdWwRRFNK5Od7jBPE25tRZSgCkrdsNMC6h0PaRFrpAUN4WSxvO4b93M2vvjFy-By6Rw27FQAVU3YHu~jhZ0RH0m-gTjcs4SVkM2Dd6IZ8K0g4UkB5mZwvYClMwvtn1Q__&Key-Pair-Id=APKAJXJN6VNR3OLZJXJA
176,Villa Park Sun Island,dive_prices,2026,current,Y,https://link.assetfile.io/4miHZXDkN37q1dqlAvAxvK/Villa+Park+-+Diving+-+Brochure.pdf
176,Villa Park Sun Island,dive_prices,2026,current,,https://d7h9v39iheghu.cloudfront.net/previews/42de57ca-7efe-4d5a-8d86-d9172148eacf/e4eb2f33-4512-418f-8b41-2edb8deba019/fcde18a7-8c10-4b8c-8d5b-7b5be1ad1edb?Policy=eyJTdGF0ZW1lbnQiOiBbeyJSZXNvdXJjZSI6Imh0dHBzOi8vZDdoOXYzOWloZWdodS5jbG91ZGZyb250Lm5ldC9wcmV2aWV3cy80MmRlNTdjYS03ZWZlLTRkNWEtOGQ4Ni1kOTE3MjE0OGVhY2YqIiwiQ29uZGl0aW9uIjp7IkRhdGVMZXNzVGhhbiI6eyJBV1M6RXBvY2hUaW1lIjoxNzkzNjk2OTU2fX19XX0_&Signature=Vzs-zJl8tl5ac3bWITSsHUZQxqBbKumCntqITMi707QlgNawp35AYETVu1lHU6NlchvstDJ4ejGVpVOhrU-oyvcxqwRXcMBCp7gUdjvEIB7VYeYEz4xQfg2V14KAKWS4NIz4SlHdXWdqmlhoi2S0VtUKbJPqjYa95uNR2ltFKIDtBc5oDkrafWTKW4gIvesGI-rVf79HGAyP4qx871btzz2MdWwRRFNK5Od7jBPE25tRZSgCkrdsNMC6h0PaRFrpAUN4WSxvO4b93M2vvjFy-By6Rw27FQAVU3YHu~jhZ0RH0m-gTjcs4SVkM2Dd6IZ8K0g4UkB5mZwvYClMwvtn1Q__&Key-Pair-Id=APKAJXJN6VNR3OLZJXJA
176,Villa Park Sun Island,events,2021,outdated,Y,https://link.assetfile.io/3VHQAkKs9LVEglOEYEH45Y/Villa+Park+-+MICE.pdf
176,Villa Park Sun Island,factsheet,2026,current,,https://d7h9v39iheghu.cloudfront.net/previews/42de57ca-7efe-4d5a-8d86-d9172148eacf/4b07ad05-4828-45fe-b46a-d9be54b62815/e6330e30-69f0-4008-aa32-956dc54f4bb2?Policy=eyJTdGF0ZW1lbnQiOiBbeyJSZXNvdXJjZSI6Imh0dHBzOi8vZDdoOXYzOWloZWdodS5jbG91ZGZyb250Lm5ldC9wcmV2aWV3cy80MmRlNTdjYS03ZWZlLTRkNWEtOGQ4Ni1kOTE3MjE0OGVhY2YqIiwiQ29uZGl0aW9uIjp7IkRhdGVMZXNzVGhhbiI6eyJBV1M6RXBvY2hUaW1lIjoxNzkzNjk2OTU2fX19XX0_&Signature=Vzs-zJl8tl5ac3bWITSsHUZQxqBbKumCntqITMi707QlgNawp35AYETVu1lHU6NlchvstDJ4ejGVpVOhrU-oyvcxqwRXcMBCp7gUdjvEIB7VYeYEz4xQfg2V14KAKWS4NIz4SlHdXWdqmlhoi2S0VtUKbJPqjYa95uNR2ltFKIDtBc5oDkrafWTKW4gIvesGI-rVf79HGAyP4qx871btzz2MdWwRRFNK5Od7jBPE25tRZSgCkrdsNMC6h0PaRFrpAUN4WSxvO4b93M2vvjFy-By6Rw27FQAVU3YHu~jhZ0RH0m-gTjcs4SVkM2Dd6IZ8K0g4UkB5mZwvYClMwvtn1Q__&Key-Pair-Id=APKAJXJN6VNR3OLZJXJA
176,Villa Park Sun Island,map,2026,current,Y,https://link.assetfile.io/5KSHnIZ1cX4VOIeQ93aPFi/Villa+Park+-+Map.pdf
176,Villa Park Sun Island,map,2021,outdated,,https://hotelcms-production.imgix.net/villaresorts.com/wp-content/uploads/2021/09/Sun-Island-Map-Updated-2021.pdf?fm=pdf
176,Villa Park Sun Island,villa_plans,2026,current,,https://d7h9v39iheghu.cloudfront.net/previews/42de57ca-7efe-4d5a-8d86-d9172148eacf/6297caa8-1b3f-47d2-8716-9ab0dfc93d1a/6297caa8-1b3f-47d2-8716-9ab0dfc93d1a?Policy=eyJTdGF0ZW1lbnQiOiBbeyJSZXNvdXJjZSI6Imh0dHBzOi8vZDdoOXYzOWloZWdodS5jbG91ZGZyb250Lm5ldC9wcmV2aWV3cy80MmRlNTdjYS03ZWZlLTRkNWEtOGQ4Ni1kOTE3MjE0OGVhY2YqIiwiQ29uZGl0aW9uIjp7IkRhdGVMZXNzVGhhbiI6eyJBV1M6RXBvY2hUaW1lIjoxNzkzNjk2OTU2fX19XX0_&Signature=Vzs-zJl8tl5ac3bWITSsHUZQxqBbKumCntqITMi707QlgNawp35AYETVu1lHU6NlchvstDJ4ejGVpVOhrU-oyvcxqwRXcMBCp7gUdjvEIB7VYeYEz4xQfg2V14KAKWS4NIz4SlHdXWdqmlhoi2S0VtUKbJPqjYa95uNR2ltFKIDtBc5oDkrafWTKW4gIvesGI-rVf79HGAyP4qx871btzz2MdWwRRFNK5Od7jBPE25tRZSgCkrdsNMC6h0PaRFrpAUN4WSxvO4b93M2vvjFy-By6Rw27FQAVU3YHu~jhZ0RH0m-gTjcs4SVkM2Dd6IZ8K0g4UkB5mZwvYClMwvtn1Q__&Key-Pair-Id=APKAJXJN6VNR3OLZJXJA
176,Villa Park Sun Island,villa_plans,2026,current,Y,https://hotelcms-production.imgix.net/villaresorts.com/wp-content/uploads/2025/11/Villa-Park-Festive-Brochure-1.pdf?fm=pdf
176,Villa Park Sun Island,villa_plans,2025,current,,https://d7h9v39iheghu.cloudfront.net/previews/42de57ca-7efe-4d5a-8d86-d9172148eacf/5778c899-f4ac-4b87-8e82-09d058c376c8/5778c899-f4ac-4b87-8e82-09d058c376c8?Policy=eyJTdGF0ZW1lbnQiOiBbeyJSZXNvdXJjZSI6Imh0dHBzOi8vZDdoOXYzOWloZWdodS5jbG91ZGZyb250Lm5ldC9wcmV2aWV3cy80MmRlNTdjYS03ZWZlLTRkNWEtOGQ4Ni1kOTE3MjE0OGVhY2YqIiwiQ29uZGl0aW9uIjp7IkRhdGVMZXNzVGhhbiI6eyJBV1M6RXBvY2hUaW1lIjoxNzkzNjk2OTU2fX19XX0_&Signature=Vzs-zJl8tl5ac3bWITSsHUZQxqBbKumCntqITMi707QlgNawp35AYETVu1lHU6NlchvstDJ4ejGVpVOhrU-oyvcxqwRXcMBCp7gUdjvEIB7VYeYEz4xQfg2V14KAKWS4NIz4SlHdXWdqmlhoi2S0VtUKbJPqjYa95uNR2ltFKIDtBc5oDkrafWTKW4gIvesGI-rVf79HGAyP4qx871btzz2MdWwRRFNK5Od7jBPE25tRZSgCkrdsNMC6h0PaRFrpAUN4WSxvO4b93M2vvjFy-By6Rw27FQAVU3YHu~jhZ0RH0m-gTjcs4SVkM2Dd6IZ8K0g4UkB5mZwvYClMwvtn1Q__&Key-Pair-Id=APKAJXJN6VNR3OLZJXJA
176,Villa Park Sun Island,villa_plans,2025,current,,https://d7h9v39iheghu.cloudfront.net/previews/42de57ca-7efe-4d5a-8d86-d9172148eacf/22f2cece-5e21-4db3-ae5b-655ad6350f1c/1e628874-c223-4a1c-9271-df2d3cc3e416?Policy=eyJTdGF0ZW1lbnQiOiBbeyJSZXNvdXJjZSI6Imh0dHBzOi8vZDdoOXYzOWloZWdodS5jbG91ZGZyb250Lm5ldC9wcmV2aWV3cy80MmRlNTdjYS03ZWZlLTRkNWEtOGQ4Ni1kOTE3MjE0OGVhY2YqIiwiQ29uZGl0aW9uIjp7IkRhdGVMZXNzVGhhbiI6eyJBV1M6RXBvY2hUaW1lIjoxNzkzNjk2OTU2fX19XX0_&Signature=Vzs-zJl8tl5ac3bWITSsHUZQxqBbKumCntqITMi707QlgNawp35AYETVu1lHU6NlchvstDJ4ejGVpVOhrU-oyvcxqwRXcMBCp7gUdjvEIB7VYeYEz4xQfg2V14KAKWS4NIz4SlHdXWdqmlhoi2S0VtUKbJPqjYa95uNR2ltFKIDtBc5oDkrafWTKW4gIvesGI-rVf79HGAyP4qx871btzz2MdWwRRFNK5Od7jBPE25tRZSgCkrdsNMC6h0PaRFrpAUN4WSxvO4b93M2vvjFy-By6Rw27FQAVU3YHu~jhZ0RH0m-gTjcs4SVkM2Dd6IZ8K0g4UkB5mZwvYClMwvtn1Q__&Key-Pair-Id=APKAJXJN6VNR3OLZJXJA
176,Villa Park Sun Island,villa_plans,2024,outdated,,https://d7h9v39iheghu.cloudfront.net/previews/42de57ca-7efe-4d5a-8d86-d9172148eacf/d42879d3-d119-4df8-a926-14dac8b45199/bb6f64af-6725-497e-aa5e-40e799cdaeb4?Policy=eyJTdGF0ZW1lbnQiOiBbeyJSZXNvdXJjZSI6Imh0dHBzOi8vZDdoOXYzOWloZWdodS5jbG91ZGZyb250Lm5ldC9wcmV2aWV3cy80MmRlNTdjYS03ZWZlLTRkNWEtOGQ4Ni1kOTE3MjE0OGVhY2YqIiwiQ29uZGl0aW9uIjp7IkRhdGVMZXNzVGhhbiI6eyJBV1M6RXBvY2hUaW1lIjoxNzkzNjk2OTU2fX19XX0_&Signature=Vzs-zJl8tl5ac3bWITSsHUZQxqBbKumCntqITMi707QlgNawp35AYETVu1lHU6NlchvstDJ4ejGVpVOhrU-oyvcxqwRXcMBCp7gUdjvEIB7VYeYEz4xQfg2V14KAKWS4NIz4SlHdXWdqmlhoi2S0VtUKbJPqjYa95uNR2ltFKIDtBc5oDkrafWTKW4gIvesGI-rVf79HGAyP4qx871btzz2MdWwRRFNK5Od7jBPE25tRZSgCkrdsNMC6h0PaRFrpAUN4WSxvO4b93M2vvjFy-By6Rw27FQAVU3YHu~jhZ0RH0m-gTjcs4SVkM2Dd6IZ8K0g4UkB5mZwvYClMwvtn1Q__&Key-Pair-Id=APKAJXJN6VNR3OLZJXJA
176,Villa Park Sun Island,villa_plans,2023,outdated,,https://d7h9v39iheghu.cloudfront.net/previews/42de57ca-7efe-4d5a-8d86-d9172148eacf/80e617c9-cbe4-4cbc-8a21-67427bdc56ba/80e617c9-cbe4-4cbc-8a21-67427bdc56ba?Policy=eyJTdGF0ZW1lbnQiOiBbeyJSZXNvdXJjZSI6Imh0dHBzOi8vZDdoOXYzOWloZWdodS5jbG91ZGZyb250Lm5ldC9wcmV2aWV3cy80MmRlNTdjYS03ZWZlLTRkNWEtOGQ4Ni1kOTE3MjE0OGVhY2YqIiwiQ29uZGl0aW9uIjp7IkRhdGVMZXNzVGhhbiI6eyJBV1M6RXBvY2hUaW1lIjoxNzkzNjk2OTU2fX19XX0_&Signature=Vzs-zJl8tl5ac3bWITSsHUZQxqBbKumCntqITMi707QlgNawp35AYETVu1lHU6NlchvstDJ4ejGVpVOhrU-oyvcxqwRXcMBCp7gUdjvEIB7VYeYEz4xQfg2V14KAKWS4NIz4SlHdXWdqmlhoi2S0VtUKbJPqjYa95uNR2ltFKIDtBc5oDkrafWTKW4gIvesGI-rVf79HGAyP4qx871btzz2MdWwRRFNK5Od7jBPE25tRZSgCkrdsNMC6h0PaRFrpAUN4WSxvO4b93M2vvjFy-By6Rw27FQAVU3YHu~jhZ0RH0m-gTjcs4SVkM2Dd6IZ8K0g4UkB5mZwvYClMwvtn1Q__&Key-Pair-Id=APKAJXJN6VNR3OLZJXJA
177,Royal Island Resort and Spa,all_inclusive,2026,current,,https://d7h9v39iheghu.cloudfront.net/previews/42de57ca-7efe-4d5a-8d86-d9172148eacf/3dfb8f70-756c-496f-8e58-6474a1ae2e94/3dfb8f70-756c-496f-8e58-6474a1ae2e94?Policy=eyJTdGF0ZW1lbnQiOiBbeyJSZXNvdXJjZSI6Imh0dHBzOi8vZDdoOXYzOWloZWdodS5jbG91ZGZyb250Lm5ldC9wcmV2aWV3cy80MmRlNTdjYS03ZWZlLTRkNWEtOGQ4Ni1kOTE3MjE0OGVhY2YqIiwiQ29uZGl0aW9uIjp7IkRhdGVMZXNzVGhhbiI6eyJBV1M6RXBvY2hUaW1lIjoxNzkzNjk2OTU2fX19XX0_&Signature=Vzs-zJl8tl5ac3bWITSsHUZQxqBbKumCntqITMi707QlgNawp35AYETVu1lHU6NlchvstDJ4ejGVpVOhrU-oyvcxqwRXcMBCp7gUdjvEIB7VYeYEz4xQfg2V14KAKWS4NIz4SlHdXWdqmlhoi2S0VtUKbJPqjYa95uNR2ltFKIDtBc5oDkrafWTKW4gIvesGI-rVf79HGAyP4qx871btzz2MdWwRRFNK5Od7jBPE25tRZSgCkrdsNMC6h0PaRFrpAUN4WSxvO4b93M2vvjFy-By6Rw27FQAVU3YHu~jhZ0RH0m-gTjcs4SVkM2Dd6IZ8K0g4UkB5mZwvYClMwvtn1Q__&Key-Pair-Id=APKAJXJN6VNR3OLZJXJA
177,Royal Island Resort and Spa,all_inclusive,2023,outdated,,https://hotelcms-production.imgix.net/villaresorts.com/wp-content/uploads/2023/10/Premium-AI-Inclusions.pdf?fm=pdf
177,Royal Island Resort and Spa,calendar,2026,current,Y,https://hotelcms-production.imgix.net/villaresorts.com/wp-content/uploads/2025/12/Royal-Island-Resort-Festive-Brochure-2025-2026.pdf?fm=pdf
177,Royal Island Resort and Spa,calendar,2026,current,,https://hotelcms-production.imgix.net/villaresorts.com/wp-content/uploads/2025/12/Royal-Island-Festive-Brochure-2025-2026-1.pdf?fm=pdf
177,Royal Island Resort and Spa,calendar,2026,current,,https://hotelcms-production.imgix.net/villaresorts.com/wp-content/uploads/2025/11/Royal-Island-Festive-Brochure-2025-2026.pdf?fm=pdf
177,Royal Island Resort and Spa,dining_menu,2026,current,Y,https://link.assetfile.io/64GqVO2NbpiYbO0QudyaN3/Royal+Island+-+Excursions+-+Menu.pdf
177,Royal Island Resort and Spa,dive_prices,2026,current,Y,https://link.assetfile.io/4rxr0CUXGWIzxHbhFjrnvp/Royal+Island+-+Diving+-+Brochure.pdf
177,Royal Island Resort and Spa,dive_prices,2026,current,,https://d7h9v39iheghu.cloudfront.net/previews/42de57ca-7efe-4d5a-8d86-d9172148eacf/647a85c7-4d24-4339-9c35-7ec09264a760/7bfc88e6-ef4b-4297-81ca-9e3da51ac132?Policy=eyJTdGF0ZW1lbnQiOiBbeyJSZXNvdXJjZSI6Imh0dHBzOi8vZDdoOXYzOWloZWdodS5jbG91ZGZyb250Lm5ldC9wcmV2aWV3cy80MmRlNTdjYS03ZWZlLTRkNWEtOGQ4Ni1kOTE3MjE0OGVhY2YqIiwiQ29uZGl0aW9uIjp7IkRhdGVMZXNzVGhhbiI6eyJBV1M6RXBvY2hUaW1lIjoxNzkzNjk2OTU2fX19XX0_&Signature=Vzs-zJl8tl5ac3bWITSsHUZQxqBbKumCntqITMi707QlgNawp35AYETVu1lHU6NlchvstDJ4ejGVpVOhrU-oyvcxqwRXcMBCp7gUdjvEIB7VYeYEz4xQfg2V14KAKWS4NIz4SlHdXWdqmlhoi2S0VtUKbJPqjYa95uNR2ltFKIDtBc5oDkrafWTKW4gIvesGI-rVf79HGAyP4qx871btzz2MdWwRRFNK5Od7jBPE25tRZSgCkrdsNMC6h0PaRFrpAUN4WSxvO4b93M2vvjFy-By6Rw27FQAVU3YHu~jhZ0RH0m-gTjcs4SVkM2Dd6IZ8K0g4UkB5mZwvYClMwvtn1Q__&Key-Pair-Id=APKAJXJN6VNR3OLZJXJA
177,Royal Island Resort and Spa,factsheet,2026,current,Y,https://d7h9v39iheghu.cloudfront.net/previews/42de57ca-7efe-4d5a-8d86-d9172148eacf/20af4d23-8283-4d93-8324-afc58428a875/8ef05306-025c-4c59-ade0-6c4b5eac4b00?Policy=eyJTdGF0ZW1lbnQiOiBbeyJSZXNvdXJjZSI6Imh0dHBzOi8vZDdoOXYzOWloZWdodS5jbG91ZGZyb250Lm5ldC9wcmV2aWV3cy80MmRlNTdjYS03ZWZlLTRkNWEtOGQ4Ni1kOTE3MjE0OGVhY2YqIiwiQ29uZGl0aW9uIjp7IkRhdGVMZXNzVGhhbiI6eyJBV1M6RXBvY2hUaW1lIjoxNzkzNjk2OTU2fX19XX0_&Signature=Vzs-zJl8tl5ac3bWITSsHUZQxqBbKumCntqITMi707QlgNawp35AYETVu1lHU6NlchvstDJ4ejGVpVOhrU-oyvcxqwRXcMBCp7gUdjvEIB7VYeYEz4xQfg2V14KAKWS4NIz4SlHdXWdqmlhoi2S0VtUKbJPqjYa95uNR2ltFKIDtBc5oDkrafWTKW4gIvesGI-rVf79HGAyP4qx871btzz2MdWwRRFNK5Od7jBPE25tRZSgCkrdsNMC6h0PaRFrpAUN4WSxvO4b93M2vvjFy-By6Rw27FQAVU3YHu~jhZ0RH0m-gTjcs4SVkM2Dd6IZ8K0g4UkB5mZwvYClMwvtn1Q__&Key-Pair-Id=APKAJXJN6VNR3OLZJXJA
177,Royal Island Resort and Spa,kids,2026,current,Y,https://d7h9v39iheghu.cloudfront.net/previews/42de57ca-7efe-4d5a-8d86-d9172148eacf/2750f2b1-b4f8-42b1-9f8b-06915c9113be/4fbf86f3-c152-4ac4-b50f-12e801e53ed3?Policy=eyJTdGF0ZW1lbnQiOiBbeyJSZXNvdXJjZSI6Imh0dHBzOi8vZDdoOXYzOWloZWdodS5jbG91ZGZyb250Lm5ldC9wcmV2aWV3cy80MmRlNTdjYS03ZWZlLTRkNWEtOGQ4Ni1kOTE3MjE0OGVhY2YqIiwiQ29uZGl0aW9uIjp7IkRhdGVMZXNzVGhhbiI6eyJBV1M6RXBvY2hUaW1lIjoxNzkzNjk2OTU2fX19XX0_&Signature=Vzs-zJl8tl5ac3bWITSsHUZQxqBbKumCntqITMi707QlgNawp35AYETVu1lHU6NlchvstDJ4ejGVpVOhrU-oyvcxqwRXcMBCp7gUdjvEIB7VYeYEz4xQfg2V14KAKWS4NIz4SlHdXWdqmlhoi2S0VtUKbJPqjYa95uNR2ltFKIDtBc5oDkrafWTKW4gIvesGI-rVf79HGAyP4qx871btzz2MdWwRRFNK5Od7jBPE25tRZSgCkrdsNMC6h0PaRFrpAUN4WSxvO4b93M2vvjFy-By6Rw27FQAVU3YHu~jhZ0RH0m-gTjcs4SVkM2Dd6IZ8K0g4UkB5mZwvYClMwvtn1Q__&Key-Pair-Id=APKAJXJN6VNR3OLZJXJA
177,Royal Island Resort and Spa,map,2025,current,Y,https://d7h9v39iheghu.cloudfront.net/previews/42de57ca-7efe-4d5a-8d86-d9172148eacf/67de3d1c-28dd-4a7a-8849-d9b78f3e629d/49d97856-2f66-4ae4-93d6-d6980f5a7154?Policy=eyJTdGF0ZW1lbnQiOiBbeyJSZXNvdXJjZSI6Imh0dHBzOi8vZDdoOXYzOWloZWdodS5jbG91ZGZyb250Lm5ldC9wcmV2aWV3cy80MmRlNTdjYS03ZWZlLTRkNWEtOGQ4Ni1kOTE3MjE0OGVhY2YqIiwiQ29uZGl0aW9uIjp7IkRhdGVMZXNzVGhhbiI6eyJBV1M6RXBvY2hUaW1lIjoxNzkzNjk2OTU2fX19XX0_&Signature=Vzs-zJl8tl5ac3bWITSsHUZQxqBbKumCntqITMi707QlgNawp35AYETVu1lHU6NlchvstDJ4ejGVpVOhrU-oyvcxqwRXcMBCp7gUdjvEIB7VYeYEz4xQfg2V14KAKWS4NIz4SlHdXWdqmlhoi2S0VtUKbJPqjYa95uNR2ltFKIDtBc5oDkrafWTKW4gIvesGI-rVf79HGAyP4qx871btzz2MdWwRRFNK5Od7jBPE25tRZSgCkrdsNMC6h0PaRFrpAUN4WSxvO4b93M2vvjFy-By6Rw27FQAVU3YHu~jhZ0RH0m-gTjcs4SVkM2Dd6IZ8K0g4UkB5mZwvYClMwvtn1Q__&Key-Pair-Id=APKAJXJN6VNR3OLZJXJA
177,Royal Island Resort and Spa,map,2021,outdated,,https://hotelcms-production.imgix.net/villaresorts.com/wp-content/uploads/2021/09/Royal-Map-2021.pdf?fm=pdf
177,Royal Island Resort and Spa,spa_menu,2025,current,Y,https://link.assetfile.io/TqmixFgMTaixtn8pGTfuV/Royal+Island+-+Spa+-+Menu+%28April+2024%29.pdf
177,Royal Island Resort and Spa,spa_menu,2014,outdated,,https://hotelcms-production.imgix.net/villaresorts.com/wp-content/uploads/2021/09/Spa-Ayurvedic-Royal-island-Araamu-Spa-.pdf?fm=pdf
177,Royal Island Resort and Spa,villa_plans,2022,outdated,Y,https://d7h9v39iheghu.cloudfront.net/previews/42de57ca-7efe-4d5a-8d86-d9172148eacf/1a628b8e-1c3a-4d61-a08e-e0e2cb830861/1a628b8e-1c3a-4d61-a08e-e0e2cb830861?Policy=eyJTdGF0ZW1lbnQiOiBbeyJSZXNvdXJjZSI6Imh0dHBzOi8vZDdoOXYzOWloZWdodS5jbG91ZGZyb250Lm5ldC9wcmV2aWV3cy80MmRlNTdjYS03ZWZlLTRkNWEtOGQ4Ni1kOTE3MjE0OGVhY2YqIiwiQ29uZGl0aW9uIjp7IkRhdGVMZXNzVGhhbiI6eyJBV1M6RXBvY2hUaW1lIjoxNzkzNjk2OTU2fX19XX0_&Signature=Vzs-zJl8tl5ac3bWITSsHUZQxqBbKumCntqITMi707QlgNawp35AYETVu1lHU6NlchvstDJ4ejGVpVOhrU-oyvcxqwRXcMBCp7gUdjvEIB7VYeYEz4xQfg2V14KAKWS4NIz4SlHdXWdqmlhoi2S0VtUKbJPqjYa95uNR2ltFKIDtBc5oDkrafWTKW4gIvesGI-rVf79HGAyP4qx871btzz2MdWwRRFNK5Od7jBPE25tRZSgCkrdsNMC6h0PaRFrpAUN4WSxvO4b93M2vvjFy-By6Rw27FQAVU3YHu~jhZ0RH0m-gTjcs4SVkM2Dd6IZ8K0g4UkB5mZwvYClMwvtn1Q__&Key-Pair-Id=APKAJXJN6VNR3OLZJXJA
177,Royal Island Resort and Spa,wedding,2022,outdated,Y,https://d7h9v39iheghu.cloudfront.net/previews/42de57ca-7efe-4d5a-8d86-d9172148eacf/a04cfb91-3093-47ad-959e-c293d7ec08a0/a04cfb91-3093-47ad-959e-c293d7ec08a0?Policy=eyJTdGF0ZW1lbnQiOiBbeyJSZXNvdXJjZSI6Imh0dHBzOi8vZDdoOXYzOWloZWdodS5jbG91ZGZyb250Lm5ldC9wcmV2aWV3cy80MmRlNTdjYS03ZWZlLTRkNWEtOGQ4Ni1kOTE3MjE0OGVhY2YqIiwiQ29uZGl0aW9uIjp7IkRhdGVMZXNzVGhhbiI6eyJBV1M6RXBvY2hUaW1lIjoxNzkzNjk2OTU2fX19XX0_&Signature=Vzs-zJl8tl5ac3bWITSsHUZQxqBbKumCntqITMi707QlgNawp35AYETVu1lHU6NlchvstDJ4ejGVpVOhrU-oyvcxqwRXcMBCp7gUdjvEIB7VYeYEz4xQfg2V14KAKWS4NIz4SlHdXWdqmlhoi2S0VtUKbJPqjYa95uNR2ltFKIDtBc5oDkrafWTKW4gIvesGI-rVf79HGAyP4qx871btzz2MdWwRRFNK5Od7jBPE25tRZSgCkrdsNMC6h0PaRFrpAUN4WSxvO4b93M2vvjFy-By6Rw27FQAVU3YHu~jhZ0RH0m-gTjcs4SVkM2Dd6IZ8K0g4UkB5mZwvYClMwvtn1Q__&Key-Pair-Id=APKAJXJN6VNR3OLZJXJA
178,Diamonds Athuruga Beach & Water Villas,all_inclusive,2018,outdated,Y,https://d1vp8nomjxwyf1.cloudfront.net/wp-content/uploads/sites/109/2017/03/03070503/mc05-maldive.pdf
178,Diamonds Athuruga Beach & Water Villas,dining_menu,2019,outdated,Y,https://d1vp8nomjxwyf1.cloudfront.net/wp-content/uploads/sites/109/2017/03/29131429/Diamonds-Resorts_Gastronomie-e-Turisme_MarchApril-2019.pdf
135,Diamonds Thudufushi Beach and Water Villas,dining_menu,2019,outdated,Y,https://d1vp8nomjxwyf1.cloudfront.net/wp-content/uploads/sites/109/2017/03/29131429/Diamonds-Resorts_Gastronomie-e-Turisme_MarchApril-2019.pdf
178,Diamonds Athuruga Beach & Water Villas,factsheet,2024,outdated,,https://d1vp8nomjxwyf1.cloudfront.net/wp-content/uploads/sites/109/2017/03/17065920/2024_DiamondsAthuruga_FactSheet.pdf
178,Diamonds Athuruga Beach & Water Villas,factsheet,2019,outdated,,https://neoscapesmaldives.com/wp-content/uploads/Diamonds-Athuruga-Fact-Sheet-2019.pdf
178,Diamonds Athuruga Beach & Water Villas,map,2020,outdated,Y,https://www.neoscapesmaldives.com/wp-content/uploads/Diamonds-Athuruga_map.pdf
178,Diamonds Athuruga Beach & Water Villas,other,2019,outdated,,https://d1vp8nomjxwyf1.cloudfront.net/wp-content/uploads/sites/212/2023/03/17094933/Diamonds-Athuruga.pdf
178,Diamonds Athuruga Beach & Water Villas,other,2015,outdated,,https://d1vp8nomjxwyf1.cloudfront.net/wp-content/uploads/sites/110/2017/03/10145405/DiamondsMaldives_TMA-Inflight_01_2015.pdf
135,Diamonds Thudufushi Beach and Water Villas,other,2015,outdated,,https://d1vp8nomjxwyf1.cloudfront.net/wp-content/uploads/sites/110/2017/03/10145405/DiamondsMaldives_TMA-Inflight_01_2015.pdf
178,Diamonds Athuruga Beach & Water Villas,other,2015,outdated,,https://d1vp8nomjxwyf1.cloudfront.net/wp-content/uploads/sites/109/2017/03/10144057/DiamondsAthuruga_Aurum-9999_Winter-2015.pdf
179,Siyam World Maldives,all_inclusive,2026,current,Y,https://www.sunsiyam.com/media/wr3kg0fg/halloween-bday-bash-promotional-2026.pdf
179,Siyam World Maldives,all_inclusive,2025,current,,https://www.sunsiyam.com/media/lc4fomsq/sw-wow-all-inclusive-package.pdf
179,Siyam World Maldives,dining_menu,2023,outdated,Y,https://letsgomaldives.com/wp-content/uploads/2023/11/SIYAM-WORLD_WOW-INCLUSIVE-W23S24_01-Nov-23.pdf
179,Siyam World Maldives,factsheet,2026,current,Y,https://www.sunsiyam.com/media/ofahluyo/factsheet-siyam-world-2026.pdf
179,Siyam World Maldives,factsheet,2024,outdated,,https://www.neoscapesmaldives.com/wp-content/uploads/Siyam-World-Factsheet_02-Nov-2024-31-Oct-25.pdf
179,Siyam World Maldives,map,2025,current,Y,https://www.neoscapesmaldives.com/wp-content/uploads/SW-main-map-with-categories.pdf
179,Siyam World Maldives,other,2023,outdated,Y,https://www.sunsiyam.com/media/dnupq1xv/siyam-world-birthday-bash-2023.pdf
179,Siyam World Maldives,wedding,2025,current,Y,https://www.sunsiyam.com/media/grbf53ce/ultimate-honeymoon-sw.pdf
180,"Lux* South Ari Atoll, Maldives",calendar,2027,current,Y,https://letsgomaldives.com/wp-content/uploads/2026/08/LSAA_-FESTIVE-BROCHURE_2627.pdf
180,"Lux* South Ari Atoll, Maldives",calendar,2026,current,,https://letsgomaldives.com/wp-content/uploads/2026/02/LSAA-Easter-Program-30th-March-to-6th-April-2026.pdf
180,"Lux* South Ari Atoll, Maldives",factsheet,2025,current,Y,https://www.neoscapesmaldives.com/wp-content/uploads/LUX_-South-Ari-Atoll-Factsheet-ENG.pdf
180,"Lux* South Ari Atoll, Maldives",map,2019,outdated,Y,https://www.neoscapesmaldives.com/wp-content/uploads/Map-LUX-South-Ari-Atoll.pdf
182,Kuredhivaru Resort and Spa,factsheet,2025,current,Y,https://www.neoscapesmaldives.com/wp-content/uploads/Kuredhivaru-Resort-And-Spa-Factsheet-ENG.pdf
182,Kuredhivaru Resort and Spa,factsheet,2025,current,,https://maldives.ru/doc/Kuredhivaru%20Resort%20And%20Spa%20Factsheet%20RU.pdf
