resort_id,resort_name,doc_type,file_name,edition_year,valid_from,valid_to,pages,size_kb,text_layer,source,source_type,url,all_urls,sha256,local_path,r2_key,status,is_latest,match_status,checked_on,notes
3,Adaaran Select Hudhuranfushi,factsheet,2026_document.pdf,2026,,,13,7701,True,adaaran.com,official,https://www.adaaran.com/selecthudhuranfushi/view-download/?id=menu-16,https://www.adaaran.com/selecthudhuranfushi/view-download/?id=menu-16,3764e1af8a14180ba61928a2b2f8faa8745f53e9b9eab3dd5023e29f457e7be2,library/003_adaaran-select-hudhuranfushi/factsheet/2026_document.pdf,,current,True,matched,2026-10-04,
3,Adaaran Select Hudhuranfushi,factsheet,2023_Fact-Sheet-Adaaran-Select-Hudhuran-Fushi.pdf,2023,,,5,1748,True,neoscapesmaldives.com,dmc-agency,https://www.neoscapesmaldives.com/wp-content/uploads/Fact-Sheet-Adaaran-Select-Hudhuran-Fushi.pdf,https://www.neoscapesmaldives.com/wp-content/uploads/Fact-Sheet-Adaaran-Select-Hudhuran-Fushi.pdf,c016ce75c6f518d6c8407fd70776be116b10d20e4460ac665533378ed48c4676,library/003_adaaran-select-hudhuranfushi/factsheet/2023_Fact-Sheet-Adaaran-Select-Hudhuran-Fushi.pdf,,outdated,False,matched,2026-10-04,
3,Adaaran Select Hudhuranfushi,wedding,2027_document.pdf,2027,,,6,1919,True,adaaran.com,official,https://www.adaaran.com/selecthudhuranfushi/view-download/?id=ASHW,https://www.adaaran.com/selecthudhuranfushi/view-download/?id=ASHW,a53763cc618ed5a2dc139042880884ff710382cc026cf836a2f16fba4c261c79,library/003_adaaran-select-hudhuranfushi/wedding/2027_document.pdf,,current,True,matched,2026-10-04,
3,Adaaran Select Hudhuranfushi,events,2027_document.pdf,2027,,,14,24283,True,adaaran.com,official,https://www.adaaran.com/selecthudhuranfushi/view-download/?id=hrf-mice,https://www.adaaran.com/selecthudhuranfushi/view-download/?id=hrf-mice,20d39ba0f4494c88cba4056f12e54ceb279d40a8e5252404b0ae3655fe8bb61f,library/003_adaaran-select-hudhuranfushi/events/2027_document.pdf,,current,True,matched,2026-10-04,
3,Adaaran Select Hudhuranfushi,map,2025_Adaaran-Resorts-_-Sustainability-Management-Plan.pdf,2025,,,23,1948,True,adaaran.com,official,https://adaaran.eme-devops.com/2025/08/Adaaran-Resorts-%E2%80%93-Sustainability-Management-Plan.pdf,https://adaaran.eme-devops.com/2025/08/Adaaran-Resorts-%E2%80%93-Sustainability-Management-Plan.pdf,22b587766b38f4dab0abdd6311fd68bf96e97d0eb2ea82372c9062243cf71ba2,library/003_adaaran-select-hudhuranfushi/map/2025_Adaaran-Resorts-_-Sustainability-Management-Plan.pdf,,current,True,needs-review,2026-10-04,ambiguous match [3]
3,Adaaran Select Hudhuranfushi,map,2020_Adaaran-Select-Huduran-Fushi-Map.pdf,2020,,,1,132,False,neoscapesmaldives.com,dmc-agency,https://www.neoscapesmaldives.com/wp-content/uploads/Adaaran-Select-Huduran-Fushi-Map.pdf,https://www.neoscapesmaldives.com/wp-content/uploads/Adaaran-Select-Huduran-Fushi-Map.pdf,51b89df5cc8ab34fb1230a701df04d08ff70235e31cdbf37ac3e916ad6166a59,library/003_adaaran-select-hudhuranfushi/map/2020_Adaaran-Select-Huduran-Fushi-Map.pdf,,outdated,False,needs-review,2026-10-04,ambiguous match [3]
3,Adaaran Select Hudhuranfushi,dining_menu,2025_document.pdf,2025,,,7,600,True,adaaran.com,official,https://www.adaaran.com/selecthudhuranfushi/view-download/?id=menu-13,https://www.adaaran.com/selecthudhuranfushi/view-download/?id=menu-13,bc2eb63f728d8b23951b121041a9916e3b4d00d538ce0f180ad38b8eb85ff137,library/003_adaaran-select-hudhuranfushi/dining_menu/2025_document.pdf,,current,True,matched,2026-10-04,
3,Adaaran Select Hudhuranfushi,dive_prices,2026_document.pdf,2026,,,1,95,True,adaaran.com,official,https://www.adaaran.com/selecthudhuranfushi/view-download/?id=surf%20price%20list,https://www.adaaran.com/selecthudhuranfushi/view-download/?id=surf%20price%20list,e984a7ddc4341386ceae04dd4b7532f902551c3e086d6ee9205a19cba6e67d89,library/003_adaaran-select-hudhuranfushi/dive_prices/2026_document.pdf,,current,False,matched,2026-10-04,
3,Adaaran Select Hudhuranfushi,dive_prices,2026_c84951ec_document.pdf,2026,,,2,230,True,adaaran.com,official,https://www.adaaran.com/selecthudhuranfushi/view-download/?id=Menu-10,https://www.adaaran.com/selecthudhuranfushi/view-download/?id=Menu-10,c84951ec4cc57cad023b025b343054d9f6c6e617337d0973f53881919ce9abd0,library/003_adaaran-select-hudhuranfushi/dive_prices/2026_c84951ec_document.pdf,,current,True,matched,2026-10-04,
3,Adaaran Select Hudhuranfushi,dive_prices,2025_document.pdf,2025,,,3,172,True,adaaran.com,official,https://www.adaaran.com/selecthudhuranfushi/view-download/?id=menu-11,https://www.adaaran.com/selecthudhuranfushi/view-download/?id=menu-11,ed51097d2e77cb469e68326f76f30b19293bcdb5393c422b9ee5c5f0cd68e535,library/003_adaaran-select-hudhuranfushi/dive_prices/2025_document.pdf,,current,False,matched,2026-10-04,
3,Adaaran Select Hudhuranfushi,excursions,2026_document.pdf,2026,,,12,2120,True,adaaran.com,official,https://www.adaaran.com/selecthudhuranfushi/view-download/?id=menu-15,https://www.adaaran.com/selecthudhuranfushi/view-download/?id=menu-15,8b81dce618011a47650c0660914d33cf70f84170631babc4c60be23dbf29f59e,library/003_adaaran-select-hudhuranfushi/excursions/2026_document.pdf,,current,False,matched,2026-10-04,
3,Adaaran Select Hudhuranfushi,excursions,2026_9e49ed08_document.pdf,2026,,,14,11407,True,adaaran.com,official,https://www.adaaran.com/selecthudhuranfushi/view-download/?id=hrf-excursion,https://www.adaaran.com/selecthudhuranfushi/view-download/?id=hrf-excursion,9e49ed088aebad320d2e0209a00998df2a7ed33100944f9af2a8d9a94d11454e,library/003_adaaran-select-hudhuranfushi/excursions/2026_9e49ed08_document.pdf,,current,True,matched,2026-10-04,
3,Adaaran Select Hudhuranfushi,sustainability,2026_2026-Environment-Policy-Adaaran-Resorts-Maldives.pdf,2026,,,5,382,True,adaaran.com,official,https://adaaran.eme-devops.com/2026/06/2026-Environment-Policy-Adaaran-Resorts-Maldives.pdf,https://adaaran.eme-devops.com/2026/06/2026-Environment-Policy-Adaaran-Resorts-Maldives.pdf,5b43ab1ac5eaf17e810421d364db68b9a624f6d16903fda4452dc00ca9f38505,library/003_adaaran-select-hudhuranfushi/sustainability/2026_2026-Environment-Policy-Adaaran-Resorts-Maldives.pdf,,current,False,needs-review,2026-10-04,ambiguous match [3]
3,Adaaran Select Hudhuranfushi,sustainability,2026_Adaaran-Resorts-SMP-2026-.pdf,2026,,,23,2167,True,adaaran.com,official,https://adaaran.eme-devops.com/2026/06/Adaaran-Resorts-SMP-2026-.pdf,https://adaaran.eme-devops.com/2026/06/Adaaran-Resorts-SMP-2026-.pdf,b79763f6347abc842dc59415c85b301658a9015637b1f44f509e7e1f600d38df,library/003_adaaran-select-hudhuranfushi/sustainability/2026_Adaaran-Resorts-SMP-2026-.pdf,,current,True,needs-review,2026-10-04,ambiguous match [3]
3,Adaaran Select Hudhuranfushi,sustainability,2025_Sustainabilty-Report-ASH-2025-26_compressed.pdf,2025,,,21,4199,True,adaaran.com,official,https://adaaran.eme-devops.com/2026/05/Sustainabilty-Report-ASH-2025-26_compressed.pdf,https://adaaran.eme-devops.com/2026/05/Sustainabilty-Report-ASH-2025-26_compressed.pdf,69a359fd09709c1e9054954395bdaa7e4807d5ed38598e81d9a25c8d4ec89b0f,library/003_adaaran-select-hudhuranfushi/sustainability/2025_Sustainabilty-Report-ASH-2025-26_compressed.pdf,,current,False,matched,2026-10-04,
3,Adaaran Select Hudhuranfushi,sustainability,2025_Adaaran-Resorts-_-Sustainability-Policy.pdf,2025,,,5,384,True,adaaran.com,official,https://adaaran.eme-devops.com/2025/08/Adaaran-Resorts-%E2%80%93-Sustainability-Policy.pdf,https://adaaran.eme-devops.com/2025/08/Adaaran-Resorts-%E2%80%93-Sustainability-Policy.pdf,957954fce422f65bf83fec81ee12552964da033300e4db181bdec241ca17287f,library/003_adaaran-select-hudhuranfushi/sustainability/2025_Adaaran-Resorts-_-Sustainability-Policy.pdf,,current,False,needs-review,2026-10-04,ambiguous match [3]
3,Adaaran Select Hudhuranfushi,sustainability,2025_Adaaran-Select-Hudhuran-Fushi-_-Sustainability-Report-2024-2025.pdf,2025,,,19,3043,True,adaaran.com,official,https://adaaran.eme-devops.com/2025/08/Adaaran-Select-Hudhuran-Fushi-%E2%80%93-Sustainability-Report-2024-2025.pdf,https://adaaran.eme-devops.com/2025/08/Adaaran-Select-Hudhuran-Fushi-%E2%80%93-Sustainability-Report-2024-2025.pdf,15e27309fe69d1384476bca7a347cdc7a22b5277358a34a49b6466261a123f35,library/003_adaaran-select-hudhuranfushi/sustainability/2025_Adaaran-Select-Hudhuran-Fushi-_-Sustainability-Report-2024-2025.pdf,,current,False,matched,2026-10-04,
3,Adaaran Select Hudhuranfushi,sustainability,2023_Adaaran-Select-Hudhuranfushi-Sustainability-Report-2023-24.pdf,2023,,,17,2515,True,adaaran.com,official,https://adaaran.eme-devops.com/2025/08/Adaaran-Select-Hudhuranfushi-Sustainability-Report-2023-24.pdf,https://adaaran.eme-devops.com/2025/08/Adaaran-Select-Hudhuranfushi-Sustainability-Report-2023-24.pdf,3ce908f23d54e644eacb1fab2bae24ee0ed7266ecc1e2e8aec7cae30ae59e7ad,library/003_adaaran-select-hudhuranfushi/sustainability/2023_Adaaran-Select-Hudhuranfushi-Sustainability-Report-2023-24.pdf,,outdated,False,matched,2026-10-04,
3,Adaaran Select Hudhuranfushi,sustainability,2022_Adaaran-Select-Hudhuranfushi-Sustainability-Report-2022-23.pdf,2022,,,16,4384,True,adaaran.com,official,https://adaaran.eme-devops.com/2025/08/Adaaran-Select-Hudhuranfushi-Sustainability-Report-2022-23.pdf,https://adaaran.eme-devops.com/2025/08/Adaaran-Select-Hudhuranfushi-Sustainability-Report-2022-23.pdf,1a940a12891c464608ca25e4a73fbfe1469cc5bb591e1918c7386a4a8408450e,library/003_adaaran-select-hudhuranfushi/sustainability/2022_Adaaran-Select-Hudhuranfushi-Sustainability-Report-2022-23.pdf,,outdated,False,matched,2026-10-04,
3,Adaaran Select Hudhuranfushi,sustainability,2021_Adaaran-Select-Hudhuranfushi-Sustainability-Report-2021-22.pdf,2021,,,19,4728,True,adaaran.com,official,https://adaaran.eme-devops.com/2025/08/Adaaran-Select-Hudhuranfushi-Sustainability-Report-2021-22.pdf,https://adaaran.eme-devops.com/2025/08/Adaaran-Select-Hudhuranfushi-Sustainability-Report-2021-22.pdf,d310fd2fb311577c9ba0f38180b792a7e1b8c8a84570964f165d426be895e8ea,library/003_adaaran-select-hudhuranfushi/sustainability/2021_Adaaran-Select-Hudhuranfushi-Sustainability-Report-2021-22.pdf,,outdated,False,matched,2026-10-04,
3,Adaaran Select Hudhuranfushi,sustainability,2019_Adaaran-Select-Hudhuranfushi-Sustainability-Report-2019-20-21.pdf,2019,,,22,5601,False,adaaran.com,official,https://adaaran.eme-devops.com/2025/08/Adaaran-Select-Hudhuranfushi-Sustainability-Report-2019-20-21.pdf,https://adaaran.eme-devops.com/2025/08/Adaaran-Select-Hudhuranfushi-Sustainability-Report-2019-20-21.pdf,544f09afa7e35999efe785602e91b5ac9b55243b626e9557c6c8a0f65eeb874e,library/003_adaaran-select-hudhuranfushi/sustainability/2019_Adaaran-Select-Hudhuranfushi-Sustainability-Report-2019-20-21.pdf,,outdated,False,matched,2026-10-04,
4,Ayada Maldives,factsheet,2024_Ayada-Maldives-Factsheet.pdf,2024,,,5,1010,True,neoscapesmaldives.com,dmc-agency,https://www.neoscapesmaldives.com/wp-content/uploads/Ayada-Maldives-Factsheet.pdf,https://www.neoscapesmaldives.com/wp-content/uploads/Ayada-Maldives-Factsheet.pdf,19b02051f838b69028909773e22e302bf07da75a4c7b3814532d31d99b99689b,library/004_ayada-maldives/factsheet/2024_Ayada-Maldives-Factsheet.pdf,,outdated,True,matched,2026-10-04,
4,Ayada Maldives,wedding,2024_Ayada-Maldives-Wedding-Package-2024.pdf,2024,,,8,6441,True,ayadamaldives.com,official,https://www.ayadamaldives.com/s/Ayada-Maldives-Wedding-Package-2024.pdf,https://www.ayadamaldives.com/s/Ayada-Maldives-Wedding-Package-2024.pdf,6393fde676a95714b524b2051379a2317881bf2a14b9821d15247f38d73a0350,library/004_ayada-maldives/wedding/2024_Ayada-Maldives-Wedding-Package-2024.pdf,,outdated,True,matched,2026-10-04,
4,Ayada Maldives,dining_menu,2024_CH-Bev-List.pdf,2024,,,10,2566,True,ayadamaldives.com,official,https://www.ayadamaldives.com/s/CH-Bev-List.pdf,https://www.ayadamaldives.com/s/CH-Bev-List.pdf,7066a36fd8272d652962db727a0c622485e7558367863b6a5ac1cad4ac72cee0,library/004_ayada-maldives/dining_menu/2024_CH-Bev-List.pdf,,outdated,False,matched,2026-10-04,
4,Ayada Maldives,dining_menu,2024_Wine-List-2024-russian.pdf,2024,,,11,675,True,ayadamaldives.com,official,https://www.ayadamaldives.com/s/Wine-List-2024-russian.pdf,https://www.ayadamaldives.com/s/Wine-List-2024-russian.pdf,6241fb078a6b38a94889f3acedc4c4e9b7466ba7198a373eee756ab8c9d298fd,library/004_ayada-maldives/dining_menu/2024_Wine-List-2024-russian.pdf,,outdated,True,matched,2026-10-04,
4,Ayada Maldives,dining_menu,2024_Wine-List-2024.pdf,2024,,,11,613,True,ayadamaldives.com,official,https://www.ayadamaldives.com/s/Wine-List-2024.pdf,https://www.ayadamaldives.com/s/Wine-List-2024.pdf,e8afbac975a711457b75da281377a2f797ebdd303b39fb3294d54da5809c5061,library/004_ayada-maldives/dining_menu/2024_Wine-List-2024.pdf,,outdated,False,matched,2026-10-04,
4,Ayada Maldives,dining_menu,2024_Eng-Bev-List.pdf,2024,,,10,927,True,ayadamaldives.com,official,https://www.ayadamaldives.com/s/Eng-Bev-List.pdf,https://www.ayadamaldives.com/s/Eng-Bev-List.pdf,5db2fbe56312d1c7924162b009be0c635809700ffeccb360f81d74116ecef420,library/004_ayada-maldives/dining_menu/2024_Eng-Bev-List.pdf,,outdated,False,matched,2026-10-04,
4,Ayada Maldives,dining_menu,2024_RU-Bev-List.pdf,2024,,,10,1188,True,ayadamaldives.com,official,https://www.ayadamaldives.com/s/RU-Bev-List.pdf,https://www.ayadamaldives.com/s/RU-Bev-List.pdf,2feccd92e690e001116c38de71f8ece41aea48a2261ef7a733949a67ca12205a,library/004_ayada-maldives/dining_menu/2024_RU-Bev-List.pdf,,outdated,False,matched,2026-10-04,
4,Ayada Maldives,dining_menu,2024_Wine-List-2024-chinese.pdf,2024,,,11,2449,True,ayadamaldives.com,official,https://www.ayadamaldives.com/s/Wine-List-2024-chinese.pdf,https://www.ayadamaldives.com/s/Wine-List-2024-chinese.pdf,66021ce4c6422cb1e357ac0dde8148bc1133e9a567521d331fd112872d2f4d78,library/004_ayada-maldives/dining_menu/2024_Wine-List-2024-chinese.pdf,,outdated,False,matched,2026-10-04,
4,Ayada Maldives,dining_menu,2024_CigarMenu2pdf-onlynames-1.pdf,2024,,,1,4086,True,ayadamaldives.com,official,https://www.ayadamaldives.com/s/CigarMenu2pdf-onlynames-1.pdf,https://www.ayadamaldives.com/s/CigarMenu2pdf-onlynames-1.pdf,af0837caf02917d64e4503c3b97a72abffd86bd8d384a299ccfe6fa8f1fd6c8b,library/004_ayada-maldives/dining_menu/2024_CigarMenu2pdf-onlynames-1.pdf,,outdated,False,matched,2026-10-04,
4,Ayada Maldives,dining_menu,2023_In-Villa-Dinning-Menu-24hrs-English.pdf,2023,,,5,58,True,ayadamaldives.com,official,https://www.ayadamaldives.com/s/In-Villa-Dinning-Menu-24hrs-English.pdf,https://www.ayadamaldives.com/s/In-Villa-Dinning-Menu-24hrs-English.pdf,b574fe01ad0cc2cf1333f5bc3b94d6cab24ceb16f08abfd7fd778b3c03491bb7,library/004_ayada-maldives/dining_menu/2023_In-Villa-Dinning-Menu-24hrs-English.pdf,,outdated,False,matched,2026-10-04,
4,Ayada Maldives,dining_menu,2023_Sea-Salt-new-menu-Russian-re3m.pdf,2023,,,1,194,True,ayadamaldives.com,official,https://www.ayadamaldives.com/s/Sea-Salt-new-menu-Russian-re3m.pdf,https://www.ayadamaldives.com/s/Sea-Salt-new-menu-Russian-re3m.pdf,421a0b9258b977d3d57c52a89fcb1acc29c64cd30950b6cc6203a68c024fb0e0,library/004_ayada-maldives/dining_menu/2023_Sea-Salt-new-menu-Russian-re3m.pdf,,outdated,False,matched,2026-10-04,
4,Ayada Maldives,dining_menu,2023_Sea-Salt-new-menu-p7pe.pdf,2023,,,1,90,True,ayadamaldives.com,official,https://www.ayadamaldives.com/s/Sea-Salt-new-menu-p7pe.pdf,https://www.ayadamaldives.com/s/Sea-Salt-new-menu-p7pe.pdf,547fbf548f962acaaf39a52f5dd4b83e5e110f0bc6bb1773d1eb59db6ce4bc6b,library/004_ayada-maldives/dining_menu/2023_Sea-Salt-new-menu-p7pe.pdf,,outdated,False,matched,2026-10-04,
4,Ayada Maldives,dining_menu,2023_Sea-Salt-new-menu-Chinese-mfnc.pdf,2023,,,1,219,True,ayadamaldives.com,official,https://www.ayadamaldives.com/s/Sea-Salt-new-menu-Chinese-mfnc.pdf,https://www.ayadamaldives.com/s/Sea-Salt-new-menu-Chinese-mfnc.pdf,cae35e5f758b161a4f5a2a301fe4eccb255a675b34e99d0856f3c951e3cb2840,library/004_ayada-maldives/dining_menu/2023_Sea-Salt-new-menu-Chinese-mfnc.pdf,,outdated,False,matched,2026-10-04,
4,Ayada Maldives,dining_menu,2022_IDJ-Bin-end-List-2022-English.pdf,2022,,,1,70,True,ayadamaldives.com,official,https://www.ayadamaldives.com/s/IDJ-Bin-end-List-2022-English.pdf,https://www.ayadamaldives.com/s/IDJ-Bin-end-List-2022-English.pdf,2d082c4de6baa295551a709e3f3fe21cfbbf6f47f205f62afacbb96e6d88a542,library/004_ayada-maldives/dining_menu/2022_IDJ-Bin-end-List-2022-English.pdf,,outdated,False,matched,2026-10-04,
4,Ayada Maldives,dining_menu,2022_Mizu-Menu-2022-ds72.pdf,2022,,,1,157,True,ayadamaldives.com,official,https://www.ayadamaldives.com/s/Mizu-Menu-2022-ds72.pdf,https://www.ayadamaldives.com/s/Mizu-Menu-2022-ds72.pdf,02cdfa0e31f1c7a9a8c6892002577af260a8ab63149311448be967c052929c0d,library/004_ayada-maldives/dining_menu/2022_Mizu-Menu-2022-ds72.pdf,,outdated,False,matched,2026-10-04,
4,Ayada Maldives,dining_menu,2022_Private-Dining-Menu-ca8b.pdf,2022,,,1,2361,True,ayadamaldives.com,official,https://www.ayadamaldives.com/s/Private-Dining-Menu-ca8b.pdf,https://www.ayadamaldives.com/s/Private-Dining-Menu-ca8b.pdf,8c794155f4129755f88ee3971e388236b792bac0109c0d35eba11412c0b3c04a,library/004_ayada-maldives/dining_menu/2022_Private-Dining-Menu-ca8b.pdf,,outdated,False,matched,2026-10-04,
4,Ayada Maldives,dining_menu,2020_Beverage-List-Russian.pdf,2020,,,7,146,True,ayadamaldives.com,official,https://www.ayadamaldives.com/s/Beverage-List-Russian.pdf,https://www.ayadamaldives.com/s/Beverage-List-Russian.pdf,97a588b88659b836f4e2d3fe35d53a42fca10829b93f977181421dce0aba3b97,library/004_ayada-maldives/dining_menu/2020_Beverage-List-Russian.pdf,,outdated,False,matched,2026-10-04,
4,Ayada Maldives,dining_menu,2020_Kai-Menu-October-Russian.pdf,2020,,,5,316,True,ayadamaldives.com,official,https://www.ayadamaldives.com/s/Kai-Menu-October-Russian.pdf,https://www.ayadamaldives.com/s/Kai-Menu-October-Russian.pdf,4583c25fcac701cf7a69ddd895698d5f4d120014e177f638081b144dfecb2b22,library/004_ayada-maldives/dining_menu/2020_Kai-Menu-October-Russian.pdf,,outdated,False,matched,2026-10-04,
4,Ayada Maldives,dining_menu,2020_ZD-October-Menu-Russian-FINAL.pdf,2020,,,4,453,True,ayadamaldives.com,official,https://www.ayadamaldives.com/s/ZD-October-Menu-Russian-FINAL.pdf,https://www.ayadamaldives.com/s/ZD-October-Menu-Russian-FINAL.pdf,00a4cde4aac5c7a9b18edd288eba1f4b520f051111b370148c49c16dd913104f,library/004_ayada-maldives/dining_menu/2020_ZD-October-Menu-Russian-FINAL.pdf,,outdated,False,matched,2026-10-04,
4,Ayada Maldives,dining_menu,2020_Russian-Beach-BBQ-Menu.pdf,2020,,,1,76,True,ayadamaldives.com,official,https://www.ayadamaldives.com/s/Russian-Beach-BBQ-Menu.pdf,https://www.ayadamaldives.com/s/Russian-Beach-BBQ-Menu.pdf,781f790a26fa07bc599e04e417d10c65ab9646716cd55bf5c30494f2deab34c1,library/004_ayada-maldives/dining_menu/2020_Russian-Beach-BBQ-Menu.pdf,,outdated,False,matched,2026-10-04,
4,Ayada Maldives,dining_menu,2020_Ocean-Breeze-Russian-Menu-October-FINAL.pdf,2020,,,4,162,True,ayadamaldives.com,official,https://www.ayadamaldives.com/s/Ocean-Breeze-Russian-Menu-October-FINAL.pdf,https://www.ayadamaldives.com/s/Ocean-Breeze-Russian-Menu-October-FINAL.pdf,9e1c4155be3a2ae955dd7f4e0aa538ab36cd5aa54e718bc7365663b884efd89f,library/004_ayada-maldives/dining_menu/2020_Ocean-Breeze-Russian-Menu-October-FINAL.pdf,,outdated,False,matched,2026-10-04,
4,Ayada Maldives,dining_menu,2019_WineCheesepdf.pdf,2019,,,1,4911,True,ayadamaldives.com,official,https://www.ayadamaldives.com/s/WineCheesepdf.pdf,https://www.ayadamaldives.com/s/WineCheesepdf.pdf,a70a63874e27d4f867e4d100e0fd56f81598e12b8f6749adcb8d413baba3050b,library/004_ayada-maldives/dining_menu/2019_WineCheesepdf.pdf,,outdated,False,matched,2026-10-04,
4,Ayada Maldives,dive_prices,2025_Watersports-_Prices_2025-2.pdf,2025,,,2,75,True,ayadamaldives.com,official,https://www.ayadamaldives.com/s/Watersports-_Prices_2025-2.pdf,https://www.ayadamaldives.com/s/Watersports-_Prices_2025-2.pdf,ded0ba0e00cbbe402086857b7bb2fbf3e121d204b3b1d086ea2fb4b640491ce0,library/004_ayada-maldives/dive_prices/2025_Watersports-_Prices_2025-2.pdf,,current,True,matched,2026-10-04,
4,Ayada Maldives,dive_prices,2022_Safety-Information.pdf,2022,,,2,3718,True,ayadamaldives.com,official,https://www.ayadamaldives.com/s/Safety-Information.pdf,https://www.ayadamaldives.com/s/Safety-Information.pdf,49fed3f5e9e0cf235e9cce18c9e3a56a7d47577101c89e511300609a6f4ea443,library/004_ayada-maldives/dive_prices/2022_Safety-Information.pdf,,outdated,False,matched,2026-10-04,
4,Ayada Maldives,excursions,2024_Jet-Car-zytf.pdf,2024,,,1,1897,True,ayadamaldives.com,official,https://www.ayadamaldives.com/s/Jet-Car-zytf.pdf,https://www.ayadamaldives.com/s/Jet-Car-zytf.pdf,a5a17131ac1daf4087229fd2bc638a9d2c765d311f86c45b4c62b35d36f4caf5,library/004_ayada-maldives/excursions/2024_Jet-Car-zytf.pdf,,outdated,True,matched,2026-10-04,
4,Ayada Maldives,all_inclusive,2025_Photography2025.pdf,2025,,,7,2196,True,ayadamaldives.com,official,https://www.ayadamaldives.com/s/Photography2025.pdf,https://www.ayadamaldives.com/s/Photography2025.pdf,733b3493a7d6c9d29bb404b740cb51448fc2851e57df7b9ec5c7c0e02547c6cb,library/004_ayada-maldives/all_inclusive/2025_Photography2025.pdf,,current,True,matched,2026-10-04,
4,Ayada Maldives,all_inclusive,2021_Diamond-All-Inclusive.pdf,2021,,,1,425,True,ayadamaldives.com,official,https://ayada2.squarespace.com/s/Diamond-All-Inclusive.pdf,https://ayada2.squarespace.com/s/Diamond-All-Inclusive.pdf,ee423ef4674887941b9f0022a63001786843f0a02362696538a54cd620263d73,library/004_ayada-maldives/all_inclusive/2021_Diamond-All-Inclusive.pdf,,outdated,False,matched,2026-10-04,
4,Ayada Maldives,brochure,2021_Ayada-Reopening-Guidelines-Revised.pdf,2021,,,1,3660,True,ayadamaldives.com,official,https://www.ayadamaldives.com/s/Ayada-Reopening-Guidelines-Revised.pdf,https://www.ayadamaldives.com/s/Ayada-Reopening-Guidelines-Revised.pdf,275e7380109c3b7d6c9d54e332ef2f283cece6b69d80e760e217b8036bdb5c72,library/004_ayada-maldives/brochure/2021_Ayada-Reopening-Guidelines-Revised.pdf,,outdated,True,matched,2026-10-04,
4,Ayada Maldives,press_kit,2023_OttomanBevList-Eng_compressed.pdf,2023,,,1,39,True,ayadamaldives.com,official,https://www.ayadamaldives.com/s/OttomanBevList-Eng_compressed.pdf,https://www.ayadamaldives.com/s/OttomanBevList-Eng_compressed.pdf | https://www.ayadamaldives.com/s/Ottoman-Bev-List-Eng_compressed.pdf,0509a538702e6003e43ce3a5cadd04b5a6041bd668038e6865491c1cff751345,library/004_ayada-maldives/press_kit/2023_OttomanBevList-Eng_compressed.pdf,,outdated,True,matched,2026-10-04,
4,Ayada Maldives,other,2024_Jet-Car-Russian.pdf,2024,,,1,1903,True,ayadamaldives.com,official,https://www.ayadamaldives.com/s/Jet-Car-Russian.pdf,https://www.ayadamaldives.com/s/Jet-Car-Russian.pdf,aefc0aa8f91be2517c276bc4659c932706511fd0897171e11cb65a49152b8167,library/004_ayada-maldives/other/2024_Jet-Car-Russian.pdf,,outdated,True,matched,2026-10-04,
5,Bolifushi Island Resort,factsheet,2023_OZEN-RESERVE-BOLIFUSHI-Fact-Sheet.pdf,2023,,,16,3164,True,neoscapesmaldives.com,dmc-agency,https://www.neoscapesmaldives.com/wp-content/uploads/OZEN-RESERVE-BOLIFUSHI-Fact-Sheet.pdf,https://www.neoscapesmaldives.com/wp-content/uploads/OZEN-RESERVE-BOLIFUSHI-Fact-Sheet.pdf,7ed1921719e7da56c5cbd60a08b4d7caaa3c7c7d8e4ddfe5d9f707be2f6e5c18,library/005_bolifushi-island-resort/factsheet/2023_OZEN-RESERVE-BOLIFUSHI-Fact-Sheet.pdf,,outdated,True,matched,2026-10-04,
5,Bolifushi Island Resort,map,2023_OZEN-RESERVE-BOLIFUSHI-Resort-Map-1.pdf,2023,,,1,289,True,neoscapesmaldives.com,dmc-agency,https://www.neoscapesmaldives.com/wp-content/uploads/OZEN-RESERVE-BOLIFUSHI-Resort-Map-1.pdf,https://www.neoscapesmaldives.com/wp-content/uploads/OZEN-RESERVE-BOLIFUSHI-Resort-Map-1.pdf,2dbf84410d5c1fcd345ba54a1a8db59029d55fba891f362311f8f475b03f3ef6,library/005_bolifushi-island-resort/map/2023_OZEN-RESERVE-BOLIFUSHI-Resort-Map-1.pdf,,outdated,True,matched,2026-10-04,
6,Joali Being Bodufushi,factsheet,2025_JoaliBeing_Factsheet_V13.pdf,2025,,,6,9076,True,neoscapesmaldives.com,dmc-agency,https://www.neoscapesmaldives.com/wp-content/uploads/JoaliBeing_Factsheet_V13.pdf,https://www.neoscapesmaldives.com/wp-content/uploads/JoaliBeing_Factsheet_V13.pdf,9ad07a852c3410a087dd9af50cffcddaa1341e032690482fb80ead824656d515,library/006_joali-being-bodufushi/factsheet/2025_JoaliBeing_Factsheet_V13.pdf,,current,True,matched,2026-10-04,
6,Joali Being Bodufushi,map,2024_Map_25x30_V3.pdf,2024,,,2,7549,True,neoscapesmaldives.com,dmc-agency,https://www.neoscapesmaldives.com/wp-content/uploads/Map_25x30_V3.pdf,https://www.neoscapesmaldives.com/wp-content/uploads/Map_25x30_V3.pdf,44d13728557e1bd7adf711a79098f565301e93d297f5e61dbfcfc6f8af309e51,library/006_joali-being-bodufushi/map/2024_Map_25x30_V3.pdf,,outdated,True,needs-review,2026-10-04,ambiguous match [6]
7,Joali Muravandhoo,factsheet,2023_JOALI-Maldives-Factsheet.pdf,2023,,,4,1549,True,neoscapesmaldives.com,dmc-agency,https://www.neoscapesmaldives.com/wp-content/uploads/JOALI-Maldives-Factsheet.pdf,https://www.neoscapesmaldives.com/wp-content/uploads/JOALI-Maldives-Factsheet.pdf,6bae9d01e36b8840ecdec117eb478c8c9420eb0389239e53aeec1022b734028d,library/007_joali-muravandhoo/factsheet/2023_JOALI-Maldives-Factsheet.pdf,,outdated,True,matched,2026-10-04,
7,Joali Muravandhoo,map,2023_JOALI-Maldives-Island-Map.pdf,2023,,,2,2717,False,neoscapesmaldives.com,dmc-agency,https://www.neoscapesmaldives.com/wp-content/uploads/JOALI-Maldives-Island-Map.pdf,https://www.neoscapesmaldives.com/wp-content/uploads/JOALI-Maldives-Island-Map.pdf,3510c6fa7c7effb2c089f422de3f188b7a6fd8effe0a3b37cd057cd784d18a0f,library/007_joali-muravandhoo/map/2023_JOALI-Maldives-Island-Map.pdf,,outdated,True,matched,2026-10-04,
8,Hilton Maldives Amingiri Resort & Spa,factsheet,2025_MLEAI_Factsheet-March-2025.pdf,2025,,,2,250,True,neoscapesmaldives.com,dmc-agency,https://www.neoscapesmaldives.com/wp-content/uploads/MLEAI_Factsheet-March-2025.pdf,https://www.neoscapesmaldives.com/wp-content/uploads/MLEAI_Factsheet-March-2025.pdf,51b24e8c0b5a444c26b336cca78a0fc740bbc207e6a34b0ba0491150fb079a55,library/008_hilton-maldives-amingiri-resort-spa/factsheet/2025_MLEAI_Factsheet-March-2025.pdf,,current,True,matched,2026-10-04,
8,Hilton Maldives Amingiri Resort & Spa,map,2025_2025-Hilton-Maldives-Amingiri-Resort-_-Spa-Map.pdf,2025,,,1,622,False,neoscapesmaldives.com,dmc-agency,https://www.neoscapesmaldives.com/wp-content/uploads/2025-Hilton-Maldives-Amingiri-Resort-_-Spa-Map.pdf,https://www.neoscapesmaldives.com/wp-content/uploads/2025-Hilton-Maldives-Amingiri-Resort-_-Spa-Map.pdf,4825c21a657592a7077412dd1beabaa7c1a0373f1160e7b8434c0c757b211393,library/008_hilton-maldives-amingiri-resort-spa/map/2025_2025-Hilton-Maldives-Amingiri-Resort-_-Spa-Map.pdf,,current,True,matched,2026-10-04,
9,Amilla Fushi,factsheet,2026_Amilla-Maldives_Fact-Sheet_2026.pdf,2026,,,10,26830,True,amilla.com,official,https://amilla.com/wp-content/uploads/Amilla-Maldives_Fact-Sheet_2026.pdf,https://amilla.com/wp-content/uploads/Amilla-Maldives_Fact-Sheet_2026.pdf,55c3d64c2e4bd1a4b767e8b0bc371ce254898ff8a114450cce3bc0f9307dd3be,library/009_amilla-fushi/factsheet/2026_Amilla-Maldives_Fact-Sheet_2026.pdf,,current,True,matched,2026-10-04,
9,Amilla Fushi,factsheet,2023_Amilla-Maldives-Resort-Residences-Fact-Sheet.pdf,2023,,,6,21584,True,amilla.com,official,https://amilla.com/wp-content/uploads/2023/05/Amilla-Maldives-Resort-Residences-Fact-Sheet.pdf,https://amilla.com/wp-content/uploads/2023/05/Amilla-Maldives-Resort-Residences-Fact-Sheet.pdf,9a5a8207ac7acf1a8f114401cd9fcc960981b3a8a7378f009a59fa514e02be1b,library/009_amilla-fushi/factsheet/2023_Amilla-Maldives-Resort-Residences-Fact-Sheet.pdf,,outdated,False,matched,2026-10-04,
9,Amilla Fushi,wedding,2024_Football-Camp-with-Mikael-Silvestre.pdf,2024,,,1,410,True,amilla.com,official,https://amilla.com/wp-content/uploads/Football-Camp-with-Mikael-Silvestre.pdf,https://amilla.com/wp-content/uploads/Football-Camp-with-Mikael-Silvestre.pdf,d294a688db2c5eba9a9f2df90f75a268d9b1c44b451140c90bc2a388dc1f3ce4,library/009_amilla-fushi/wedding/2024_Football-Camp-with-Mikael-Silvestre.pdf,,outdated,True,matched,2026-10-04,
9,Amilla Fushi,wedding,2024_Football-camp-with-Teddy-Sheringham-2024.pdf,2024,,,1,274,True,amilla.com,official,https://amilla.com/wp-content/uploads/Football-camp-with-Teddy-Sheringham-2024.pdf,https://amilla.com/wp-content/uploads/Football-camp-with-Teddy-Sheringham-2024.pdf,31bc94cf68093d6626384afbfd2e46689db77b8f82c2f33175be467469e3964d,library/009_amilla-fushi/wedding/2024_Football-camp-with-Teddy-Sheringham-2024.pdf,,outdated,False,matched,2026-10-04,
9,Amilla Fushi,map,2024_Resort-Map-2024_Updated_LR.pdf,2024,,,1,1232,True,amilla.com,official,https://amilla.com/wp-content/uploads/2023/04/Resort-Map-2024_Updated_LR.pdf,https://amilla.com/wp-content/uploads/2023/04/Resort-Map-2024_Updated_LR.pdf,c6126df98b7665fd3ad9a243e7d4cce80c0d5d6f25c918e04cb5d9e5a4de315e,library/009_amilla-fushi/map/2024_Resort-Map-2024_Updated_LR.pdf,,outdated,True,matched,2026-10-04,
9,Amilla Fushi,map,2019_Amilla-Resort-Map.pdf,2019,,,1,3237,False,neoscapesmaldives.com,dmc-agency,https://www.neoscapesmaldives.com/wp-content/uploads/Amilla-Resort-Map.pdf,https://www.neoscapesmaldives.com/wp-content/uploads/Amilla-Resort-Map.pdf,ccb74f3d025b7ac4fa42b815e7428b9bd43082913f65dc5953a33e093c29dc5b,library/009_amilla-fushi/map/2019_Amilla-Resort-Map.pdf,,outdated,False,matched,2026-10-04,
9,Amilla Fushi,spa_menu,2026_International-Yoga-Day-2026.pdf,2026,,,1,666,True,amilla.com,official,https://amilla.com/wp-content/uploads/International-Yoga-Day-2026.pdf,https://amilla.com/wp-content/uploads/International-Yoga-Day-2026.pdf,13a5ece2a73f38e2f9e1b617c5a5bc00ddeacbf3b90d7147770ba8ddea9579c2,library/009_amilla-fushi/spa_menu/2026_International-Yoga-Day-2026.pdf,,current,False,matched,2026-10-04,
9,Amilla Fushi,spa_menu,2026_Global-Wellness-Day.pdf,2026,,,1,2414,True,amilla.com,official,https://amilla.com/wp-content/uploads/Global-Wellness-Day.pdf,https://amilla.com/wp-content/uploads/Global-Wellness-Day.pdf,20f8cef18f949295945ee5798e1add033df0f3bdfad9fd49016f8e6cb0ad20df,library/009_amilla-fushi/spa_menu/2026_Global-Wellness-Day.pdf,,current,False,matched,2026-10-04,
9,Amilla Fushi,spa_menu,2026_Mothers-Day_2026.pdf,2026,,,2,7202,True,amilla.com,official,https://amilla.com/wp-content/uploads/Mothers-Day_2026.pdf,https://amilla.com/wp-content/uploads/Mothers-Day_2026.pdf,b0e6fe529bbeca1b8e0e2e2df8e3f0a69537c20d72e5724f37cd67e2fc634781,library/009_amilla-fushi/spa_menu/2026_Mothers-Day_2026.pdf,,current,True,matched,2026-10-04,
9,Amilla Fushi,spa_menu,2024_Javvu-Spa-Menu_October2024_v2.pdf,2024,,,7,615,True,amilla.com,official,https://amilla.com/wp-content/uploads/Javvu-Spa-Menu_October2024_v2.pdf,https://amilla.com/wp-content/uploads/Javvu-Spa-Menu_October2024_v2.pdf,1e36b525946f3b33dcddd20e490ebb273f4a401252ab29ed38e84a34ec413d0d,library/009_amilla-fushi/spa_menu/2024_Javvu-Spa-Menu_October2024_v2.pdf,,outdated,False,matched,2026-10-04,
9,Amilla Fushi,spa_menu,2024_Claire-OSullivan-July-VP.pdf,2024,,,2,220,True,amilla.com,official,https://amilla.com/wp-content/uploads/Claire-OSullivan-July-VP.pdf,https://amilla.com/wp-content/uploads/Claire-OSullivan-July-VP.pdf,a508b7213ba08258f69d1624b4b7957432ef079a1d6d88da3cec7c14616172cb,library/009_amilla-fushi/spa_menu/2024_Claire-OSullivan-July-VP.pdf,,outdated,False,matched,2026-10-04,
9,Amilla Fushi,spa_menu,2024_Consuelo-Sayoran-August-2024.pdf,2024,,,2,162,True,amilla.com,official,https://amilla.com/wp-content/uploads/Consuelo-Sayoran-August-2024.pdf,https://amilla.com/wp-content/uploads/Consuelo-Sayoran-August-2024.pdf,d85db066b8706b13cc52de294624eb7c84e6da96ae4bc7ae4a34b97c78812c5b,library/009_amilla-fushi/spa_menu/2024_Consuelo-Sayoran-August-2024.pdf,,outdated,False,matched,2026-10-04,
9,Amilla Fushi,spa_menu,2024_AmillaMaldives_Javvu-Spa-Menu-2024.pdf,2024,,,6,398,True,amilla.com,official,https://amilla.com/wp-content/uploads/AmillaMaldives_Javvu-Spa-Menu-2024.pdf,https://amilla.com/wp-content/uploads/AmillaMaldives_Javvu-Spa-Menu-2024.pdf,05e6a9324a90c6ffac3a16f8076ef754d6f4a00636ba13607f99d7707c297d21,library/009_amilla-fushi/spa_menu/2024_AmillaMaldives_Javvu-Spa-Menu-2024.pdf,,outdated,False,matched,2026-10-04,
9,Amilla Fushi,spa_menu,2024_Master-Sifu-Aniket-Visiting-Practitioner.pdf,2024,,,3,359,True,amilla.com,official,https://amilla.com/wp-content/uploads/Master-Sifu-Aniket-Visiting-Practitioner.pdf,https://amilla.com/wp-content/uploads/Master-Sifu-Aniket-Visiting-Practitioner.pdf,faaf2eacd99edf4233d97d0b8f6be3e77bb21748f959b58acfa53bfe6916e63a,library/009_amilla-fushi/spa_menu/2024_Master-Sifu-Aniket-Visiting-Practitioner.pdf,,outdated,False,matched,2026-10-04,
9,Amilla Fushi,spa_menu,2024_Jang-Kanlayanee.pdf,2024,,,3,296,True,amilla.com,official,https://amilla.com/wp-content/uploads/Jang-Kanlayanee.pdf,https://amilla.com/wp-content/uploads/Jang-Kanlayanee.pdf,387e7c78d444418e5c96d391188dabc1650e149157b07c55f31795955c53b7d5,library/009_amilla-fushi/spa_menu/2024_Jang-Kanlayanee.pdf,,outdated,False,matched,2026-10-04,
9,Amilla Fushi,spa_menu,2024_Shyam.K.C.pdf,2024,,,2,216,True,amilla.com,official,https://amilla.com/wp-content/uploads/Shyam.K.C.pdf,https://amilla.com/wp-content/uploads/Shyam.K.C.pdf,6fd718e05875e109de5752c8966d03e371832f51ef716a41c0e5c0a58416c848,library/009_amilla-fushi/spa_menu/2024_Shyam.K.C.pdf,,outdated,False,matched,2026-10-04,
9,Amilla Fushi,spa_menu,2024_Valentines-Day-at-Javvu-Spa-1.pdf,2024,,,1,419,True,amilla.com,official,https://amilla.com/wp-content/uploads/Valentines-Day-at-Javvu-Spa-1.pdf,https://amilla.com/wp-content/uploads/Valentines-Day-at-Javvu-Spa-1.pdf,c7406d3de8a4656f684530e00b19750d8b83090ca7f0328b928c32a5d91fc52b,library/009_amilla-fushi/spa_menu/2024_Valentines-Day-at-Javvu-Spa-1.pdf,,outdated,False,matched,2026-10-04,
9,Amilla Fushi,spa_menu,2024_Dr.-Fabio-Massimo-Paciucci-.pdf,2024,,,2,155,True,amilla.com,official,https://amilla.com/wp-content/uploads/Dr.-Fabio-Massimo-Paciucci-.pdf,https://amilla.com/wp-content/uploads/Dr.-Fabio-Massimo-Paciucci-.pdf,39d4b4f98a7839c1ea4e7b5e77c0a1cdfde45cc1fdc3749019a57d9532f744a2,library/009_amilla-fushi/spa_menu/2024_Dr.-Fabio-Massimo-Paciucci-.pdf,,outdated,False,matched,2026-10-04,
9,Amilla Fushi,spa_menu,2024_Katrina-Valente.pdf,2024,,,2,613,True,amilla.com,official,https://amilla.com/wp-content/uploads/Katrina-Valente.pdf,https://amilla.com/wp-content/uploads/Katrina-Valente.pdf,59e3abb4ed57202a7a183a01287a4788a176c65e040e08063a367a9e10238bf9,library/009_amilla-fushi/spa_menu/2024_Katrina-Valente.pdf,,outdated,False,matched,2026-10-04,
9,Amilla Fushi,spa_menu,2023_Tridendra-Shayak.pdf,2023,,,2,579,True,amilla.com,official,https://amilla.com/wp-content/uploads/Tridendra-Shayak.pdf,https://amilla.com/wp-content/uploads/Tridendra-Shayak.pdf,0ec88840a60bda1cddefdce25c6906433f8e7375b7b70957415059242d256742,library/009_amilla-fushi/spa_menu/2023_Tridendra-Shayak.pdf,,outdated,False,matched,2026-10-04,
9,Amilla Fushi,spa_menu,2023_Paul-Emery.pdf,2023,,,2,476,True,amilla.com,official,https://amilla.com/wp-content/uploads/Paul-Emery.pdf,https://amilla.com/wp-content/uploads/Paul-Emery.pdf,a62a859c09a5dcacb16a717567794b258fa0f1f1374cd62640c03fe7eadc22fc,library/009_amilla-fushi/spa_menu/2023_Paul-Emery.pdf,,outdated,False,matched,2026-10-04,
9,Amilla Fushi,spa_menu,2023_George-Kleopas.pdf,2023,,,2,669,True,amilla.com,official,https://amilla.com/wp-content/uploads/George-Kleopas.pdf,https://amilla.com/wp-content/uploads/George-Kleopas.pdf,07c89c144b8b1a8dd8e783ded982e5ad3bc40c970e915d9067a00497ba19ce99,library/009_amilla-fushi/spa_menu/2023_George-Kleopas.pdf,,outdated,False,matched,2026-10-04,
9,Amilla Fushi,dining_menu,2026_Menu-_-Dr.-Lim-1.pdf,2026,,,1,65,True,amilla.com,official,https://amilla.com/wp-content/uploads/Menu-_-Dr.-Lim-1.pdf,https://amilla.com/wp-content/uploads/Menu-_-Dr.-Lim-1.pdf,cee517b94b038f925a9178fde2046a61f97618274f54ee3c5f405b392085952b,library/009_amilla-fushi/dining_menu/2026_Menu-_-Dr.-Lim-1.pdf,,current,False,matched,2026-10-04,
9,Amilla Fushi,dining_menu,2026_Final.pdf,2026,,,1,3054,True,amilla.com,official,https://amilla.com/wp-content/uploads/Final.pdf,https://amilla.com/wp-content/uploads/Final.pdf,4956d1b78b78de83b54194c3420a035bef2e516b28dc8ef5e52b30d86695fa17,library/009_amilla-fushi/dining_menu/2026_Final.pdf,,current,False,matched,2026-10-04,
9,Amilla Fushi,dining_menu,2026_Menu_Nikki_.pdf,2026,,,1,37,True,amilla.com,official,https://amilla.com/wp-content/uploads/Menu_Nikki_.pdf,https://amilla.com/wp-content/uploads/Menu_Nikki_.pdf,c0ef1254a0880be774668aea530cdb966043484e056945a7275f2c1c4c974e11,library/009_amilla-fushi/dining_menu/2026_Menu_Nikki_.pdf,,current,False,matched,2026-10-04,
9,Amilla Fushi,dining_menu,2026_Clay-Studio-Menu.pdf,2026,,,3,657,True,amilla.com,official,https://amilla.com/wp-content/uploads/Clay-Studio-Menu.pdf,https://amilla.com/wp-content/uploads/Clay-Studio-Menu.pdf,67eb48e9e29bffbf68e1f2869b24d93b539474b0f8b14b4479ef713e8d45ef6f,library/009_amilla-fushi/dining_menu/2026_Clay-Studio-Menu.pdf,,current,False,matched,2026-10-04,
9,Amilla Fushi,dining_menu,2026_Menu_Dr.-Shagnika.pdf,2026,,,2,2588,True,amilla.com,official,https://amilla.com/wp-content/uploads/Menu_Dr.-Shagnika.pdf,https://amilla.com/wp-content/uploads/Menu_Dr.-Shagnika.pdf,87a9469554863bb8c6d24224fa26e6b8b8e775ca0025ee07eb00c666f7a1f3f2,library/009_amilla-fushi/dining_menu/2026_Menu_Dr.-Shagnika.pdf,,current,False,matched,2026-10-04,
9,Amilla Fushi,dining_menu,2026_Eid-Al-adha_2026.pdf,2026,,,7,22845,True,amilla.com,official,https://amilla.com/wp-content/uploads/Eid-Al-adha_2026.pdf,https://amilla.com/wp-content/uploads/Eid-Al-adha_2026.pdf,39d61ffc69d62256b5a97e003ddfc1ee7a3c3b68024d54a0e14cfbf667f36701,library/009_amilla-fushi/dining_menu/2026_Eid-Al-adha_2026.pdf,,current,True,matched,2026-10-04,
9,Amilla Fushi,dining_menu,2026_Dr.-Shreejit_Menu.pdf,2026,,,3,207,True,amilla.com,official,https://amilla.com/wp-content/uploads/Dr.-Shreejit_Menu.pdf,https://amilla.com/wp-content/uploads/Dr.-Shreejit_Menu.pdf,6429a16c8cdae48a88ebc3fac237240c97f76c9cf2694720b7ed987ed1ee497b,library/009_amilla-fushi/dining_menu/2026_Dr.-Shreejit_Menu.pdf,,current,False,matched,2026-10-04,
9,Amilla Fushi,dining_menu,2026_Amp_Menu.pdf,2026,,,2,234,True,amilla.com,official,https://amilla.com/wp-content/uploads/Amp_Menu.pdf,https://amilla.com/wp-content/uploads/Amp_Menu.pdf,363b6c35f2ce5e3168747e230009279493f54596c38ea801b8974f351be67c4a,library/009_amilla-fushi/dining_menu/2026_Amp_Menu.pdf,,current,False,matched,2026-10-04,
9,Amilla Fushi,dining_menu,2026_Jang-Menu.pdf,2026,,,2,213,True,amilla.com,official,https://amilla.com/wp-content/uploads/Jang-Menu.pdf,https://amilla.com/wp-content/uploads/Jang-Menu.pdf,40e7c165774bfdfe584cd47aec14e44500521caef427be42d36eafd550c6cf00,library/009_amilla-fushi/dining_menu/2026_Jang-Menu.pdf,,current,False,matched,2026-10-04,
9,Amilla Fushi,dining_menu,2026_Francesc_Menu.pdf,2026,,,2,152,True,amilla.com,official,https://amilla.com/wp-content/uploads/Francesc_Menu.pdf,https://amilla.com/wp-content/uploads/Francesc_Menu.pdf,9922000d1bae659209241d90a23b73467116b8a37ea2eb032b247f276e03c75e,library/009_amilla-fushi/dining_menu/2026_Francesc_Menu.pdf,,current,True,needs-review,2026-10-04,"ambiguous match [9, 128]"
128,"One & Only Reethi Rah, Maldives",dining_menu,2026_Francesc_Menu.pdf,2026,,,2,152,True,amilla.com,official,https://amilla.com/wp-content/uploads/Francesc_Menu.pdf,https://amilla.com/wp-content/uploads/Francesc_Menu.pdf,9922000d1bae659209241d90a23b73467116b8a37ea2eb032b247f276e03c75e,library/009_amilla-fushi/dining_menu/2026_Francesc_Menu.pdf,,current,True,needs-review,2026-10-04,"ambiguous match [9, 128]"
9,Amilla Fushi,dining_menu,2025_DBI-Amilla-Tablet-Mobile-Menu-July-2025.pdf,2025,,,18,5022,True,amilla.com,official,https://amilla.com/wp-content/uploads/DBI-Amilla-Tablet-Mobile-Menu-July-2025.pdf,https://amilla.com/wp-content/uploads/DBI-Amilla-Tablet-Mobile-Menu-July-2025.pdf,da5f146cb1e112b3dc801b1f934687c26cec651cdbc72776ff85dbdf04bf0cda,library/009_amilla-fushi/dining_menu/2025_DBI-Amilla-Tablet-Mobile-Menu-July-2025.pdf,,current,False,matched,2026-10-04,
9,Amilla Fushi,dining_menu,2025_Yoko-Kawaguchi_Menu.pdf,2025,,,2,181,True,amilla.com,official,https://amilla.com/wp-content/uploads/Yoko-Kawaguchi_Menu.pdf,https://amilla.com/wp-content/uploads/Yoko-Kawaguchi_Menu.pdf,b3e799bc4814fe49a72a9e01154d355e9428af739e924ec3ef4725f8767df2ea,library/009_amilla-fushi/dining_menu/2025_Yoko-Kawaguchi_Menu.pdf,,current,False,matched,2026-10-04,
9,Amilla Fushi,dining_menu,2025_Rashdy-Ahmad_Menu.pdf,2025,,,2,219,True,amilla.com,official,https://amilla.com/wp-content/uploads/Rashdy-Ahmad_Menu.pdf,https://amilla.com/wp-content/uploads/Rashdy-Ahmad_Menu.pdf,cb89e0e749e9ba529965605ac4b921c8a73ec6962faf67092eeb12cce1bd5f94,library/009_amilla-fushi/dining_menu/2025_Rashdy-Ahmad_Menu.pdf,,current,False,matched,2026-10-04,
9,Amilla Fushi,dining_menu,2025_Dr.-Amit_Menu.pdf,2025,,,3,236,True,amilla.com,official,https://amilla.com/wp-content/uploads/Dr.-Amit_Menu.pdf,https://amilla.com/wp-content/uploads/Dr.-Amit_Menu.pdf,f0bc24b0388fed390b01d1cb4a1578bd0f685886ad705b68e49b4e38fef888df,library/009_amilla-fushi/dining_menu/2025_Dr.-Amit_Menu.pdf,,current,False,matched,2026-10-04,
9,Amilla Fushi,dining_menu,2025_Karol_Menu.pdf,2025,,,3,149,True,amilla.com,official,https://amilla.com/wp-content/uploads/Karol_Menu.pdf,https://amilla.com/wp-content/uploads/Karol_Menu.pdf,1025b3da4761a5e9733f41f665c9291a1959dd5e5e4ebfde7274ffe78bc346da,library/009_amilla-fushi/dining_menu/2025_Karol_Menu.pdf,,current,False,matched,2026-10-04,
9,Amilla Fushi,dining_menu,2025_Dr.-Sohal_Menu-1.pdf,2025,,,2,206,True,amilla.com,official,https://amilla.com/wp-content/uploads/Dr.-Sohal_Menu-1.pdf,https://amilla.com/wp-content/uploads/Dr.-Sohal_Menu-1.pdf,706ca1c5b3079cc14e2d5b30ca3955e71dd25e6b851d4019e4b7102eaed92853,library/009_amilla-fushi/dining_menu/2025_Dr.-Sohal_Menu-1.pdf,,current,False,matched,2026-10-04,
9,Amilla Fushi,dining_menu,2025_Lisa_Menu.pdf,2025,,,2,254,True,amilla.com,official,https://amilla.com/wp-content/uploads/Lisa_Menu.pdf,https://amilla.com/wp-content/uploads/Lisa_Menu.pdf,5ed4a8109cb1b0c125b2e4488d2ece9912d3ef659eb3075180db9418ceac17aa,library/009_amilla-fushi/dining_menu/2025_Lisa_Menu.pdf,,current,False,matched,2026-10-04,
9,Amilla Fushi,dining_menu,2025_Pallavi-Sawant_Menu-1.pdf,2025,,,2,374,True,amilla.com,official,https://amilla.com/wp-content/uploads/Pallavi-Sawant_Menu-1.pdf,https://amilla.com/wp-content/uploads/Pallavi-Sawant_Menu-1.pdf,09bec42eb0549689873bb77b063ccb913bc93fa101060e7eb372d225abdd2632,library/009_amilla-fushi/dining_menu/2025_Pallavi-Sawant_Menu-1.pdf,,current,False,matched,2026-10-04,
9,Amilla Fushi,dining_menu,2025_Pallavi-Sawant_Menu.pdf,2025,,,2,361,True,amilla.com,official,https://amilla.com/wp-content/uploads/Pallavi-Sawant_Menu.pdf,https://amilla.com/wp-content/uploads/Pallavi-Sawant_Menu.pdf,bb7d6d5f29f618ee184e070aa18a8d2c0543ff21289a5a9df831a800c4b89921,library/009_amilla-fushi/dining_menu/2025_Pallavi-Sawant_Menu.pdf,,current,False,matched,2026-10-04,
9,Amilla Fushi,dining_menu,2025_Patience_Menu-1.pdf,2025,,,2,216,True,amilla.com,official,https://amilla.com/wp-content/uploads/Patience_Menu-1.pdf,https://amilla.com/wp-content/uploads/Patience_Menu-1.pdf,6189784ec0967047996ce2256625a13588880062b18fd39f8b0574ae10099aad,library/009_amilla-fushi/dining_menu/2025_Patience_Menu-1.pdf,,current,False,matched,2026-10-04,
9,Amilla Fushi,dining_menu,2025_Patience_Menu.pdf,2025,,,2,204,True,amilla.com,official,https://amilla.com/wp-content/uploads/Patience_Menu.pdf,https://amilla.com/wp-content/uploads/Patience_Menu.pdf,1d5173245b98c8e37a739876ad923929082e1f1c0e8089445dd11cee2a6ca1e2,library/009_amilla-fushi/dining_menu/2025_Patience_Menu.pdf,,current,False,matched,2026-10-04,
9,Amilla Fushi,dining_menu,2024_VP-Dr.-Tridendra-Service-Menu-2.pdf,2024,,,2,243,True,amilla.com,official,https://amilla.com/wp-content/uploads/VP-Dr.-Tridendra-Service-Menu-2.pdf,https://amilla.com/wp-content/uploads/VP-Dr.-Tridendra-Service-Menu-2.pdf,abcb00154c181d8b8f057fa72cbbea38e66d4049e953c966951c07ab963b8b44,library/009_amilla-fushi/dining_menu/2024_VP-Dr.-Tridendra-Service-Menu-2.pdf,,outdated,False,matched,2026-10-04,
9,Amilla Fushi,dining_menu,2024_Umana-Noordeen_Menu.pdf,2024,,,2,300,True,amilla.com,official,https://amilla.com/wp-content/uploads/Umana-Noordeen_Menu.pdf,https://amilla.com/wp-content/uploads/Umana-Noordeen_Menu.pdf,f411c44b9381e6b441dad084b442b89dd2949ae277e4afe896ce535d0b7c62e8,library/009_amilla-fushi/dining_menu/2024_Umana-Noordeen_Menu.pdf,,outdated,False,matched,2026-10-04,
9,Amilla Fushi,dining_menu,2024_Umana-Noordeen_Menu-1.pdf,2024,,,2,521,True,amilla.com,official,https://amilla.com/wp-content/uploads/Umana-Noordeen_Menu-1.pdf,https://amilla.com/wp-content/uploads/Umana-Noordeen_Menu-1.pdf,d30ce892564f4323ea97d3a264750f4fe564b074241cd75e31f8c0aefc193c68,library/009_amilla-fushi/dining_menu/2024_Umana-Noordeen_Menu-1.pdf,,outdated,False,matched,2026-10-04,
9,Amilla Fushi,dining_menu,2024_VP-Dr.-Tridendra-Service-Menu-1.pdf,2024,,,2,266,True,amilla.com,official,https://amilla.com/wp-content/uploads/VP-Dr.-Tridendra-Service-Menu-1.pdf,https://amilla.com/wp-content/uploads/VP-Dr.-Tridendra-Service-Menu-1.pdf,491c943ce57c2a2b2f590c2af1866c7dadb38eadb1b744c515759cbca1d8789a,library/009_amilla-fushi/dining_menu/2024_VP-Dr.-Tridendra-Service-Menu-1.pdf,,outdated,False,matched,2026-10-04,
9,Amilla Fushi,dining_menu,2024_DBI-Amilla-2024.pdf,2024,,,18,4756,True,amilla.com,official,https://amilla.com/wp-content/uploads/DBI-Amilla-2024.pdf,https://amilla.com/wp-content/uploads/DBI-Amilla-2024.pdf,f3b2bf04e133103d3854de0aed3b574f957350bb7b34d446c699114221f0a092,library/009_amilla-fushi/dining_menu/2024_DBI-Amilla-2024.pdf,,outdated,False,matched,2026-10-04,
9,Amilla Fushi,dining_menu,2024_VP-Dr.-Tridendra-Service-Menu.pdf,2024,,,2,266,True,amilla.com,official,https://amilla.com/wp-content/uploads/VP-Dr.-Tridendra-Service-Menu.pdf,https://amilla.com/wp-content/uploads/VP-Dr.-Tridendra-Service-Menu.pdf,52c6662e77026593283683fc002e28e2925c71eb834fb23a82dea7299cd279a5,library/009_amilla-fushi/dining_menu/2024_VP-Dr.-Tridendra-Service-Menu.pdf,,outdated,False,matched,2026-10-04,
9,Amilla Fushi,dining_menu,2024_Eid-al-Fitr-at-Amilla.pdf,2024,,,1,497,True,amilla.com,official,https://amilla.com/wp-content/uploads/Eid-al-Fitr-at-Amilla.pdf,https://amilla.com/wp-content/uploads/Eid-al-Fitr-at-Amilla.pdf,92d7cb125ef9ec34e59a76f771263b9b6f31ac079c6be284b0e97464010df104,library/009_amilla-fushi/dining_menu/2024_Eid-al-Fitr-at-Amilla.pdf,,outdated,False,matched,2026-10-04,
9,Amilla Fushi,dining_menu,2024_Elle-Lenka-Fernandes-Menu.pdf,2024,,,2,159,True,amilla.com,official,https://amilla.com/wp-content/uploads/Elle-Lenka-Fernandes-Menu.pdf,https://amilla.com/wp-content/uploads/Elle-Lenka-Fernandes-Menu.pdf,ae786440033a8d5cc14149cd78b4eebc02b478a95cb329df777b8f6ddbe8860f,library/009_amilla-fushi/dining_menu/2024_Elle-Lenka-Fernandes-Menu.pdf,,outdated,False,matched,2026-10-04,
9,Amilla Fushi,dining_menu,2023_East-WYW-Menu.pdf,2023,,,7,315,True,amilla.com,official,https://amilla.com/wp-content/uploads/East-WYW-Menu.pdf,https://amilla.com/wp-content/uploads/East-WYW-Menu.pdf,1a1300de3203f2e2bec7d2d2173a132edf6ef0d949a99f1ced3dde0956c4514c,library/009_amilla-fushi/dining_menu/2023_East-WYW-Menu.pdf,,outdated,False,matched,2026-10-04,
9,Amilla Fushi,dining_menu,2023_East-Menu.pdf,2023,,,2,297,True,amilla.com,official,https://amilla.com/wp-content/uploads/East-Menu.pdf,https://amilla.com/wp-content/uploads/East-Menu.pdf,a27c87dce601a8de88412133f18b944f521dcfd941a9ae81b5937fc8ed64181e,library/009_amilla-fushi/dining_menu/2023_East-Menu.pdf,,outdated,False,matched,2026-10-04,
9,Amilla Fushi,dining_menu,2023_Joes-Pizza-Menu.pdf,2023,,,1,668,True,amilla.com,official,https://amilla.com/wp-content/uploads/Joes-Pizza-Menu.pdf,https://amilla.com/wp-content/uploads/Joes-Pizza-Menu.pdf,dbfc140aa72090dd2899c9fc2f4c81ae4e79b811b145c69b20cefe62de1ff457,library/009_amilla-fushi/dining_menu/2023_Joes-Pizza-Menu.pdf,,outdated,False,matched,2026-10-04,
9,Amilla Fushi,dining_menu,2023_In-Villa-Home-Delivery-Menu.pdf,2023,,,26,9116,True,amilla.com,official,https://amilla.com/wp-content/uploads/In-Villa-Home-Delivery-Menu.pdf,https://amilla.com/wp-content/uploads/In-Villa-Home-Delivery-Menu.pdf,aad7a54b1e88e590d182305f4ff0e84e5fb951955903524ca8b66c9a3a513f82,library/009_amilla-fushi/dining_menu/2023_In-Villa-Home-Delivery-Menu.pdf,,outdated,False,matched,2026-10-04,
9,Amilla Fushi,dining_menu,2020_Wine-List.pdf,2020,,,6,315,True,amilla.com,official,https://amilla.com/wp-content/uploads/Wine-List.pdf,https://amilla.com/wp-content/uploads/Wine-List.pdf,9fb31674abfec0ec93851829d18e5cdccce692671e6c3ef4631296da7b7db280,library/009_amilla-fushi/dining_menu/2020_Wine-List.pdf,,outdated,False,matched,2026-10-04,
9,Amilla Fushi,dive_prices,2025_GSTUPD_DBI-Amilla-WS-Price-List-2025_online.pdf,2025,,,15,2310,True,amilla.com,official,https://amilla.com/wp-content/uploads/GSTUPD_DBI-Amilla-WS-Price-List-2025_online.pdf,https://amilla.com/wp-content/uploads/GSTUPD_DBI-Amilla-WS-Price-List-2025_online.pdf,a16fad4103e7f4cc0a7fdfc3645a4838d1ce6045921a144ffdfbcfb77c1a22fd,library/009_amilla-fushi/dive_prices/2025_GSTUPD_DBI-Amilla-WS-Price-List-2025_online.pdf,,current,True,matched,2026-10-04,
9,Amilla Fushi,dive_prices,2025_Sports-Fishing-2025.pdf,2025,,,7,598,True,amilla.com,official,https://amilla.com/wp-content/uploads/Sports-Fishing-2025.pdf,https://amilla.com/wp-content/uploads/Sports-Fishing-2025.pdf,0e98291911f7e62e2bc40acb6865daee2e7a2ca392ab4b0c380f09bba664dda3,library/009_amilla-fushi/dive_prices/2025_Sports-Fishing-2025.pdf,,current,False,matched,2026-10-04,
9,Amilla Fushi,dive_prices,2024_Marine-Life-Information.pdf,2024,,,11,3038,True,amilla.com,official,https://amilla.com/wp-content/uploads/Marine-Life-Information.pdf,https://amilla.com/wp-content/uploads/Marine-Life-Information.pdf,0382fff749e13fb5f3b5162c1a5d2f49a42c336568d77b820c83ca50e29c02a3,library/009_amilla-fushi/dive_prices/2024_Marine-Life-Information.pdf,,outdated,False,matched,2026-10-04,
9,Amilla Fushi,dive_prices,2024_Snorkelling-at-Amilla-01.pdf,2024,,,2,1316,True,amilla.com,official,https://amilla.com/wp-content/uploads/Snorkelling-at-Amilla-01.pdf,https://amilla.com/wp-content/uploads/Snorkelling-at-Amilla-01.pdf,134fb76922f439b00bb018ea7b479240495595d6118fa517013cee01b175de75,library/009_amilla-fushi/dive_prices/2024_Snorkelling-at-Amilla-01.pdf,,outdated,False,matched,2026-10-04,
9,Amilla Fushi,dive_prices,2023_Amilla-Penguin-Journey.pdf,2023,,,1,892,True,amilla.com,official,https://amilla.com/wp-content/uploads/Amilla-Penguin-Journey.pdf,https://amilla.com/wp-content/uploads/Amilla-Penguin-Journey.pdf,7d2cf3b5a980c6f5b0c2011ec5690961197487b3ea0e1a45ee21411b0d3e117c,library/009_amilla-fushi/dive_prices/2023_Amilla-Penguin-Journey.pdf,,outdated,False,matched,2026-10-04,
9,Amilla Fushi,dive_prices,2023_DBI-Amilla-Watersports.pdf,2023,,,3,7647,True,amilla.com,official,https://amilla.com/wp-content/uploads/DBI-Amilla-Watersports.pdf,https://amilla.com/wp-content/uploads/DBI-Amilla-Watersports.pdf,234f8222ae618b4f507b1e72db0447872fbc3566180e4f1951314e20a8eb9aff,library/009_amilla-fushi/dive_prices/2023_DBI-Amilla-Watersports.pdf,,outdated,False,matched,2026-10-04,
9,Amilla Fushi,dive_prices,2011_DBI-Amilla-Compendium-Diving-Rates.pdf,2011,,,25,1613,True,amilla.com,official,https://amilla.com/wp-content/uploads/DBI-Amilla-Compendium-Diving-Rates.pdf,https://amilla.com/wp-content/uploads/DBI-Amilla-Compendium-Diving-Rates.pdf,ce3ee1670d66600cf3b453a9041ada45e83ccbad659d948a41a98ab5c65959f7,library/009_amilla-fushi/dive_prices/2011_DBI-Amilla-Compendium-Diving-Rates.pdf,,outdated,False,matched,2026-10-04,
9,Amilla Fushi,excursions,2025_Excursions_-September-2025.pdf,2025,,,3,418,True,amilla.com,official,https://amilla.com/wp-content/uploads/Excursions_-September-2025.pdf,https://amilla.com/wp-content/uploads/Excursions_-September-2025.pdf,26e14d964532cb09480541d1f420273ff5b63fb67cf19a6f31b7af11aa61a18c,library/009_amilla-fushi/excursions/2025_Excursions_-September-2025.pdf,,current,True,matched,2026-10-04,
9,Amilla Fushi,excursions,2025_Excursions_2025-2-1.pdf,2025,,,3,458,True,amilla.com,official,https://amilla.com/wp-content/uploads/Excursions_2025-2-1.pdf,https://amilla.com/wp-content/uploads/Excursions_2025-2-1.pdf | https://amilla.com/wp-content/uploads/Excursions_2025-2.pdf,3425cb4d732c0389dbb0c607e6a0a7b44895f5fd5c4028574061c6d07f33ead5,library/009_amilla-fushi/excursions/2025_Excursions_2025-2-1.pdf,,current,False,matched,2026-10-04,
9,Amilla Fushi,excursions,2024_Earth-Day-at-Amilla-2024.pdf,2024,,,1,522,True,amilla.com,official,https://amilla.com/wp-content/uploads/Earth-Day-at-Amilla-2024.pdf,https://amilla.com/wp-content/uploads/Earth-Day-at-Amilla-2024.pdf,84b6cf65a7892b858e2a4b7fab2585f9c8b270bc25f87336bd943b184380fb20,library/009_amilla-fushi/excursions/2024_Earth-Day-at-Amilla-2024.pdf,,outdated,False,matched,2026-10-04,
9,Amilla Fushi,kids,2025_Tennis-1.pdf,2025,,,1,1421,True,amilla.com,official,https://amilla.com/wp-content/uploads/Tennis-1.pdf,https://amilla.com/wp-content/uploads/Tennis-1.pdf,cf64b42b1388f8801cafce1bf7e59e99bc0ecca72c4d77b6f6d06f5dc5b9af58,library/009_amilla-fushi/kids/2025_Tennis-1.pdf,,current,True,matched,2026-10-04,
9,Amilla Fushi,kids,2024_Kids-Club-Schedule_2024.pdf,2024,,,2,216,True,amilla.com,official,https://amilla.com/wp-content/uploads/Kids-Club-Schedule_2024.pdf,https://amilla.com/wp-content/uploads/Kids-Club-Schedule_2024.pdf,038050272549bdd9795c8cc51cff23784aa7a3e73e9e61b213b92d8cacaea8e4,library/009_amilla-fushi/kids/2024_Kids-Club-Schedule_2024.pdf,,outdated,False,matched,2026-10-04,
9,Amilla Fushi,kids,2024_Tennis_Vlad_2024.pdf,2024,,,1,1487,True,amilla.com,official,https://amilla.com/wp-content/uploads/Tennis_Vlad_2024.pdf,https://amilla.com/wp-content/uploads/Tennis_Vlad_2024.pdf,a68d17cf46131a3fa6fe6e13dac1e6eb6047630c1c9669ab39c440b5810d8ad8,library/009_amilla-fushi/kids/2024_Tennis_Vlad_2024.pdf,,outdated,False,matched,2026-10-04,
9,Amilla Fushi,kids,2023_Tennis.pdf,2023,,,1,1393,True,amilla.com,official,https://amilla.com/wp-content/uploads/Tennis.pdf,https://amilla.com/wp-content/uploads/Tennis.pdf,4a74be1913d5106c5a62598a6c30da30226700e0d9b27c33fbde4d28f1335fb1,library/009_amilla-fushi/kids/2023_Tennis.pdf,,outdated,False,matched,2026-10-04,
9,Amilla Fushi,villa_plans,2026_Accessibility-Inclusivity_2026.pdf,2026,,,6,2247,True,amilla.com,official,https://amilla.com/wp-content/uploads/Accessibility-Inclusivity_2026.pdf,https://amilla.com/wp-content/uploads/Accessibility-Inclusivity_2026.pdf,5d6ec2cb3dd7f90f349168366790baff90a9a032b3d4f153d778fdd3e155cd9a,library/009_amilla-fushi/villa_plans/2026_Accessibility-Inclusivity_2026.pdf,,current,True,matched,2026-10-04,
9,Amilla Fushi,villa_plans,2025_Four-Bedroom-Residence-.pdf,2025,,,2,6294,False,amilla.com,official,https://amilla.com/wp-content/uploads/Four-Bedroom-Residence-.pdf,https://amilla.com/wp-content/uploads/Four-Bedroom-Residence-.pdf,916e2a6dc0ad87e3d032556ba020442c95637f6f855a66550f9b1d8fe4e0968d,library/009_amilla-fushi/villa_plans/2025_Four-Bedroom-Residence-.pdf,,current,False,matched,2026-10-04,
9,Amilla Fushi,villa_plans,2025_The-Great-Beach-Residence.pdf,2025,,,2,6410,False,amilla.com,official,https://amilla.com/wp-content/uploads/The-Great-Beach-Residence.pdf,https://amilla.com/wp-content/uploads/The-Great-Beach-Residence.pdf,4c97a2e690993cc917f951cf5d97e4c6f0dada94cd76a48c1978c52b6cfb89a8,library/009_amilla-fushi/villa_plans/2025_The-Great-Beach-Residence.pdf,,current,False,matched,2026-10-04,
9,Amilla Fushi,villa_plans,2022_Fatcheet-Amilla-Maldives-Resort-and-Residences.pdf,2022,,,3,708,True,neoscapesmaldives.com,dmc-agency,https://www.neoscapesmaldives.com/wp-content/uploads/Fatcheet-Amilla-Maldives-Resort-and-Residences.pdf,https://www.neoscapesmaldives.com/wp-content/uploads/Fatcheet-Amilla-Maldives-Resort-and-Residences.pdf,074e637d7db166970972d1c5137ebfb87cc1142febadf8df6968e3291a14869e,library/009_amilla-fushi/villa_plans/2022_Fatcheet-Amilla-Maldives-Resort-and-Residences.pdf,,outdated,False,matched,2026-10-04,
9,Amilla Fushi,all_inclusive,2025_Meal-Plans-2025-Updated.pdf,2025,,,2,96,True,amilla.com,official,https://amilla.com/wp-content/uploads/Meal-Plans-2025-Updated.pdf,https://amilla.com/wp-content/uploads/Meal-Plans-2025-Updated.pdf | https://amilla.com/wp-content/uploads/Amilla-Maldives-Meal-Plans-2026.pdf,d86650416ae42f1a3762a45e9029c35856294fb1573d34ad51eb9fcc8de21657,library/009_amilla-fushi/all_inclusive/2025_Meal-Plans-2025-Updated.pdf,,current,False,matched,2026-10-04,
9,Amilla Fushi,all_inclusive,2025_Bluejay_Packages_v3.pdf,2025,,,4,619,True,amilla.com,official,https://amilla.com/wp-content/uploads/Bluejay_Packages_v3.pdf,https://amilla.com/wp-content/uploads/Bluejay_Packages_v3.pdf,3f84e7a2859a05dc143b93ec46ca2c03edec046de5a95dc13a324d5588ae4893,library/009_amilla-fushi/all_inclusive/2025_Bluejay_Packages_v3.pdf,,current,True,matched,2026-10-04,
9,Amilla Fushi,all_inclusive,2024_Bluejay-Photography-Packages.pdf,2024,,,4,235,True,amilla.com,official,https://amilla.com/wp-content/uploads/Bluejay-Photography-Packages.pdf,https://amilla.com/wp-content/uploads/Bluejay-Photography-Packages.pdf,f8ce19c101455eb8f5cc087c2b3c53804fbe710d8532c75e09678911d918ac76,library/009_amilla-fushi/all_inclusive/2024_Bluejay-Photography-Packages.pdf,,outdated,False,matched,2026-10-04,
9,Amilla Fushi,all_inclusive,2023_Inclusive-travel-accessibility.pdf,2023,,,6,940,True,amilla.com,official,https://amilla.com/wp-content/uploads/Inclusive-travel-accessibility.pdf,https://amilla.com/wp-content/uploads/Inclusive-travel-accessibility.pdf,a1ffe90d32647b1545f513de1e9cbae200311ff0b34efa412bcbaf56306e4302,library/009_amilla-fushi/all_inclusive/2023_Inclusive-travel-accessibility.pdf,,outdated,False,matched,2026-10-04,
9,Amilla Fushi,sustainability,2026_World-Sea-Turtle-Day-Flyer.pdf,2026,,,1,2599,True,amilla.com,official,https://amilla.com/wp-content/uploads/World-Sea-Turtle-Day-Flyer.pdf,https://amilla.com/wp-content/uploads/World-Sea-Turtle-Day-Flyer.pdf,88c702ccb5c011b33ac9f9efb51fa1b8b478970e151927bd392bbd965596b8ef,library/009_amilla-fushi/sustainability/2026_World-Sea-Turtle-Day-Flyer.pdf,,current,False,matched,2026-10-04,
9,Amilla Fushi,sustainability,2026_Amilla-Maldives_Sustainability_2026.pdf,2026,,,4,2560,True,amilla.com,official,https://amilla.com/wp-content/uploads/Amilla-Maldives_Sustainability_2026.pdf,https://amilla.com/wp-content/uploads/Amilla-Maldives_Sustainability_2026.pdf,b443dd440d6820ecaceb36d8a82925ad1631ecd2446dcdf41d1345fdec07a62c,library/009_amilla-fushi/sustainability/2026_Amilla-Maldives_Sustainability_2026.pdf,,current,True,matched,2026-10-04,
9,Amilla Fushi,calendar,2024_Orthodox-Easter_2024.pdf,2024,,,1,162,True,amilla.com,official,https://amilla.com/wp-content/uploads/Orthodox-Easter_2024.pdf,https://amilla.com/wp-content/uploads/Orthodox-Easter_2024.pdf,6382de2bc74ec1f5ee4566a8325ff4829f3a428433d1df758a5a7dffa33fd2fa,library/009_amilla-fushi/calendar/2024_Orthodox-Easter_2024.pdf,,outdated,True,matched,2026-10-04,
9,Amilla Fushi,calendar,2024_Chinese-New-Year-2024.pdf,2024,,,1,585,True,amilla.com,official,https://amilla.com/wp-content/uploads/Chinese-New-Year-2024.pdf,https://amilla.com/wp-content/uploads/Chinese-New-Year-2024.pdf,cb1df5fa1c32ec40f0e6a3f4b871ec7fda22c4c5e4d5b5c62896acf43c0a04c7,library/009_amilla-fushi/calendar/2024_Chinese-New-Year-2024.pdf,,outdated,False,matched,2026-10-04,
9,Amilla Fushi,calendar,2023_Pause-Retreat.pdf,2023,,,6,2879,True,amilla.com,official,https://amilla.com/wp-content/uploads/Pause-Retreat.pdf,https://amilla.com/wp-content/uploads/Pause-Retreat.pdf,f3f7f0305171accb354ec52bdcbfc46e173e31471dd1b14564f809800faead49,library/009_amilla-fushi/calendar/2023_Pause-Retreat.pdf,,outdated,False,matched,2026-10-04,
9,Amilla Fushi,brochure,2026_International-Coffee-Day-2026-Final.pdf,2026,,,1,363,True,amilla.com,official,https://amilla.com/wp-content/uploads/International-Coffee-Day-2026-Final.pdf,https://amilla.com/wp-content/uploads/International-Coffee-Day-2026-Final.pdf,46f4836c5ac9084b8181ecf757149d837919af4624709411a92354f98bf87021,library/009_amilla-fushi/brochure/2026_International-Coffee-Day-2026-Final.pdf,,current,True,matched,2026-10-04,
9,Amilla Fushi,brochure,2026_Flyer-_-Dr.-Lim.pdf,2026,,,1,463,True,amilla.com,official,https://amilla.com/wp-content/uploads/Flyer-_-Dr.-Lim.pdf,https://amilla.com/wp-content/uploads/Flyer-_-Dr.-Lim.pdf,f921eadad747927457903c403e220b18d75d2363d090bc17d37e9add1656c7ec,library/009_amilla-fushi/brochure/2026_Flyer-_-Dr.-Lim.pdf,,current,False,matched,2026-10-04,
9,Amilla Fushi,brochure,2026_Flyer-_-Dr.-Tridendra-1.pdf,2026,,,1,543,True,amilla.com,official,https://amilla.com/wp-content/uploads/Flyer-_-Dr.-Tridendra-1.pdf,https://amilla.com/wp-content/uploads/Flyer-_-Dr.-Tridendra-1.pdf,72f2759948a93c78f812a92a77452265161f4cfd70ee5245763632ae7c914583,library/009_amilla-fushi/brochure/2026_Flyer-_-Dr.-Tridendra-1.pdf,,current,False,matched,2026-10-04,
9,Amilla Fushi,brochure,2026_Flyer-_-Dr.-Lim-2.pdf,2026,,,1,463,True,amilla.com,official,https://amilla.com/wp-content/uploads/Flyer-_-Dr.-Lim-2.pdf,https://amilla.com/wp-content/uploads/Flyer-_-Dr.-Lim-2.pdf,0d5927179e4e0e2830a080aec724e24f5954353cd5431bafb2e3734634c27b98,library/009_amilla-fushi/brochure/2026_Flyer-_-Dr.-Lim-2.pdf,,current,False,matched,2026-10-04,
9,Amilla Fushi,brochure,2026_VP-Flyer_Nikki-new-2.pdf,2026,,,1,1877,True,amilla.com,official,https://amilla.com/wp-content/uploads/VP-Flyer_Nikki-new-2.pdf,https://amilla.com/wp-content/uploads/VP-Flyer_Nikki-new-2.pdf,ad6807b06105cd5ac420c693f40c613a33e3db6c65ecc347ee137fb345c4dcd3,library/009_amilla-fushi/brochure/2026_VP-Flyer_Nikki-new-2.pdf,,current,False,matched,2026-10-04,
9,Amilla Fushi,brochure,2024_Football-Academy_Flyer.pdf,2024,,,2,444,True,amilla.com,official,https://amilla.com/wp-content/uploads/Football-Academy_Flyer.pdf,https://amilla.com/wp-content/uploads/Football-Academy_Flyer.pdf,9815ac7b889bfd62a3a31f896446bfe629b9b3c91a4424606f14288abe6e1c9a,library/009_amilla-fushi/brochure/2024_Football-Academy_Flyer.pdf,,outdated,False,matched,2026-10-04,
9,Amilla Fushi,brochure,2024_Halloween-Flyer-Revised_LR.pdf,2024,,,5,1956,False,amilla.com,official,https://amilla.com/wp-content/uploads/Halloween-Flyer-Revised_LR.pdf,https://amilla.com/wp-content/uploads/Halloween-Flyer-Revised_LR.pdf,2b1e3071adc6c11b62d094feebfb368efaa83f9797bb9d937095fcb372b53f1c,library/009_amilla-fushi/brochure/2024_Halloween-Flyer-Revised_LR.pdf,,outdated,False,matched,2026-10-04,
9,Amilla Fushi,other,2025_The-Amilla-Estate.pdf,2025,,,2,6080,False,amilla.com,official,https://amilla.com/wp-content/uploads/The-Amilla-Estate.pdf,https://amilla.com/wp-content/uploads/The-Amilla-Estate.pdf,91b912bbe0aff0ac5f7dcd3c1f24860bab0a10b04386d5f32d75bd55bae9d504,library/009_amilla-fushi/other/2025_The-Amilla-Estate.pdf,,current,True,matched,2026-10-04,
10,Dreamland - The Unique Sea & Lake Resort/Spa,factsheet,2023_DreamLand-FactSheet-English-2023.pdf,2023,,,2,190,True,dreamland.com.mv,official,https://dreamland.com.mv/wp-content/uploads/2024/08/DreamLand-FactSheet-English-2023.pdf,https://dreamland.com.mv/wp-content/uploads/2024/08/DreamLand-FactSheet-English-2023.pdf,b7c9cceae616a3daae6c96f5aca1a3f83ec70b9667d828d8abecca0303a9db2b,library/010_dreamland-the-unique-sea-lake-resort-spa/factsheet/2023_DreamLand-FactSheet-English-2023.pdf,,outdated,False,matched,2026-10-04,
10,Dreamland - The Unique Sea & Lake Resort/Spa,factsheet,2023_DREAMLAND-GENERAL-INFORMATION-GERMAN-2023.pdf,2023,,,4,181,True,dreamland.com.mv,official,https://dreamland.com.mv/wp-content/uploads/2024/08/DREAMLAND-GENERAL-INFORMATION-GERMAN-2023.pdf,https://dreamland.com.mv/wp-content/uploads/2024/08/DREAMLAND-GENERAL-INFORMATION-GERMAN-2023.pdf,7fba6015395f655e20df36bbb24e9ef54f57467f7cbb5dddbe126494f3c28ea0,library/010_dreamland-the-unique-sea-lake-resort-spa/factsheet/2023_DREAMLAND-GENERAL-INFORMATION-GERMAN-2023.pdf,,outdated,True,matched,2026-10-04,
10,Dreamland - The Unique Sea & Lake Resort/Spa,factsheet,2023_DREAMLAND-GENERAL-INFORMATION-ENGLISH-2023.pdf,2023,,,3,137,True,dreamland.com.mv,official,https://dreamland.com.mv/wp-content/uploads/2024/08/DREAMLAND-GENERAL-INFORMATION-ENGLISH-2023.pdf,https://dreamland.com.mv/wp-content/uploads/2024/08/DREAMLAND-GENERAL-INFORMATION-ENGLISH-2023.pdf,78a09624937797f1367e781352ee24c4c19b2844eccfc2b3023dcf292d4427c9,library/010_dreamland-the-unique-sea-lake-resort-spa/factsheet/2023_DREAMLAND-GENERAL-INFORMATION-ENGLISH-2023.pdf,,outdated,False,matched,2026-10-04,
10,Dreamland - The Unique Sea & Lake Resort/Spa,factsheet,2023_DREAMLAND-GENERAL-INFORMATION-CHINESE-2023.pdf,2023,,,2,225,True,dreamland.com.mv,official,https://dreamland.com.mv/wp-content/uploads/2024/08/DREAMLAND-GENERAL-INFORMATION-CHINESE-2023.pdf,https://dreamland.com.mv/wp-content/uploads/2024/08/DREAMLAND-GENERAL-INFORMATION-CHINESE-2023.pdf,7ed40fce906e7874cac568a12aaf8e1fb2ddf19f256621ecd4f784647b0bf313,library/010_dreamland-the-unique-sea-lake-resort-spa/factsheet/2023_DREAMLAND-GENERAL-INFORMATION-CHINESE-2023.pdf,,outdated,False,matched,2026-10-04,
10,Dreamland - The Unique Sea & Lake Resort/Spa,wedding,2023_DREAMLAND-VOW-CEREMONY-2023.pdf,2023,,,2,88,True,dreamland.com.mv,official,https://dreamland.com.mv/wp-content/uploads/2024/08/DREAMLAND-VOW-CEREMONY-2023.pdf,https://dreamland.com.mv/wp-content/uploads/2024/08/DREAMLAND-VOW-CEREMONY-2023.pdf,a8b3ce7d22fab85dd2fc10f01a11672809951ff9fc97f03c657b744e4e7e3783,library/010_dreamland-the-unique-sea-lake-resort-spa/wedding/2023_DREAMLAND-VOW-CEREMONY-2023.pdf,,outdated,True,matched,2026-10-04,
10,Dreamland - The Unique Sea & Lake Resort/Spa,map,2023_DreamLand-Meal-Plan-Upgrade-2023.pdf,2023,,,1,105,True,dreamland.com.mv,official,https://dreamland.com.mv/wp-content/uploads/2024/08/DreamLand-Meal-Plan-Upgrade-2023.pdf,https://dreamland.com.mv/wp-content/uploads/2024/08/DreamLand-Meal-Plan-Upgrade-2023.pdf,3c861980a6a6351e9ab546400cee400d4af103d23296c04262a6f3fdd3cb9bbd,library/010_dreamland-the-unique-sea-lake-resort-spa/map/2023_DreamLand-Meal-Plan-Upgrade-2023.pdf,,outdated,True,matched,2026-10-04,
10,Dreamland - The Unique Sea & Lake Resort/Spa,map,2018_SPLENDID_DREAMLAND_RESORT-MAP_EDITED.pdf,2018,,,1,22398,True,dreamland.com.mv,official,https://dreamland.com.mv/wp-content/uploads/2024/08/SPLENDID_DREAMLAND_RESORT-MAP_EDITED.pdf,https://dreamland.com.mv/wp-content/uploads/2024/08/SPLENDID_DREAMLAND_RESORT-MAP_EDITED.pdf,fcad8c12d2ff65684e7531a0ec997d120a8cf173f9c33778c9e4285537b78e1c,library/010_dreamland-the-unique-sea-lake-resort-spa/map/2018_SPLENDID_DREAMLAND_RESORT-MAP_EDITED.pdf,,outdated,False,matched,2026-10-04,
10,Dreamland - The Unique Sea & Lake Resort/Spa,spa_menu,2023_Duny-Spa-menu-chineese-2023.pdf,2023,,,12,586,True,dreamland.com.mv,official,https://dreamland.com.mv/wp-content/uploads/2024/08/Duny-Spa-menu-chineese-2023.pdf,https://dreamland.com.mv/wp-content/uploads/2024/08/Duny-Spa-menu-chineese-2023.pdf | https://dreamland.com.mv/wp-content/uploads/2024/07/Duny-Spa-menu-chineese-2023.pdf,8738c0005ca175eeb5b45338c291ae69d1d0e8967aef3654a5c50e453e6ebe21,library/010_dreamland-the-unique-sea-lake-resort-spa/spa_menu/2023_Duny-Spa-menu-chineese-2023.pdf,,outdated,True,matched,2026-10-04,
10,Dreamland - The Unique Sea & Lake Resort/Spa,dining_menu,2023_DreamLand-Private-Lobster-Dinner-Menu-2023.pdf,2023,,,1,688,True,dreamland.com.mv,official,https://dreamland.com.mv/wp-content/uploads/2024/08/DreamLand-Private-Lobster-Dinner-Menu-2023.pdf,https://dreamland.com.mv/wp-content/uploads/2024/08/DreamLand-Private-Lobster-Dinner-Menu-2023.pdf,ec15d5c1b393fbc4982e86b46b714a7782992af227e58da44c01a6edac42631c,library/010_dreamland-the-unique-sea-lake-resort-spa/dining_menu/2023_DreamLand-Private-Lobster-Dinner-Menu-2023.pdf,,outdated,False,matched,2026-10-04,
10,Dreamland - The Unique Sea & Lake Resort/Spa,dining_menu,2023_DreamLand-Private-BBQ-Seafood-Menu-2023.pdf,2023,,,1,689,True,dreamland.com.mv,official,https://dreamland.com.mv/wp-content/uploads/2024/08/DreamLand-Private-BBQ-Seafood-Menu-2023.pdf,https://dreamland.com.mv/wp-content/uploads/2024/08/DreamLand-Private-BBQ-Seafood-Menu-2023.pdf,45870abcd0157d4b207e0e901f78c3a92c2b5f9ab721b81a836f994454950d1f,library/010_dreamland-the-unique-sea-lake-resort-spa/dining_menu/2023_DreamLand-Private-BBQ-Seafood-Menu-2023.pdf,,outdated,False,matched,2026-10-04,
10,Dreamland - The Unique Sea & Lake Resort/Spa,dining_menu,2023_DreamLand-Private-BBQ-Meat-Menu-2023.pdf,2023,,,1,594,True,dreamland.com.mv,official,https://dreamland.com.mv/wp-content/uploads/2024/08/DreamLand-Private-BBQ-Meat-Menu-2023.pdf,https://dreamland.com.mv/wp-content/uploads/2024/08/DreamLand-Private-BBQ-Meat-Menu-2023.pdf,7a11afee2a1dee4fa82ef4cb9d7a0f9190a925d4d8ee082fe4566817c8ac7662,library/010_dreamland-the-unique-sea-lake-resort-spa/dining_menu/2023_DreamLand-Private-BBQ-Meat-Menu-2023.pdf,,outdated,False,matched,2026-10-04,
10,Dreamland - The Unique Sea & Lake Resort/Spa,dining_menu,2023_DreamLand-HoneyMoon-Dinner-with-Fish-Starter-1-2023.pdf,2023,,,1,171,True,dreamland.com.mv,official,https://dreamland.com.mv/wp-content/uploads/2024/08/DreamLand-HoneyMoon-Dinner-with-Fish-Starter-1-2023.pdf,https://dreamland.com.mv/wp-content/uploads/2024/08/DreamLand-HoneyMoon-Dinner-with-Fish-Starter-1-2023.pdf,1df23c1bf8fb998fb579a1e865397d7d75952cbbbed475129666104e9c2f3c44,library/010_dreamland-the-unique-sea-lake-resort-spa/dining_menu/2023_DreamLand-HoneyMoon-Dinner-with-Fish-Starter-1-2023.pdf,,outdated,False,matched,2026-10-04,
10,Dreamland - The Unique Sea & Lake Resort/Spa,dining_menu,2023_DreamLand-Eat-Enjoy-Menu-2023.pdf,2023,,,13,1722,True,dreamland.com.mv,official,https://dreamland.com.mv/wp-content/uploads/2024/08/DreamLand-Eat-Enjoy-Menu-2023.pdf,https://dreamland.com.mv/wp-content/uploads/2024/08/DreamLand-Eat-Enjoy-Menu-2023.pdf | https://dreamland.com.mv/wp-content/uploads/2023/08/DreamLand-Eat-Enjoy-Menu-2023.pdf,cedf8383c8b19e49c17219565aee7a24d2f9d87dc51a879f3720cf328fc6e4fe,library/010_dreamland-the-unique-sea-lake-resort-spa/dining_menu/2023_DreamLand-Eat-Enjoy-Menu-2023.pdf,,outdated,False,matched,2026-10-04,
10,Dreamland - The Unique Sea & Lake Resort/Spa,dining_menu,2023_DreamLand-Beverage-Menu-2023.pdf,2023,,,14,2021,True,dreamland.com.mv,official,https://dreamland.com.mv/wp-content/uploads/2024/08/DreamLand-Beverage-Menu-2023.pdf,https://dreamland.com.mv/wp-content/uploads/2024/08/DreamLand-Beverage-Menu-2023.pdf | https://dreamland.com.mv/wp-content/uploads/2023/08/DreamLand-Beverage-Menu-2023.pdf,447c8384ed85cb6e25d0892e225d4ea265dd4c6f81592c66e73fad99c40db39e,library/010_dreamland-the-unique-sea-lake-resort-spa/dining_menu/2023_DreamLand-Beverage-Menu-2023.pdf,,outdated,True,matched,2026-10-04,
10,Dreamland - The Unique Sea & Lake Resort/Spa,dining_menu,2023_DreamLand-WINE-MENU-2023.pdf,2023,,,9,3318,False,dreamland.com.mv,official,https://dreamland.com.mv/wp-content/uploads/2024/08/DreamLand-WINE-MENU-2023.pdf,https://dreamland.com.mv/wp-content/uploads/2024/08/DreamLand-WINE-MENU-2023.pdf | https://dreamland.com.mv/wp-content/uploads/2023/08/DreamLand-WINE-MENU-2023.pdf,59b6dc17932894ce2c5681b46ba5adf59623982a4155360f530b11f12d1e3f8c,library/010_dreamland-the-unique-sea-lake-resort-spa/dining_menu/2023_DreamLand-WINE-MENU-2023.pdf,,outdated,False,matched,2026-10-04,
10,Dreamland - The Unique Sea & Lake Resort/Spa,dining_menu,2023_DreamLand-AI-MENU-2023.pdf,2023,,,6,1128,True,dreamland.com.mv,official,https://dreamland.com.mv/wp-content/uploads/2024/08/DreamLand-AI-MENU-2023.pdf,https://dreamland.com.mv/wp-content/uploads/2024/08/DreamLand-AI-MENU-2023.pdf | https://dreamland.com.mv/wp-content/uploads/2023/08/DreamLand-AI-MENU-2023.pdf,1d667c60be4113afe2eaeaca1d8eba7518e2fcc24af5616452eeb4d4b51c2e86,library/010_dreamland-the-unique-sea-lake-resort-spa/dining_menu/2023_DreamLand-AI-MENU-2023.pdf,,outdated,False,matched,2026-10-04,
10,Dreamland - The Unique Sea & Lake Resort/Spa,dive_prices,2023_DC-Pricelist-2023-Dreamland.pdf,2023,,,2,53,True,dreamland.com.mv,official,https://dreamland.com.mv/wp-content/uploads/2023/08/DC-Pricelist-2023-Dreamland.pdf,https://dreamland.com.mv/wp-content/uploads/2023/08/DC-Pricelist-2023-Dreamland.pdf,e7eb5d68862a66750eadcd2e58dac934ec3d942f5de2894fbe1a96ff0d2eea0d,library/010_dreamland-the-unique-sea-lake-resort-spa/dive_prices/2023_DC-Pricelist-2023-Dreamland.pdf,,outdated,True,matched,2026-10-04,
10,Dreamland - The Unique Sea & Lake Resort/Spa,excursions,2023_DREAMLAND-Private-Excursion-Trips-2023.pdf,2023,,,1,143,True,dreamland.com.mv,official,https://dreamland.com.mv/wp-content/uploads/2024/08/DREAMLAND-Private-Excursion-Trips-2023.pdf,https://dreamland.com.mv/wp-content/uploads/2024/08/DREAMLAND-Private-Excursion-Trips-2023.pdf | https://dreamland.com.mv/wp-content/uploads/2024/07/DREAMLAND-Private-Excursion-Trips-2023.pdf,603c856fa3f372af025b4a7220d343deeaf2466d2ab1529f3201ff4f3f97c63e,library/010_dreamland-the-unique-sea-lake-resort-spa/excursions/2023_DREAMLAND-Private-Excursion-Trips-2023.pdf,,outdated,False,matched,2026-10-04,
10,Dreamland - The Unique Sea & Lake Resort/Spa,excursions,2023_DREAMLAND-Excursion-updated-2023.pdf,2023,,,3,202,True,dreamland.com.mv,official,https://dreamland.com.mv/wp-content/uploads/2024/08/DREAMLAND-Excursion-updated-2023.pdf,https://dreamland.com.mv/wp-content/uploads/2024/08/DREAMLAND-Excursion-updated-2023.pdf | https://dreamland.com.mv/wp-content/uploads/2024/07/DREAMLAND-Excursion-updated-2023.pdf,869ff951cedb0725aa60443b8d74377bb6a9424365b262018a5946c2bc15f6bc,library/010_dreamland-the-unique-sea-lake-resort-spa/excursions/2023_DREAMLAND-Excursion-updated-2023.pdf,,outdated,True,matched,2026-10-04,
10,Dreamland - The Unique Sea & Lake Resort/Spa,all_inclusive,2023_DreamLand-All-Inclusive-Package-German-2023.pdf,2023,,,1,126,True,dreamland.com.mv,official,https://dreamland.com.mv/wp-content/uploads/2024/08/DreamLand-All-Inclusive-Package-German-2023.pdf,https://dreamland.com.mv/wp-content/uploads/2024/08/DreamLand-All-Inclusive-Package-German-2023.pdf | https://dreamland.com.mv/wp-content/uploads/2023/08/DreamLand-All-Inclusive-Package-German-2023.pdf,81db9cd4e76b49d00182a3e11b20c77a0b5315bf1ac1407f550c3ebe1af36e27,library/010_dreamland-the-unique-sea-lake-resort-spa/all_inclusive/2023_DreamLand-All-Inclusive-Package-German-2023.pdf,,outdated,True,matched,2026-10-04,
10,Dreamland - The Unique Sea & Lake Resort/Spa,all_inclusive,2023_DreamLand-All-Inclusive-Package-English-2023.pdf,2023,,,1,120,True,dreamland.com.mv,official,https://dreamland.com.mv/wp-content/uploads/2024/08/DreamLand-All-Inclusive-Package-English-2023.pdf,https://dreamland.com.mv/wp-content/uploads/2024/08/DreamLand-All-Inclusive-Package-English-2023.pdf | https://dreamland.com.mv/wp-content/uploads/2023/08/DreamLand-All-Inclusive-Package-English-2023.pdf,5caa5e503d79fb1bb37e54c7064dfa6a8cb5d4ec1ec223338f773a292c357d3f,library/010_dreamland-the-unique-sea-lake-resort-spa/all_inclusive/2023_DreamLand-All-Inclusive-Package-English-2023.pdf,,outdated,False,matched,2026-10-04,
11,Angaga Island Resort and Spa,factsheet,2018_GENERAL-INFORMATION.pdf,2018,,,2,65,True,angaga.com.mv,official,https://www.angaga.com.mv/wp-content/uploads/2018/12/GENERAL-INFORMATION.pdf,https://www.angaga.com.mv/wp-content/uploads/2018/12/GENERAL-INFORMATION.pdf | https://angaga.com.mv/wp-content/uploads/2018/12/GENERAL-INFORMATION.pdf,d7feaeeccc36beb073fbec5383c3d669d15b6ea5b22e52e6b72b1818d4c71beb,library/011_angaga-island-resort-and-spa/factsheet/2018_GENERAL-INFORMATION.pdf,,outdated,True,matched,2026-10-04,
11,Angaga Island Resort and Spa,wedding,2018_Angaga-Wedding-Package.pdf,2018,,,2,114,True,angaga.com.mv,official,https://www.angaga.com.mv/wp-content/uploads/2018/12/Angaga-Wedding-Package.pdf,https://www.angaga.com.mv/wp-content/uploads/2018/12/Angaga-Wedding-Package.pdf | https://angaga.com.mv/wp-content/uploads/2018/12/Angaga-Wedding-Package.pdf,46e0903144b38aeccfb3031e88a2a2426610a66bf0236a8998f07f1203d74c44,library/011_angaga-island-resort-and-spa/wedding/2018_Angaga-Wedding-Package.pdf,,outdated,True,matched,2026-10-04,
11,Angaga Island Resort and Spa,wedding,2018_wedding-package.pdf,2018,,,2,336,True,angaga.com.mv,official,https://www.angaga.com.mv/wp-content/themes/angaga/assets/pdf/wedding-package.pdf,https://www.angaga.com.mv/wp-content/themes/angaga/assets/pdf/wedding-package.pdf | https://www.thulhagiri.com.mv/wp-content/themes/thulhagiri/assets/pdf/wedding-package.pdf | https://thulhagiri.com.mv/wp-content/themes/thulhagiri/assets/pdf/wedding-package.pdf | https://angaga.com.mv/wp-content/themes/angaga/assets/pdf/wedding-package.pdf,65ff2d5bf107ab4d2d7e53a5320c8c312c4b9af487647b6c32153c39a4866bca,library/011_angaga-island-resort-and-spa/wedding/2018_wedding-package.pdf,,outdated,False,matched,2026-10-04,
11,Angaga Island Resort and Spa,dive_map,2018_Angaga-Dive-Sites.pdf,2018,,,9,1035,True,angaga.com.mv,official,https://www.angaga.com.mv/wp-content/uploads/2018/12/Angaga-Dive-Sites.pdf,https://www.angaga.com.mv/wp-content/uploads/2018/12/Angaga-Dive-Sites.pdf | https://angaga.com.mv/wp-content/uploads/2018/12/Angaga-Dive-Sites.pdf,900fd5a520c126831a4588d3456321b78d28d23f5b77b198ba1fb0a9700967dd,library/011_angaga-island-resort-and-spa/dive_map/2018_Angaga-Dive-Sites.pdf,,outdated,True,matched,2026-10-04,
11,Angaga Island Resort and Spa,spa_menu,2018_Duny-Spa-menu-chineese-1.pdf,2018,,,14,664,True,angaga.com.mv,official,https://www.angaga.com.mv/wp-content/uploads/2018/12/Duny-Spa-menu-chineese-1.pdf,https://www.angaga.com.mv/wp-content/uploads/2018/12/Duny-Spa-menu-chineese-1.pdf | https://www.angaga.com.mv/wp-content/uploads/2018/12/Duny-Spa-menu-chineese.pdf | https://angaga.com.mv/wp-content/uploads/2018/12/Duny-Spa-menu-chineese.pdf,9ca4a9973d7f5e725d1e1a97aa4b7f08da2614f2219d5d9c505f0444e9ee67ac,library/011_angaga-island-resort-and-spa/spa_menu/2018_Duny-Spa-menu-chineese-1.pdf,,outdated,True,matched,2026-10-04,
11,Angaga Island Resort and Spa,spa_menu,2018_Duny-Spa-menu-german-1.pdf,2018,,,14,560,True,angaga.com.mv,official,https://www.angaga.com.mv/wp-content/uploads/2018/12/Duny-Spa-menu-german-1.pdf,https://www.angaga.com.mv/wp-content/uploads/2018/12/Duny-Spa-menu-german-1.pdf | https://www.angaga.com.mv/wp-content/uploads/2018/12/Duny-Spa-menu-german.pdf | https://angaga.com.mv/wp-content/uploads/2018/12/Duny-Spa-menu-german.pdf,173b010542ab5a444debc4229644161d51adf41cfff1959a3e2c86a4c3e280f2,library/011_angaga-island-resort-and-spa/spa_menu/2018_Duny-Spa-menu-german-1.pdf,,outdated,False,matched,2026-10-04,
11,Angaga Island Resort and Spa,dining_menu,2025_COFFEE_SHOP_EAT_MENU_2025.pdf,2025,,,6,10541,True,angaga.com.mv,official,https://www.angaga.com.mv/wp-content/uploads/2025/05/COFFEE_SHOP_EAT_MENU_2025.pdf,https://www.angaga.com.mv/wp-content/uploads/2025/05/COFFEE_SHOP_EAT_MENU_2025.pdf | https://angaga.com.mv/wp-content/uploads/2025/05/COFFEE_SHOP_EAT_MENU_2025.pdf,00c2621d700bb23f4d7262ace94053f425b54fdd2a88ea85a529c342c3f4bdc2,library/011_angaga-island-resort-and-spa/dining_menu/2025_COFFEE_SHOP_EAT_MENU_2025.pdf,,current,False,matched,2026-10-04,
11,Angaga Island Resort and Spa,dining_menu,2025_Angaga_All_inclusive_menu_Sun_Downbar_2025.pdf,2025,,,6,5821,True,angaga.com.mv,official,https://www.angaga.com.mv/wp-content/uploads/2025/05/Angaga_All_inclusive_menu_Sun_Downbar_2025.pdf,https://www.angaga.com.mv/wp-content/uploads/2025/05/Angaga_All_inclusive_menu_Sun_Downbar_2025.pdf | https://angaga.com.mv/wp-content/uploads/2025/05/Angaga_All_inclusive_menu_Sun_Downbar_2025.pdf,3582de83cd18afb0147a4eb039b3735c9d8eb912f7101a7a233e3674d7624498,library/011_angaga-island-resort-and-spa/dining_menu/2025_Angaga_All_inclusive_menu_Sun_Downbar_2025.pdf,,current,False,matched,2026-10-04,
11,Angaga Island Resort and Spa,dining_menu,2025_Angaga_drinks_menu_2025.pdf,2025,,,8,10180,True,angaga.com.mv,official,https://www.angaga.com.mv/wp-content/uploads/2025/05/Angaga_drinks_menu_2025.pdf,https://www.angaga.com.mv/wp-content/uploads/2025/05/Angaga_drinks_menu_2025.pdf | https://angaga.com.mv/wp-content/uploads/2025/05/Angaga_drinks_menu_2025.pdf,a28e7d47c57276c96f469811445410ea93d71ed29965fcbdfd297a74718c167a,library/011_angaga-island-resort-and-spa/dining_menu/2025_Angaga_drinks_menu_2025.pdf,,current,False,matched,2026-10-04,
11,Angaga Island Resort and Spa,dining_menu,2025_Angaga_wine_menu_2025.pdf,2025,,,9,19147,True,angaga.com.mv,official,https://www.angaga.com.mv/wp-content/uploads/2025/05/Angaga_wine_menu_2025.pdf,https://www.angaga.com.mv/wp-content/uploads/2025/05/Angaga_wine_menu_2025.pdf | https://angaga.com.mv/wp-content/uploads/2025/05/Angaga_wine_menu_2025.pdf,ee2f11eab31032d7a047d481f4ec6b8479b7b7293965554a3da9fb534bb97549,library/011_angaga-island-resort-and-spa/dining_menu/2025_Angaga_wine_menu_2025.pdf,,current,True,matched,2026-10-04,
11,Angaga Island Resort and Spa,dining_menu,2018_COFFEE-SHOP-MENU.pdf,2018,,,12,2622,True,angaga.com.mv,official,https://www.angaga.com.mv/wp-content/uploads/2018/12/COFFEE-SHOP-MENU.pdf,https://www.angaga.com.mv/wp-content/uploads/2018/12/COFFEE-SHOP-MENU.pdf | https://www.angaga.com.mv/wp-content/uploads/2018/12/COFFEE-SHOP-MENU-2.pdf,2da1860567b798180d158d5f371eb940bde20d9c0372cd2aa4f09d118e1f0e89,library/011_angaga-island-resort-and-spa/dining_menu/2018_COFFEE-SHOP-MENU.pdf,,outdated,False,matched,2026-10-04,
11,Angaga Island Resort and Spa,dining_menu,2018_wine-menu-3.pdf,2018,,,8,4285,True,angaga.com.mv,official,https://www.angaga.com.mv/wp-content/uploads/2018/12/wine-menu-3.pdf,https://www.angaga.com.mv/wp-content/uploads/2018/12/wine-menu-3.pdf | https://www.angaga.com.mv/wp-content/uploads/2018/12/wine-menu-2.pdf | https://www.angaga.com.mv/wp-content/uploads/2018/12/wine-menu-1.pdf,b97276e8420c28fdd0f2f503fbfb071bf4284495afcad489aa607ac06b7ecb84,library/011_angaga-island-resort-and-spa/dining_menu/2018_wine-menu-3.pdf,,outdated,False,matched,2026-10-04,
11,Angaga Island Resort and Spa,dining_menu,2018_All-Inclusive-menu-1-2.pdf,2018,,,8,3484,True,angaga.com.mv,official,https://www.angaga.com.mv/wp-content/uploads/2018/12/All-Inclusive-menu-1-2.pdf,https://www.angaga.com.mv/wp-content/uploads/2018/12/All-Inclusive-menu-1-2.pdf | https://www.angaga.com.mv/wp-content/uploads/2018/12/All-Inclusive-menu-1-3.pdf | https://www.angaga.com.mv/wp-content/uploads/2018/12/All-Inclusive-menu-1-1.pdf | https://www.angaga.com.mv/wp-content/uploads/2018/11/All-Inclusive-menu-1.pdf,dc087fce5614a692331f10911cdbfab7067044eb180cf30a0f5cc97fad87682c,library/011_angaga-island-resort-and-spa/dining_menu/2018_All-Inclusive-menu-1-2.pdf,,outdated,False,matched,2026-10-04,
11,Angaga Island Resort and Spa,dining_menu,2012_Angaga-Wine-Menu-New-2.pdf,2012,,,6,449,True,angaga.com.mv,official,https://www.angaga.com.mv/wp-content/uploads/2018/12/Angaga-Wine-Menu-New-2.pdf,https://www.angaga.com.mv/wp-content/uploads/2018/12/Angaga-Wine-Menu-New-2.pdf | https://www.angaga.com.mv/wp-content/uploads/2018/12/Angaga-Wine-Menu-New.pdf | https://www.angaga.com.mv/wp-content/uploads/2018/12/Angaga-Wine-Menu-New-1.pdf | https://www.angaga.com.mv/wp-content/uploads/2018/11/Angaga-Wine-Menu-New-1.pdf,01bf8d0df208c55c0a9ddf2064709a10fbae873053a3e2619aa15228b8e395f1,library/011_angaga-island-resort-and-spa/dining_menu/2012_Angaga-Wine-Menu-New-2.pdf,,outdated,False,matched,2026-10-04,
11,Angaga Island Resort and Spa,dive_prices,2018_Introduction-to-Snorkeling-and-Diving-Angaga.pdf,2018,,,6,5503,True,angaga.com.mv,official,https://www.angaga.com.mv/wp-content/uploads/2018/12/Introduction-to-Snorkeling-and-Diving-Angaga.pdf,https://www.angaga.com.mv/wp-content/uploads/2018/12/Introduction-to-Snorkeling-and-Diving-Angaga.pdf | https://www.angaga.com.mv/wp-content/uploads/2018/11/Introduction-to-Snorkeling-and-Diving-Angaga-1.pdf | https://www.angaga.com.mv/wp-content/uploads/2018/11/Introduction-to-Snorkeling-and-Diving-Angaga.pdf | https://angaga.com.mv/wp-content/uploads/2018/11/Introduction-to-Snorkeling-and-Diving-Angaga-1.pdf,d2eb4d753756a187664479b4f0ded56671d79c1b7f662155cb0e0a7b5c491e71,library/011_angaga-island-resort-and-spa/dive_prices/2018_Introduction-to-Snorkeling-and-Diving-Angaga.pdf,,outdated,False,matched,2026-10-04,
11,Angaga Island Resort and Spa,dive_prices,2018_Angaga-Water-Sports-Activities-Information.pdf,2018,,,7,4193,True,angaga.com.mv,official,https://www.angaga.com.mv/wp-content/uploads/2018/12/Angaga-Water-Sports-Activities-Information.pdf,https://www.angaga.com.mv/wp-content/uploads/2018/12/Angaga-Water-Sports-Activities-Information.pdf | https://www.angaga.com.mv/wp-content/uploads/2018/11/Angaga-Water-Sports-Activities-Information.pdf | https://angaga.com.mv/wp-content/uploads/2018/11/Angaga-Water-Sports-Activities-Information.pdf,d95f9c8e6440f963c13c748d106eb4793befdf336049c8298fc8cc987199b959,library/011_angaga-island-resort-and-spa/dive_prices/2018_Angaga-Water-Sports-Activities-Information.pdf,,outdated,True,matched,2026-10-04,
11,Angaga Island Resort and Spa,dive_prices,2018_Angaga-Dive-Center-Information.pdf,2018,,,2,746,True,angaga.com.mv,official,https://www.angaga.com.mv/wp-content/uploads/2018/12/Angaga-Dive-Center-Information.pdf,https://www.angaga.com.mv/wp-content/uploads/2018/12/Angaga-Dive-Center-Information.pdf | https://angaga.com.mv/wp-content/uploads/2018/12/Angaga-Dive-Center-Information.pdf,76efd2f972aa837a74b63ea7210de3cb3025a5ac1eba675a142faa8b4ce27f66,library/011_angaga-island-resort-and-spa/dive_prices/2018_Angaga-Dive-Center-Information.pdf,,outdated,False,matched,2026-10-04,
11,Angaga Island Resort and Spa,dive_prices,2015_FAQ-SUB-AQUA-DiveCenter.pdf,2015,,,3,1882,True,angaga.com.mv,official,https://www.angaga.com.mv/wp-content/uploads/2018/12/FAQ-SUB-AQUA-DiveCenter.pdf,https://www.angaga.com.mv/wp-content/uploads/2018/12/FAQ-SUB-AQUA-DiveCenter.pdf | https://www.angaga.com.mv/wp-content/uploads/2018/11/FAQ-SUB-AQUA-DiveCenter.pdf | https://angaga.com.mv/wp-content/uploads/2018/11/FAQ-SUB-AQUA-DiveCenter.pdf,9fb96e8b0726a6c777bb6a0d98181389a7d2943f5514478913c3f6a6ad8b7d37,library/011_angaga-island-resort-and-spa/dive_prices/2015_FAQ-SUB-AQUA-DiveCenter.pdf,,outdated,False,matched,2026-10-04,
11,Angaga Island Resort and Spa,dive_prices,2014_docpdf_pricelistwatersports-angaga.pdf,2014,,,1,86,True,angaga.com.mv,official,https://www.angaga.com.mv/wp-content/uploads/2018/11/docpdf_pricelistwatersports-angaga.pdf,https://www.angaga.com.mv/wp-content/uploads/2018/11/docpdf_pricelistwatersports-angaga.pdf | https://angaga.com.mv/wp-content/uploads/2018/11/docpdf_pricelistwatersports-angaga.pdf,d346caf425ab8336fcc782002cfcf6183f0aeb410cfef18ef2a0365f9eec980f,library/011_angaga-island-resort-and-spa/dive_prices/2014_docpdf_pricelistwatersports-angaga.pdf,,outdated,False,matched,2026-10-04,
11,Angaga Island Resort and Spa,excursions,2018_EXCURSIONS.pdf,2018,,,2,768,True,angaga.com.mv,official,https://www.angaga.com.mv/wp-content/uploads/2018/12/EXCURSIONS.pdf,https://www.angaga.com.mv/wp-content/uploads/2018/12/EXCURSIONS.pdf | https://angaga.com.mv/wp-content/uploads/2018/12/EXCURSIONS.pdf,b44c2ac1b76ce1ad52e0713323ce2d64570e67b31b9d57b70b7d449bf6e2e614,library/011_angaga-island-resort-and-spa/excursions/2018_EXCURSIONS.pdf,,outdated,True,matched,2026-10-04,
11,Angaga Island Resort and Spa,all_inclusive,2018_All-Inclusive-Package-3.pdf,2018,,,1,145,True,angaga.com.mv,official,https://www.angaga.com.mv/wp-content/uploads/2018/12/All-Inclusive-Package-3.pdf,https://www.angaga.com.mv/wp-content/uploads/2018/12/All-Inclusive-Package-3.pdf | https://www.angaga.com.mv/wp-content/uploads/2018/12/All-Inclusive-Package-2.pdf | https://www.angaga.com.mv/wp-content/uploads/2018/12/All-Inclusive-Package-1.pdf,4aab507ea9b0f194f900450c5ce73c88f082728136b8912e91fa2e09728f089b,library/011_angaga-island-resort-and-spa/all_inclusive/2018_All-Inclusive-Package-3.pdf,,outdated,True,matched,2026-10-04,
11,Angaga Island Resort and Spa,other,2025_Prices-are-subject-to-change-without-any-prior-notice.pdf,2025,,,1,18,True,angaga.com.mv,official,https://www.angaga.com.mv/wp-content/uploads/2025/04/Prices-are-subject-to-change-without-any-prior-notice.pdf,https://www.angaga.com.mv/wp-content/uploads/2025/04/Prices-are-subject-to-change-without-any-prior-notice.pdf | https://www.thulhagiri.com.mv/wp-content/uploads/2025/04/Prices-are-subject-to-change-without-any-prior-notice.pdf | https://thulhagiri.com.mv/wp-content/uploads/2025/04/Prices-are-subject-to-change-without-any-prior-notice.pdf | https://angaga.com.mv/wp-content/uploads/2025/04/Prices-are-subject-to-change-without-any-prior-notice.pdf,696b0992c0b01af21b10706d3bc3d444994c09b2f43ced66348dfc19455d0ed0,library/011_angaga-island-resort-and-spa/other/2025_Prices-are-subject-to-change-without-any-prior-notice.pdf,,current,True,matched,2026-10-04,
11,Angaga Island Resort and Spa,other,2018_HolidayCheck-2018.pdf,2018,,,1,907,True,angaga.com.mv,official,https://www.angaga.com.mv/wp-content/uploads/2018/12/HolidayCheck-2018.pdf,https://www.angaga.com.mv/wp-content/uploads/2018/12/HolidayCheck-2018.pdf,facab8e96c3497a080e471116abf63d5bb7d5df3a4336479c07a37865fc48ada,library/011_angaga-island-resort-and-spa/other/2018_HolidayCheck-2018.pdf,,outdated,False,matched,2026-10-04,
11,Angaga Island Resort and Spa,other,2015_HolidayCheck-2015.pdf,2015,,,1,916,False,angaga.com.mv,official,https://www.angaga.com.mv/wp-content/uploads/2018/12/HolidayCheck-2015.pdf,https://www.angaga.com.mv/wp-content/uploads/2018/12/HolidayCheck-2015.pdf,48e3c3ab3b0c636b1fc9407d4e76d50cbc45556865a9a0b201b009e39927c621,library/011_angaga-island-resort-and-spa/other/2015_HolidayCheck-2015.pdf,,outdated,False,matched,2026-10-04,
11,Angaga Island Resort and Spa,other,2014_HolidayCheck-2014.pdf,2014,,,1,771,False,angaga.com.mv,official,https://www.angaga.com.mv/wp-content/uploads/2018/12/HolidayCheck-2014.pdf,https://www.angaga.com.mv/wp-content/uploads/2018/12/HolidayCheck-2014.pdf,0387644970ffe748323a04d6f38667f10c64c9cb2b70fce20c5641aa0847c0cf,library/011_angaga-island-resort-and-spa/other/2014_HolidayCheck-2014.pdf,,outdated,False,matched,2026-10-04,
11,Angaga Island Resort and Spa,other,2014_HolidayCheck-2014-Winner.pdf,2014,,,1,614,True,angaga.com.mv,official,https://www.angaga.com.mv/wp-content/uploads/2018/12/HolidayCheck-2014-Winner.pdf,https://www.angaga.com.mv/wp-content/uploads/2018/12/HolidayCheck-2014-Winner.pdf,ad1345ba1801a73ac2fd052ae55d7b691176c3bbdb77993956930fe0fee102e6,library/011_angaga-island-resort-and-spa/other/2014_HolidayCheck-2014-Winner.pdf,,outdated,False,matched,2026-10-04,
11,Angaga Island Resort and Spa,other,2013_HolidayCheck-2013.pdf,2013,,,1,911,True,angaga.com.mv,official,https://www.angaga.com.mv/wp-content/uploads/2018/12/HolidayCheck-2013.pdf,https://www.angaga.com.mv/wp-content/uploads/2018/12/HolidayCheck-2013.pdf,aa65f9e0b277f93dcc9d60e8ce12fb5d7d49e088e30eb19c1e205ec4ac1ff30c,library/011_angaga-island-resort-and-spa/other/2013_HolidayCheck-2013.pdf,,outdated,False,matched,2026-10-04,
12,Thulhagiri Island Resort & Spa,wedding,2025_Romantic-Beach-Dinner.pdf,2025,,,1,2210,True,thulhagiri.com.mv,official,https://www.thulhagiri.com.mv/wp-content/uploads/2025/10/Romantic-Beach-Dinner.pdf,https://www.thulhagiri.com.mv/wp-content/uploads/2025/10/Romantic-Beach-Dinner.pdf | https://thulhagiri.com.mv/wp-content/uploads/2025/10/Romantic-Beach-Dinner.pdf,11141f037254bb73964ef676d7a75e970a58394b72fd9d3a8b7babbca7bcc1b4,library/012_thulhagiri-island-resort-spa/wedding/2025_Romantic-Beach-Dinner.pdf,,current,True,matched,2026-10-04,
12,Thulhagiri Island Resort & Spa,map,2025_Thulhagiri-Map-Updated-2025.pdf,2025,,,1,14524,True,thulhagiri.com.mv,official,https://www.thulhagiri.com.mv/wp-content/uploads/2025/10/Thulhagiri-Map-Updated-2025.pdf,https://www.thulhagiri.com.mv/wp-content/uploads/2025/10/Thulhagiri-Map-Updated-2025.pdf | https://thulhagiri.com.mv/wp-content/uploads/2025/10/Thulhagiri-Map-Updated-2025.pdf,551d567da17658063362b09e0b6cfc0e490bbec9d63f2a774a9f8bb668f85d33,library/012_thulhagiri-island-resort-spa/map/2025_Thulhagiri-Map-Updated-2025.pdf,,current,True,matched,2026-10-04,
12,Thulhagiri Island Resort & Spa,dive_map,2022_Thulhagiri-Dive-Site-information-2022.pdf,2022,,,6,597,True,thulhagiri.com.mv,official,https://www.thulhagiri.com.mv/wp-content/uploads/2022/12/Thulhagiri-Dive-Site-information-2022.pdf,https://www.thulhagiri.com.mv/wp-content/uploads/2022/12/Thulhagiri-Dive-Site-information-2022.pdf,2f823065271fa42561b1eaa497bc02b4592b7e3536b64258a70a87ca440f476d,library/012_thulhagiri-island-resort-spa/dive_map/2022_Thulhagiri-Dive-Site-information-2022.pdf,,outdated,True,matched,2026-10-04,
12,Thulhagiri Island Resort & Spa,spa_menu,2024_Duny-Thai-Spa-Menu-2024-Thulhagiri.pdf,2024,,,9,11682,True,thulhagiri.com.mv,official,https://www.thulhagiri.com.mv/wp-content/uploads/2024/01/Duny-Thai-Spa-Menu-2024-Thulhagiri.pdf,https://www.thulhagiri.com.mv/wp-content/uploads/2024/01/Duny-Thai-Spa-Menu-2024-Thulhagiri.pdf | https://thulhagiri.com.mv/wp-content/uploads/2024/01/Duny-Thai-Spa-Menu-2024-Thulhagiri.pdf,f2e295f2079cef977529b0c94e1389dfdb21a653c4140bcda101f3c6d3a2e8f0,library/012_thulhagiri-island-resort-spa/spa_menu/2024_Duny-Thai-Spa-Menu-2024-Thulhagiri.pdf,,outdated,True,matched,2026-10-04,
12,Thulhagiri Island Resort & Spa,dining_menu,2025_Coffee-Shop-Menu-2025.pdf,2025,,,4,8265,True,thulhagiri.com.mv,official,https://www.thulhagiri.com.mv/wp-content/uploads/2025/10/Coffee-Shop-Menu-2025.pdf,https://www.thulhagiri.com.mv/wp-content/uploads/2025/10/Coffee-Shop-Menu-2025.pdf | https://thulhagiri.com.mv/wp-content/uploads/2025/10/Coffee-Shop-Menu-2025.pdf,6e6861a2cf16531795bbbf759866edc59f1abd4fd2d20ef0fb7ff555b7a2f39a,library/012_thulhagiri-island-resort-spa/dining_menu/2025_Coffee-Shop-Menu-2025.pdf,,current,False,matched,2026-10-04,
12,Thulhagiri Island Resort & Spa,dining_menu,2025_Drinks-Menu-2025.pdf,2025,,,4,5419,True,thulhagiri.com.mv,official,https://www.thulhagiri.com.mv/wp-content/uploads/2025/10/Drinks-Menu-2025.pdf,https://www.thulhagiri.com.mv/wp-content/uploads/2025/10/Drinks-Menu-2025.pdf | https://thulhagiri.com.mv/wp-content/uploads/2025/10/Drinks-Menu-2025.pdf,0bc2fa24dc2093fa0aab1ba74f0fe11986c37ba77c679bba060c8a330f52d0d4,library/012_thulhagiri-island-resort-spa/dining_menu/2025_Drinks-Menu-2025.pdf,,current,False,matched,2026-10-04,
12,Thulhagiri Island Resort & Spa,dining_menu,2025_Wine-menu-2025.pdf,2025,,,6,6919,True,thulhagiri.com.mv,official,https://www.thulhagiri.com.mv/wp-content/uploads/2025/10/Wine-menu-2025.pdf,https://www.thulhagiri.com.mv/wp-content/uploads/2025/10/Wine-menu-2025.pdf | https://thulhagiri.com.mv/wp-content/uploads/2025/10/Wine-menu-2025.pdf,92a62bcab76c64621e66960da1661c92bcb263da9e9c93f914bd91d13af3576a,library/012_thulhagiri-island-resort-spa/dining_menu/2025_Wine-menu-2025.pdf,,current,False,matched,2026-10-04,
12,Thulhagiri Island Resort & Spa,dining_menu,2025_All-Inclusive-Drinks-Menu-2025-1.pdf,2025,,,7,11994,True,thulhagiri.com.mv,official,https://www.thulhagiri.com.mv/wp-content/uploads/2025/10/All-Inclusive-Drinks-Menu-2025-1.pdf,https://www.thulhagiri.com.mv/wp-content/uploads/2025/10/All-Inclusive-Drinks-Menu-2025-1.pdf | https://www.thulhagiri.com.mv/wp-content/uploads/2025/10/All-Inclusive-Drinks-Menu-2025.pdf | https://thulhagiri.com.mv/wp-content/uploads/2025/10/All-Inclusive-Drinks-Menu-2025.pdf | https://thulhagiri.com.mv/wp-content/uploads/2025/10/All-Inclusive-Drinks-Menu-2025-1.pdf,be3673f3e292a7cf50f87142ae8249abfe8298f48b2f6ee1d535f4d303177dfe,library/012_thulhagiri-island-resort-spa/dining_menu/2025_All-Inclusive-Drinks-Menu-2025-1.pdf,,current,True,matched,2026-10-04,
12,Thulhagiri Island Resort & Spa,dining_menu,2023_WELCOME-THULHAGIRI-ENGLISH-GERMAN-VERSION-2023.pdf,2023,,,5,331,True,thulhagiri.com.mv,official,https://www.thulhagiri.com.mv/wp-content/uploads/2023/01/WELCOME-THULHAGIRI-ENGLISH-GERMAN-VERSION-2023.pdf,https://www.thulhagiri.com.mv/wp-content/uploads/2023/01/WELCOME-THULHAGIRI-ENGLISH-GERMAN-VERSION-2023.pdf,821d27f54823eb87f00e4349c324a255fbf5cb9428636c3e33490a6412b224b8,library/012_thulhagiri-island-resort-spa/dining_menu/2023_WELCOME-THULHAGIRI-ENGLISH-GERMAN-VERSION-2023.pdf,,outdated,False,matched,2026-10-04,
12,Thulhagiri Island Resort & Spa,dining_menu,2023_Cocktails-List-2023.pdf,2023,,,10,5733,True,thulhagiri.com.mv,official,https://www.thulhagiri.com.mv/wp-content/uploads/2023/01/Cocktails-List-2023.pdf,https://www.thulhagiri.com.mv/wp-content/uploads/2023/01/Cocktails-List-2023.pdf | https://thulhagiri.com.mv/wp-content/uploads/2023/01/Cocktails-List-2023.pdf,36884b780117d562be925ff56868f414202e361dcbf6d6e7be2e57ede0e3b1f8,library/012_thulhagiri-island-resort-spa/dining_menu/2023_Cocktails-List-2023.pdf,,outdated,False,matched,2026-10-04,
12,Thulhagiri Island Resort & Spa,dining_menu,2018_Thulhagiri18.pdf,2018,,,1,127,True,thulhagiri.com.mv,official,https://www.thulhagiri.com.mv/wp-content/uploads/2018/12/Thulhagiri18.pdf,https://www.thulhagiri.com.mv/wp-content/uploads/2018/12/Thulhagiri18.pdf | https://thulhagiri.com.mv/wp-content/uploads/2018/12/Thulhagiri18.pdf,e9a2962c0ac91f86b9ef51079ac505b393653896dc716a45ba27d1aee525f267,library/012_thulhagiri-island-resort-spa/dining_menu/2018_Thulhagiri18.pdf,,outdated,False,matched,2026-10-04,
12,Thulhagiri Island Resort & Spa,dive_prices,2025_Dive-Center-Pricelist-2025.pdf,2025,,,2,133,True,thulhagiri.com.mv,official,https://www.thulhagiri.com.mv/wp-content/uploads/2025/10/Dive-Center-Pricelist-2025.pdf,https://www.thulhagiri.com.mv/wp-content/uploads/2025/10/Dive-Center-Pricelist-2025.pdf | https://thulhagiri.com.mv/wp-content/uploads/2025/10/Dive-Center-Pricelist-2025.pdf,c3250c908e2bd6da575688a188424a676edc681047c53cdf7280ad70175fe3ef,library/012_thulhagiri-island-resort-spa/dive_prices/2025_Dive-Center-Pricelist-2025.pdf,,current,True,matched,2026-10-04,
12,Thulhagiri Island Resort & Spa,dive_prices,2024_Water-Sports-Info-2024.pdf,2024,,,1,1308,True,thulhagiri.com.mv,official,https://www.thulhagiri.com.mv/wp-content/uploads/2025/10/Water-Sports-Info-2024.pdf,https://www.thulhagiri.com.mv/wp-content/uploads/2025/10/Water-Sports-Info-2024.pdf | https://thulhagiri.com.mv/wp-content/uploads/2025/10/Water-Sports-Info-2024.pdf,75329ca21e60cba9866fc15bd8a4ebf5d4fbdf45f7f1d377b4037b19314c94a0,library/012_thulhagiri-island-resort-spa/dive_prices/2024_Water-Sports-Info-2024.pdf,,outdated,False,matched,2026-10-04,
12,Thulhagiri Island Resort & Spa,dive_prices,2018_While-snorkelingchinese.pdf,2018,,,9,590,True,thulhagiri.com.mv,official,https://www.thulhagiri.com.mv/wp-content/uploads/2018/12/While-snorkelingchinese.pdf,https://www.thulhagiri.com.mv/wp-content/uploads/2018/12/While-snorkelingchinese.pdf | https://thulhagiri.com.mv/wp-content/uploads/2018/12/While-snorkelingchinese.pdf,7e821b9ddeaf5f64bb57b35b5de396286d319e7476fc49c9436ebb1966d528c1,library/012_thulhagiri-island-resort-spa/dive_prices/2018_While-snorkelingchinese.pdf,,outdated,False,matched,2026-10-04,
12,Thulhagiri Island Resort & Spa,villa_plans,2018_Welcome-to-Thulhagiri.pdf,2018,,,24,442,True,thulhagiri.com.mv,official,https://www.thulhagiri.com.mv/wp-content/uploads/2018/12/Welcome-to-Thulhagiri.pdf,https://www.thulhagiri.com.mv/wp-content/uploads/2018/12/Welcome-to-Thulhagiri.pdf | https://thulhagiri.com.mv/wp-content/uploads/2018/12/Welcome-to-Thulhagiri.pdf,70ffba2315079082c13f7efe448b3550fdb0b8257cd1be2f53815f152d039c5f,library/012_thulhagiri-island-resort-spa/villa_plans/2018_Welcome-to-Thulhagiri.pdf,,outdated,True,matched,2026-10-04,
12,Thulhagiri Island Resort & Spa,all_inclusive,2024_All-inclusive-HBP_Package-Details-.pdf,2024,,,1,2176,True,thulhagiri.com.mv,official,https://www.thulhagiri.com.mv/wp-content/uploads/2025/10/All-inclusive-HBP_Package-Details-.pdf,https://www.thulhagiri.com.mv/wp-content/uploads/2025/10/All-inclusive-HBP_Package-Details-.pdf | https://thulhagiri.com.mv/wp-content/uploads/2025/10/All-inclusive-HBP_Package-Details-.pdf,1405fe8e7f002ff8f079db3e7dd4e22f0d3b5babc4c8307ad94ec5a4abc962bb,library/012_thulhagiri-island-resort-spa/all_inclusive/2024_All-inclusive-HBP_Package-Details-.pdf,,outdated,True,matched,2026-10-04,
12,Thulhagiri Island Resort & Spa,sustainability,2025_EXCUSION-TOURS-2025.pdf,2025,,,1,1851,True,thulhagiri.com.mv,official,https://www.thulhagiri.com.mv/wp-content/uploads/2025/10/EXCUSION-TOURS-2025.pdf,https://www.thulhagiri.com.mv/wp-content/uploads/2025/10/EXCUSION-TOURS-2025.pdf | https://thulhagiri.com.mv/wp-content/uploads/2025/10/EXCUSION-TOURS-2025.pdf,b3f2850b969c5744082347fa8e0a5fa45534c77a33a93f92a27f7904a50746f4,library/012_thulhagiri-island-resort-spa/sustainability/2025_EXCUSION-TOURS-2025.pdf,,current,True,matched,2026-10-04,
12,Thulhagiri Island Resort & Spa,press_kit,2025_Photography-2025.pdf,2025,,,1,4920,False,thulhagiri.com.mv,official,https://www.thulhagiri.com.mv/wp-content/uploads/2025/10/Photography-2025.pdf,https://www.thulhagiri.com.mv/wp-content/uploads/2025/10/Photography-2025.pdf | https://thulhagiri.com.mv/wp-content/uploads/2025/10/Photography-2025.pdf,dd38b78e4152a70013fa5f126e25319b1655e21b42bd65e3b976f2b12ffae3d7,library/012_thulhagiri-island-resort-spa/press_kit/2025_Photography-2025.pdf,,current,True,matched,2026-10-04,
12,Thulhagiri Island Resort & Spa,other,2018_thulhagirimap.pdf,2018,,,1,290,False,thulhagiri.com.mv,official,https://www.thulhagiri.com.mv/wp-content/uploads/2018/12/thulhagirimap.pdf,https://www.thulhagiri.com.mv/wp-content/uploads/2018/12/thulhagirimap.pdf,4c5a19a21ac0b3480af4da3cb3441761529721fc3a3d6c1e1ff56d39d9505f7f,library/012_thulhagiri-island-resort-spa/other/2018_thulhagirimap.pdf,,outdated,True,matched,2026-10-04,
13,Sandies Bathala,events,2026_DIAMONDS-Malindi-MICE-Booklet-2026.pdf,2026,,,15,1339,True,planhotel.com,official,https://d1vp8nomjxwyf1.cloudfront.net/wp-content/uploads/sites/212/2017/07/03081145/DIAMONDS-Malindi-MICE-Booklet-2026.pdf,https://d1vp8nomjxwyf1.cloudfront.net/wp-content/uploads/sites/212/2017/07/03081145/DIAMONDS-Malindi-MICE-Booklet-2026.pdf,992ede7b019bdfb3b02fdabcb009989e1f157bf5d9403dcbb5f836e619b6004d,library/013_sandies-bathala/events/2026_DIAMONDS-Malindi-MICE-Booklet-2026.pdf,,current,True,needs-review,2026-10-04,ambiguous match [13]
13,Sandies Bathala,events,2025_Conference-Packages.pdf,2025,,,10,7191,True,planhotel.com,official,https://d1vp8nomjxwyf1.cloudfront.net/wp-content/uploads/sites/212/2026/03/26095245/Conference-Packages.pdf,https://d1vp8nomjxwyf1.cloudfront.net/wp-content/uploads/sites/212/2026/03/26095245/Conference-Packages.pdf,172d643e1bf40fb567e602b5e8d6fcde63fd94addf79a018dd5ea834892976ca,library/013_sandies-bathala/events/2025_Conference-Packages.pdf,,current,False,needs-review,2026-10-04,ambiguous match [13]
13,Sandies Bathala,events,2024_Planhotel-Corporate-Sustainability-Report-2024.pdf,2024,,,45,8966,True,planhotel.com,official,https://d1vp8nomjxwyf1.cloudfront.net/wp-content/uploads/sites/212/2017/07/05112313/Planhotel-Corporate-Sustainability-Report-2024.pdf,https://d1vp8nomjxwyf1.cloudfront.net/wp-content/uploads/sites/212/2017/07/05112313/Planhotel-Corporate-Sustainability-Report-2024.pdf,1482fe72178696d84e181484f035786366ee5734922d2a38cfc7f20d370ed9ee,library/013_sandies-bathala/events/2024_Planhotel-Corporate-Sustainability-Report-2024.pdf,,outdated,False,needs-review,2026-10-04,ambiguous match [13]
13,Sandies Bathala,spa_menu,2021_Planhotel-Hospitality-Group-Company-Profile_dsp.pdf,2021,,,18,6884,True,planhotel.com,official,https://d1vp8nomjxwyf1.cloudfront.net/wp-content/uploads/sites/212/2017/07/02141435/Planhotel-Hospitality-Group-Company-Profile_dsp.pdf,https://d1vp8nomjxwyf1.cloudfront.net/wp-content/uploads/sites/212/2017/07/02141435/Planhotel-Hospitality-Group-Company-Profile_dsp.pdf,03a73855393e799e7065e89b8a9a839e96aace6928bea1531c3e7633e733e924,library/013_sandies-bathala/spa_menu/2021_Planhotel-Hospitality-Group-Company-Profile_dsp.pdf,,outdated,True,matched,2026-10-04,
13,Sandies Bathala,spa_menu,2018_Planhotel-Company-Profile.pdf,2018,,,13,6647,True,planhotel.com,official,https://d1vp8nomjxwyf1.cloudfront.net/wp-content/uploads/sites/212/2017/07/14094821/Planhotel-Company-Profile.pdf,https://d1vp8nomjxwyf1.cloudfront.net/wp-content/uploads/sites/212/2017/07/14094821/Planhotel-Company-Profile.pdf,05ae3606018276b9a0c39b8baf7af7a9a72b655ce1f7b9883758d11a2ac3793c,library/013_sandies-bathala/spa_menu/2018_Planhotel-Company-Profile.pdf,,outdated,False,matched,2026-10-04,
13,Sandies Bathala,spa_menu,2017_Diamonds-Dream-of-Africa_2017_Groups-Manual.pdf,2017,,,17,3747,True,planhotel.com,official,https://d1vp8nomjxwyf1.cloudfront.net/wp-content/uploads/sites/212/2017/07/02075547/Diamonds-Dream-of-Africa_2017_Groups-Manual.pdf,https://d1vp8nomjxwyf1.cloudfront.net/wp-content/uploads/sites/212/2017/07/02075547/Diamonds-Dream-of-Africa_2017_Groups-Manual.pdf,a8e7c4f8f9a688c281a9b17cd93349a4add66004af8fb2e6bc12aeb213a06b1d,library/013_sandies-bathala/spa_menu/2017_Diamonds-Dream-of-Africa_2017_Groups-Manual.pdf,,outdated,False,needs-review,2026-10-04,ambiguous match [13]
13,Sandies Bathala,dining_menu,2018_Italia-a-Tavola_Nov-2018.pdf,2018,,,3,1419,True,planhotel.com,official,https://d1vp8nomjxwyf1.cloudfront.net/wp-content/uploads/sites/212/2017/07/10144441/Italia-a-Tavola_Nov-2018.pdf,https://d1vp8nomjxwyf1.cloudfront.net/wp-content/uploads/sites/212/2017/07/10144441/Italia-a-Tavola_Nov-2018.pdf,377177c145083f417d1bc3f975f61554b45eb75f154dea81df14a8b2b65e048c,library/013_sandies-bathala/dining_menu/2018_Italia-a-Tavola_Nov-2018.pdf,,outdated,True,needs-review,2026-10-04,ambiguous match [13]
13,Sandies Bathala,dining_menu,2017_DiamondsMaldives_Traveller_Winter-2017.pdf,2017,,,3,254,True,planhotel.com,official,https://d1vp8nomjxwyf1.cloudfront.net/wp-content/uploads/sites/110/2017/03/04145242/DiamondsMaldives_Traveller_Winter-2017.pdf,https://d1vp8nomjxwyf1.cloudfront.net/wp-content/uploads/sites/110/2017/03/04145242/DiamondsMaldives_Traveller_Winter-2017.pdf | https://d1vp8nomjxwyf1.cloudfront.net/wp-content/uploads/sites/109/2017/03/04144817/DiamondsMaldives_Traveller_Winter-2017.pdf,a23b2cb4b6f09390b21fc6fe5a25c16eb6bc008bf80892dbb13be1e5e32945bd,library/013_sandies-bathala/dining_menu/2017_DiamondsMaldives_Traveller_Winter-2017.pdf,,outdated,False,needs-review,2026-10-04,ambiguous match [13]
13,Sandies Bathala,villa_plans,2020_Sandies-Tropical-Village.pdf,2020,,,13,6949,True,planhotel.com,official,https://d1vp8nomjxwyf1.cloudfront.net/wp-content/uploads/sites/212/2023/03/17095202/Sandies-Tropical-Village.pdf,https://d1vp8nomjxwyf1.cloudfront.net/wp-content/uploads/sites/212/2023/03/17095202/Sandies-Tropical-Village.pdf,595f2c4b11d7d8ba6ab4884f37bb20b330181776805dd70e3767066ba16244d0,library/013_sandies-bathala/villa_plans/2020_Sandies-Tropical-Village.pdf,,outdated,True,needs-review,2026-10-04,ambiguous match [13]
13,Sandies Bathala,villa_plans,2015_Travel-Professionals-PT-PT.pdf,2015,,,2,1004,True,planhotel.com,official,https://d1vp8nomjxwyf1.cloudfront.net/wp-content/uploads/sites/212/2017/08/08084335/Travel-Professionals-PT-PT.pdf,https://d1vp8nomjxwyf1.cloudfront.net/wp-content/uploads/sites/212/2017/08/08084335/Travel-Professionals-PT-PT.pdf | https://d1vp8nomjxwyf1.cloudfront.net/wp-content/uploads/sites/212/2017/08/08084214/Travel-Professionals-DE.pdf | https://d1vp8nomjxwyf1.cloudfront.net/wp-content/uploads/sites/212/2017/07/08082934/Travel-Professionals.pdf,1a652880bce52d553f28c71b719456a8d1cecb9bea38eeb2c58949c090e26ea0,library/013_sandies-bathala/villa_plans/2015_Travel-Professionals-PT-PT.pdf,,outdated,False,needs-review,2026-10-04,ambiguous match [13]
13,Sandies Bathala,sustainability,2019_DIAMONDSRESORTS_GENTLEMANGREENpdf.pdf,2019,,,5,2175,False,planhotel.com,official,https://d1vp8nomjxwyf1.cloudfront.net/wp-content/uploads/sites/109/2017/03/09142114/DIAMONDSRESORTS_GENTLEMANGREENpdf.pdf,https://d1vp8nomjxwyf1.cloudfront.net/wp-content/uploads/sites/109/2017/03/09142114/DIAMONDSRESORTS_GENTLEMANGREENpdf.pdf,21fd076c8b88f297b9147ffea2923e097598684a3e1ed50007ab0f4b25fdf039,library/013_sandies-bathala/sustainability/2019_DIAMONDSRESORTS_GENTLEMANGREENpdf.pdf,,outdated,True,needs-review,2026-10-04,ambiguous match [13]
13,Sandies Bathala,other,2021_Diamonds-Thudufushhi_Harpers-Bazaar_Summer-2021.pdf,2021,,,3,657,False,planhotel.com,official,https://d1vp8nomjxwyf1.cloudfront.net/wp-content/uploads/sites/110/2017/03/18094049/Diamonds-Thudufushhi_Harpers-Bazaar_Summer-2021.pdf,https://d1vp8nomjxwyf1.cloudfront.net/wp-content/uploads/sites/110/2017/03/18094049/Diamonds-Thudufushhi_Harpers-Bazaar_Summer-2021.pdf,5496ea0e6e84f0877c73d0c9ca8b4493c107f88d9dde5b78c0ad92ba3155e0b1,library/013_sandies-bathala/other/2021_Diamonds-Thudufushhi_Harpers-Bazaar_Summer-2021.pdf,,outdated,True,needs-review,2026-10-04,ambiguous match [13]
13,Sandies Bathala,other,2020_Sandies-Malindi-Dream-Garden.pdf,2020,,,13,6447,True,planhotel.com,official,https://d1vp8nomjxwyf1.cloudfront.net/wp-content/uploads/sites/212/2023/03/17095141/Sandies-Malindi-Dream-Garden.pdf,https://d1vp8nomjxwyf1.cloudfront.net/wp-content/uploads/sites/212/2023/03/17095141/Sandies-Malindi-Dream-Garden.pdf,5ff2383effdbc1768ab378986fa87c1c8ff92c216a08fb13cb16e464482a4794,library/013_sandies-bathala/other/2020_Sandies-Malindi-Dream-Garden.pdf,,outdated,False,needs-review,2026-10-04,ambiguous match [13]
13,Sandies Bathala,other,2020_Diamonds-Dream-of-Africa.pdf,2020,,,13,7126,True,planhotel.com,official,https://d1vp8nomjxwyf1.cloudfront.net/wp-content/uploads/sites/212/2023/03/17094954/Diamonds-Dream-of-Africa.pdf,https://d1vp8nomjxwyf1.cloudfront.net/wp-content/uploads/sites/212/2023/03/17094954/Diamonds-Dream-of-Africa.pdf,75241f92cc79217e55208919c764df5475e879c6d8e19278bdb94532349f2988,library/013_sandies-bathala/other/2020_Diamonds-Dream-of-Africa.pdf,,outdated,False,needs-review,2026-10-04,ambiguous match [13]
13,Sandies Bathala,other,2019_Sandies-Bathala.pdf,2019,,,13,6137,True,planhotel.com,official,https://d1vp8nomjxwyf1.cloudfront.net/wp-content/uploads/sites/212/2023/03/17095120/Sandies-Bathala.pdf,https://d1vp8nomjxwyf1.cloudfront.net/wp-content/uploads/sites/212/2023/03/17095120/Sandies-Bathala.pdf,f78b90a55f8f8b3d979872a1576ae24ac15a0a462109d40c386cda2e1df2d4b7,library/013_sandies-bathala/other/2019_Sandies-Bathala.pdf,,outdated,False,matched,2026-10-04,
13,Sandies Bathala,other,2019_Hotel-Italia_Italia-a-Tavola_DecJan-2019.pdf,2019,,,2,1744,True,planhotel.com,official,https://d1vp8nomjxwyf1.cloudfront.net/wp-content/uploads/sites/212/2017/07/18151813/Hotel-Italia_Italia-a-Tavola_DecJan-2019.pdf,https://d1vp8nomjxwyf1.cloudfront.net/wp-content/uploads/sites/212/2017/07/18151813/Hotel-Italia_Italia-a-Tavola_DecJan-2019.pdf,4e949fbceb885e746d7f7393b3488b8cd68fd6b48f534aac7e538a762fb0fc47,library/013_sandies-bathala/other/2019_Hotel-Italia_Italia-a-Tavola_DecJan-2019.pdf,,outdated,False,needs-review,2026-10-04,ambiguous match [13]
13,Sandies Bathala,other,2019_38-Oggi1.pdf,2019,,,3,2545,True,planhotel.com,official,https://d1vp8nomjxwyf1.cloudfront.net/wp-content/uploads/sites/109/2017/03/09142254/38-Oggi1.pdf,https://d1vp8nomjxwyf1.cloudfront.net/wp-content/uploads/sites/109/2017/03/09142254/38-Oggi1.pdf,f672c6bee9fe0c922c9b2e063e8b866e0392404da24019d897d05e7e6dae0876,library/013_sandies-bathala/other/2019_38-Oggi1.pdf,,outdated,False,needs-review,2026-10-04,ambiguous match [13]
13,Sandies Bathala,other,2018_2018-10-conde-nast-johansen-b.pdf,2018,,,1,579,False,planhotel.com,official,https://d1vp8nomjxwyf1.cloudfront.net/wp-content/uploads/sites/212/2017/07/25151513/2018-10-conde-nast-johansen-b.pdf,https://d1vp8nomjxwyf1.cloudfront.net/wp-content/uploads/sites/212/2017/07/25151513/2018-10-conde-nast-johansen-b.pdf,2b5650fcb61fe5b107f4ddadd033d1403c8ba1cf0a9722c4a06c948b1286add0,library/013_sandies-bathala/other/2018_2018-10-conde-nast-johansen-b.pdf,,outdated,False,needs-review,2026-10-04,ambiguous match [13]
13,Sandies Bathala,other,2018_2018_10_23_LACUCINAITALIANA_THEVIEW1.pdf,2018,,,2,4211,False,planhotel.com,official,https://d1vp8nomjxwyf1.cloudfront.net/wp-content/uploads/sites/212/2017/07/23084602/2018_10_23_LACUCINAITALIANA_THEVIEW1.pdf,https://d1vp8nomjxwyf1.cloudfront.net/wp-content/uploads/sites/212/2017/07/23084602/2018_10_23_LACUCINAITALIANA_THEVIEW1.pdf | https://d1vp8nomjxwyf1.cloudfront.net/wp-content/uploads/sites/212/2017/07/23083937/2018_10_23_LACUCINAITALIANA_THEVIEW.pdf,05a85ad1eb1a60830eb5e811385f85cf5dde9ffe9c82e15cca8a8763ae401876,library/013_sandies-bathala/other/2018_2018_10_23_LACUCINAITALIANA_THEVIEW1.pdf,,outdated,False,needs-review,2026-10-04,ambiguous match [13]
13,Sandies Bathala,other,2018_Passion_JRE-magazine.pdf,2018,,,3,3471,False,planhotel.com,official,https://d1vp8nomjxwyf1.cloudfront.net/wp-content/uploads/sites/110/2017/03/14085950/Passion_JRE-magazine.pdf,https://d1vp8nomjxwyf1.cloudfront.net/wp-content/uploads/sites/110/2017/03/14085950/Passion_JRE-magazine.pdf | https://d1vp8nomjxwyf1.cloudfront.net/wp-content/uploads/sites/109/2017/03/14085754/Passion_JRE-magazine.pdf,31a8ed25f14bb3adbdbbd1ed6630c84e11f224eee3cb96d514fb3c219a8d1289,library/013_sandies-bathala/other/2018_Passion_JRE-magazine.pdf,,outdated,False,needs-review,2026-10-04,ambiguous match [13]
13,Sandies Bathala,other,2017_DiamondsMapenziBeach_Explore-Tanzania_2017-18.pdf,2017,,,2,878,False,planhotel.com,official,https://d1vp8nomjxwyf1.cloudfront.net/wp-content/uploads/sites/113/2017/04/08083304/DiamondsMapenziBeach_Explore-Tanzania_2017-18.pdf,https://d1vp8nomjxwyf1.cloudfront.net/wp-content/uploads/sites/113/2017/04/08083304/DiamondsMapenziBeach_Explore-Tanzania_2017-18.pdf,57f4c283ad382d77ba671eaae4ca610cb5c1f76de96febebeaefc94f91ffab84,library/013_sandies-bathala/other/2017_DiamondsMapenziBeach_Explore-Tanzania_2017-18.pdf,,outdated,False,needs-review,2026-10-04,ambiguous match [13]
13,Sandies Bathala,other,2017_Planhotel_Posh_2-2017.pdf,2017,,,4,5939,False,planhotel.com,official,https://d1vp8nomjxwyf1.cloudfront.net/wp-content/uploads/sites/113/2017/04/08101825/Planhotel_Posh_2-2017.pdf,https://d1vp8nomjxwyf1.cloudfront.net/wp-content/uploads/sites/113/2017/04/08101825/Planhotel_Posh_2-2017.pdf,d51824231160df06ad6ac7b8f7a21ef64a0c4598e90b5e65f18a6bec02c598a5,library/013_sandies-bathala/other/2017_Planhotel_Posh_2-2017.pdf,,outdated,False,needs-review,2026-10-04,ambiguous match [13]
13,Sandies Bathala,other,2017_Planhotel_Luxury_Spring-2017.pdf,2017,,,4,2266,False,planhotel.com,official,https://d1vp8nomjxwyf1.cloudfront.net/wp-content/uploads/sites/113/2017/04/10151621/Planhotel_Luxury_Spring-2017.pdf,https://d1vp8nomjxwyf1.cloudfront.net/wp-content/uploads/sites/113/2017/04/10151621/Planhotel_Luxury_Spring-2017.pdf,b67500325946544eeef0668ac30ec07296b9e9471ec1f53a4fe1c42b727674b1,library/013_sandies-bathala/other/2017_Planhotel_Luxury_Spring-2017.pdf,,outdated,False,needs-review,2026-10-04,ambiguous match [13]
13,Sandies Bathala,other,2017_Diamonds_Wonder-World_Winter-2017.pdf,2017,,,4,6413,False,planhotel.com,official,https://d1vp8nomjxwyf1.cloudfront.net/wp-content/uploads/sites/113/2017/04/08092335/Diamonds_Wonder-World_Winter-2017.pdf,https://d1vp8nomjxwyf1.cloudfront.net/wp-content/uploads/sites/113/2017/04/08092335/Diamonds_Wonder-World_Winter-2017.pdf,eb65e48f180012185e451b44781d16e3aff2b1645fe77fa136c5b5bc47bd4d1d,library/013_sandies-bathala/other/2017_Diamonds_Wonder-World_Winter-2017.pdf,,outdated,False,needs-review,2026-10-04,ambiguous match [13]
13,Sandies Bathala,other,2016_DiamondsMaldives_beSpoke_Winter-2016.pdf,2016,,,4,3447,False,planhotel.com,official,https://d1vp8nomjxwyf1.cloudfront.net/wp-content/uploads/sites/110/2017/03/10144745/DiamondsMaldives_beSpoke_Winter-2016.pdf,https://d1vp8nomjxwyf1.cloudfront.net/wp-content/uploads/sites/110/2017/03/10144745/DiamondsMaldives_beSpoke_Winter-2016.pdf | https://d1vp8nomjxwyf1.cloudfront.net/wp-content/uploads/sites/109/2017/03/10144640/DiamondsMaldives_beSpoke_Winter-2016.pdf,1d602c8fc431e64ecc11b64a4eee89b27a0fa1176c08419fad63b09f77c09bed,library/013_sandies-bathala/other/2016_DiamondsMaldives_beSpoke_Winter-2016.pdf,,outdated,False,needs-review,2026-10-04,ambiguous match [13]
13,Sandies Bathala,other,2016_DiamondsMaldives_Wonder-World_Fall-2016.pdf,2016,,,4,1602,False,planhotel.com,official,https://d1vp8nomjxwyf1.cloudfront.net/wp-content/uploads/sites/110/2017/03/08100159/DiamondsMaldives_Wonder-World_Fall-2016.pdf,https://d1vp8nomjxwyf1.cloudfront.net/wp-content/uploads/sites/110/2017/03/08100159/DiamondsMaldives_Wonder-World_Fall-2016.pdf | https://d1vp8nomjxwyf1.cloudfront.net/wp-content/uploads/sites/109/2017/03/08100025/DiamondsMaldives_Wonder-World_Fall-2016.pdf,24e4bc277b48797c800c416112eef661c5052e233abae329d9f492f30b09052c,library/013_sandies-bathala/other/2016_DiamondsMaldives_Wonder-World_Fall-2016.pdf,,outdated,False,needs-review,2026-10-04,ambiguous match [13]
13,Sandies Bathala,other,2016_DiamondsMaldives_TMA-Inflight_02_2016.pdf,2016,,,2,1002,True,planhotel.com,official,https://d1vp8nomjxwyf1.cloudfront.net/wp-content/uploads/sites/110/2017/03/10145702/DiamondsMaldives_TMA-Inflight_02_2016.pdf,https://d1vp8nomjxwyf1.cloudfront.net/wp-content/uploads/sites/110/2017/03/10145702/DiamondsMaldives_TMA-Inflight_02_2016.pdf | https://d1vp8nomjxwyf1.cloudfront.net/wp-content/uploads/sites/109/2017/03/10145310/DiamondsMaldives_TMA-Inflight_02_2016.pdf,4b911b11b0340feee78c4fdb8122d510c1f699a5365d3bdd992efd9a3998e09c,library/013_sandies-bathala/other/2016_DiamondsMaldives_TMA-Inflight_02_2016.pdf,,outdated,False,needs-review,2026-10-04,ambiguous match [13]
13,Sandies Bathala,other,2016_Planhotel_ASTA_Fall-2016.pdf,2016,,,2,3449,False,planhotel.com,official,https://d1vp8nomjxwyf1.cloudfront.net/wp-content/uploads/sites/113/2017/04/10151529/Planhotel_ASTA_Fall-2016.pdf,https://d1vp8nomjxwyf1.cloudfront.net/wp-content/uploads/sites/113/2017/04/10151529/Planhotel_ASTA_Fall-2016.pdf,4da8541f468be180841f48bb5b2b41f26a956e99823ac0ce617491b05aa9ec7e,library/013_sandies-bathala/other/2016_Planhotel_ASTA_Fall-2016.pdf,,outdated,False,needs-review,2026-10-04,ambiguous match [13]
13,Sandies Bathala,other,2016_Diamonds_Posh_Winter-2016.pdf,2016,,,6,1873,False,planhotel.com,official,https://d1vp8nomjxwyf1.cloudfront.net/wp-content/uploads/sites/110/2017/03/10143823/Diamonds_Posh_Winter-2016.pdf,https://d1vp8nomjxwyf1.cloudfront.net/wp-content/uploads/sites/110/2017/03/10143823/Diamonds_Posh_Winter-2016.pdf | https://d1vp8nomjxwyf1.cloudfront.net/wp-content/uploads/sites/109/2017/03/10143642/Diamonds_Posh_Winter-2016.pdf,74a137285d1e5a9f9b6c50fdcfe3fcfb9c64d91246411cedc8ebc445f523fe16,library/013_sandies-bathala/other/2016_Diamonds_Posh_Winter-2016.pdf,,outdated,False,needs-review,2026-10-04,ambiguous match [13]
13,Sandies Bathala,other,2015_Procedura-di-prenotazione.pdf,2015,,,2,678,True,planhotel.com,official,https://d1vp8nomjxwyf1.cloudfront.net/wp-content/uploads/sites/212/2017/07/08084043/Procedura-di-prenotazione.pdf,https://d1vp8nomjxwyf1.cloudfront.net/wp-content/uploads/sites/212/2017/07/08084043/Procedura-di-prenotazione.pdf,ac4064e052ed6ec5aedcf5c58431f76a36283e10e28e5cfc0ca161a1904ae3ee,library/013_sandies-bathala/other/2015_Procedura-di-prenotazione.pdf,,outdated,False,needs-review,2026-10-04,ambiguous match [13]
13,Sandies Bathala,other,2015_Planhotel_Company-Profile_2015.pdf,2015,,,13,1869,True,planhotel.com,official,https://d1vp8nomjxwyf1.cloudfront.net/wp-content/uploads/sites/212/2017/08/04153912/Planhotel_Company-Profile_2015.pdf,https://d1vp8nomjxwyf1.cloudfront.net/wp-content/uploads/sites/212/2017/08/04153912/Planhotel_Company-Profile_2015.pdf | https://d1vp8nomjxwyf1.cloudfront.net/wp-content/uploads/sites/212/2017/07/28075833/Planhotel_Company-Profile_2015.pdf,685118a2bdb4aab20f7306dea0982e4147f650bf4fb4636454274fa789454a08,library/013_sandies-bathala/other/2015_Planhotel_Company-Profile_2015.pdf,,outdated,False,needs-review,2026-10-04,ambiguous match [13]
13,Sandies Bathala,other,2014_DiamondsDreamofAfrica_Nat-Geo-Luxury-Collection_2014.pdf,2014,,,3,2124,True,planhotel.com,official,https://d1vp8nomjxwyf1.cloudfront.net/wp-content/uploads/sites/114/2017/04/08075432/DiamondsDreamofAfrica_Nat-Geo-Luxury-Collection_2014.pdf,https://d1vp8nomjxwyf1.cloudfront.net/wp-content/uploads/sites/114/2017/04/08075432/DiamondsDreamofAfrica_Nat-Geo-Luxury-Collection_2014.pdf,6b572f9ea3a5190d260b8ab6e48f6b4e498f13d55583a5f846f3289d3ee1f7be,library/013_sandies-bathala/other/2014_DiamondsDreamofAfrica_Nat-Geo-Luxury-Collection_2014.pdf,,outdated,False,needs-review,2026-10-04,ambiguous match [13]
13,Sandies Bathala,other,2014_DiamondsMaldive_Traveller_Winter-2014.pdf,2014,,,2,1314,False,planhotel.com,official,https://d1vp8nomjxwyf1.cloudfront.net/wp-content/uploads/sites/110/2017/03/08080920/DiamondsMaldive_Traveller_Winter-2014.pdf,https://d1vp8nomjxwyf1.cloudfront.net/wp-content/uploads/sites/110/2017/03/08080920/DiamondsMaldive_Traveller_Winter-2014.pdf,f51ae0c035c46d21e3be5ca6874fddd8cb74670940126f22a1827229337fba28,library/013_sandies-bathala/other/2014_DiamondsMaldive_Traveller_Winter-2014.pdf,,outdated,False,needs-review,2026-10-04,ambiguous match [13]
15,Alila Kothaifaru Maldives,factsheet,2022_Alila-Kothaifaru-Maldives-Factsheet-2022.pdf,2022,,,3,310,True,neoscapesmaldives.com,dmc-agency,https://www.neoscapesmaldives.com/wp-content/uploads/Alila-Kothaifaru-Maldives-Factsheet-2022.pdf,https://www.neoscapesmaldives.com/wp-content/uploads/Alila-Kothaifaru-Maldives-Factsheet-2022.pdf,1781e5a11b7377f8e8bb7455f3c2dea1a4db8754f5845b6083e8867125ec64ef,library/015_alila-kothaifaru-maldives/factsheet/2022_Alila-Kothaifaru-Maldives-Factsheet-2022.pdf,,outdated,True,matched,2026-10-04,
15,Alila Kothaifaru Maldives,map,2022_Alila-Kothaifaru-Maldives-Resort-Map.pdf,2022,,,1,1704,False,neoscapesmaldives.com,dmc-agency,https://www.neoscapesmaldives.com/wp-content/uploads/Alila-Kothaifaru-Maldives-Resort-Map.pdf,https://www.neoscapesmaldives.com/wp-content/uploads/Alila-Kothaifaru-Maldives-Resort-Map.pdf,611db5de80ebdf1b3a74646ea797e5a76a3f2857fd1ab178d55cbb52351b71fc,library/015_alila-kothaifaru-maldives/map/2022_Alila-Kothaifaru-Maldives-Resort-Map.pdf,,outdated,True,matched,2026-10-04,
16,JW Marriott Kaafu Atoll Island Resort,map,2024_RESORT-MAP_Original.pdf,2024,,,1,2776,True,neoscapesmaldives.com,dmc-agency,https://www.neoscapesmaldives.com/wp-content/uploads/RESORT-MAP_Original.pdf,https://www.neoscapesmaldives.com/wp-content/uploads/RESORT-MAP_Original.pdf,21ef3a43a5957ff0b4c061243a1f2a6485549f6aaa2beb055df51eb5806bc864,library/016_jw-marriott-kaafu-atoll-island-resort/map/2024_RESORT-MAP_Original.pdf,,outdated,True,needs-review,2026-10-04,ambiguous match [16]
16,JW Marriott Kaafu Atoll Island Resort,brochure,2024_JW-Marriott-Kaafu-Atoll-Island-Resort_Presentation.pdf,2024,,,20,5095,True,neoscapesmaldives.com,dmc-agency,https://www.neoscapesmaldives.com/wp-content/uploads/JW-Marriott-Kaafu-Atoll-Island-Resort_Presentation.pdf,https://www.neoscapesmaldives.com/wp-content/uploads/JW-Marriott-Kaafu-Atoll-Island-Resort_Presentation.pdf,e0a930d25c89df6027b432ba497c402492e4d889a722bfce0fa7a1b37fc040c1,library/016_jw-marriott-kaafu-atoll-island-resort/brochure/2024_JW-Marriott-Kaafu-Atoll-Island-Resort_Presentation.pdf,,outdated,True,matched,2026-10-04,
18,JW Marriott Maldives Resort & Spa,factsheet,2023_JW-Marriott-Maldives-Resort-Spa-Factsheet-2023.pdf,2023,,,9,2920,True,neoscapesmaldives.com,dmc-agency,https://www.neoscapesmaldives.com/wp-content/uploads/JW-Marriott-Maldives-Resort-Spa-Factsheet-2023.pdf,https://www.neoscapesmaldives.com/wp-content/uploads/JW-Marriott-Maldives-Resort-Spa-Factsheet-2023.pdf,76c2f6bf6b29e069a69b721c1bddb291fb4cf4409c478ed96f2ec0d8ec83c67c,library/018_jw-marriott-maldives-resort-spa/factsheet/2023_JW-Marriott-Maldives-Resort-Spa-Factsheet-2023.pdf,,outdated,True,matched,2026-10-04,
18,JW Marriott Maldives Resort & Spa,map,2025_Resort-Map_JW-Marriott-Maldives.pdf,2025,,,1,456,False,neoscapesmaldives.com,dmc-agency,https://www.neoscapesmaldives.com/wp-content/uploads/Resort-Map_JW-Marriott-Maldives.pdf,https://www.neoscapesmaldives.com/wp-content/uploads/Resort-Map_JW-Marriott-Maldives.pdf,a4229d5289ec3c66f2a3d20f4ec9582b74c3aa3d2cb90ba90e093cb65b63ba35,library/018_jw-marriott-maldives-resort-spa/map/2025_Resort-Map_JW-Marriott-Maldives.pdf,,current,True,matched,2026-10-04,
19,The Residence Maldives,wedding,2026_Maldives_Wedding_Ceremony_Packages-2026.pdf,2026,,,4,14175,True,cenizaro.com,official,https://www.cenizaro.com/docs/maldives-fm/Maldives_Wedding_Ceremony_Packages-2026.pdf,https://www.cenizaro.com/docs/maldives-fm/Maldives_Wedding_Ceremony_Packages-2026.pdf,862b8556cb8791f045db0546785db0ac7723cd929e0e0473615f02cc43fc9c09,library/019_the-residence-maldives/wedding/2026_Maldives_Wedding_Ceremony_Packages-2026.pdf,,current,True,needs-review,2026-10-04,ambiguous match [19]
19,The Residence Maldives,events,2024_2024_TR_MALDIVES_MICE_FACTSHEET_FA_v3_PAGEBYPAGE.pdf,2024,,,6,6361,True,cenizaro.com,official,https://www.cenizaro.com//docs/maldives-fm/2024_TR_MALDIVES_MICE_FACTSHEET_FA_v3_PAGEBYPAGE.pdf,https://www.cenizaro.com//docs/maldives-fm/2024_TR_MALDIVES_MICE_FACTSHEET_FA_v3_PAGEBYPAGE.pdf,b4e3dedbbfb03254f3123ebcc85eeb04a80863c12b25ae5f2217e73d1ca8990f,library/019_the-residence-maldives/events/2024_2024_TR_MALDIVES_MICE_FACTSHEET_FA_v3_PAGEBYPAGE.pdf,,outdated,True,matched,2026-10-04,
19,The Residence Maldives,spa_menu,2023_TRML_Spa_by_Clarins_-_Reception_Menu_-_Jan_23.pdf,2023,,,21,2886,False,cenizaro.com,official,https://cenizaro.com/docs/maldives-fm/TRML_Spa_by_Clarins_-_Reception_Menu_-_Jan_23.pdf,https://cenizaro.com/docs/maldives-fm/TRML_Spa_by_Clarins_-_Reception_Menu_-_Jan_23.pdf,b5c25831b4919e03759390462d29860f47dc84e268f066a09246d0ddcf10152a,library/019_the-residence-maldives/spa_menu/2023_TRML_Spa_by_Clarins_-_Reception_Menu_-_Jan_23.pdf,,outdated,True,needs-review,2026-10-04,ambiguous match [19]
19,The Residence Maldives,spa_menu,2022_TRML_Spa_by_Clarins_-_Reception_Menu_-_Dec_22.pdf,2022,,,22,2947,False,cenizaro.com,official,https://www.cenizaro.com/docs/maldives-fm/TRML_Spa_by_Clarins_-_Reception_Menu_-_Dec_22.pdf,https://www.cenizaro.com/docs/maldives-fm/TRML_Spa_by_Clarins_-_Reception_Menu_-_Dec_22.pdf,95aa5fe3059187b464126389a799c13e108da369d78d4f0d82993a3c443b3801,library/019_the-residence-maldives/spa_menu/2022_TRML_Spa_by_Clarins_-_Reception_Menu_-_Dec_22.pdf,,outdated,False,needs-review,2026-10-04,ambiguous match [19]
19,The Residence Maldives,dining_menu,2025_TRML_-_The_Beach_Bar_A_la_Carte_Lunch_Menu_-_28.06.25.pdf,2025,,,7,806,False,cenizaro.com,official,https://www.cenizaro.com/docs/maldives-fm/TRML_-_The_Beach_Bar_A_la_Carte_Lunch_Menu_-_28.06.25.pdf,https://www.cenizaro.com/docs/maldives-fm/TRML_-_The_Beach_Bar_A_la_Carte_Lunch_Menu_-_28.06.25.pdf,7b153e5c8c5775cfd96af5a6e707ea87de2a0b44ef0787023025611277067f8f,library/019_the-residence-maldives/dining_menu/2025_TRML_-_The_Beach_Bar_A_la_Carte_Lunch_Menu_-_28.06.25.pdf,,current,False,needs-review,2026-10-04,ambiguous match [19]
19,The Residence Maldives,dining_menu,2025_Kids_Menu_-_28.06.25.pdf,2025,,,1,85,False,cenizaro.com,official,https://www.cenizaro.com/docs/maldives-fm/Kids_Menu_-_28.06.25.pdf,https://www.cenizaro.com/docs/maldives-fm/Kids_Menu_-_28.06.25.pdf,ba83e0c1134393e21eacd824af3fcf7c7debe8151783567f4f84386357e6a221,library/019_the-residence-maldives/dining_menu/2025_Kids_Menu_-_28.06.25.pdf,,current,False,needs-review,2026-10-04,ambiguous match [19]
19,The Residence Maldives,dining_menu,2025_TRML_The_Beach_Bar_Tapas_-_28.06.25.pdf,2025,,,2,133,False,cenizaro.com,official,https://www.cenizaro.com/docs/maldives-fm/TRML_The_Beach_Bar_Tapas_-_28.06.25.pdf,https://www.cenizaro.com/docs/maldives-fm/TRML_The_Beach_Bar_Tapas_-_28.06.25.pdf,80ca6be2d1396e466fadfa9dea68b54ed756a88712e6f3297745ba65117aa4ae,library/019_the-residence-maldives/dining_menu/2025_TRML_The_Beach_Bar_Tapas_-_28.06.25.pdf,,current,False,needs-review,2026-10-04,ambiguous match [19]
19,The Residence Maldives,dining_menu,2025_TRML_-_THE_DINING_ROOM_A_LA_CARTE_DINNER_-_28.06.25.pdf,2025,,,6,610,False,cenizaro.com,official,https://www.cenizaro.com/docs/maldives-fm/TRML_-_THE_DINING_ROOM_A_LA_CARTE_DINNER_-_28.06.25.pdf,https://www.cenizaro.com/docs/maldives-fm/TRML_-_THE_DINING_ROOM_A_LA_CARTE_DINNER_-_28.06.25.pdf,a074f49a2d915df648e611d6c1f53018d763301fe692c05bfd84115c5a49aacd,library/019_the-residence-maldives/dining_menu/2025_TRML_-_THE_DINING_ROOM_A_LA_CARTE_DINNER_-_28.06.25.pdf,,current,False,needs-review,2026-10-04,ambiguous match [19]
19,The Residence Maldives,dining_menu,2025_TRML_-The_DINING_ROOM_A_LA_CARTE_LUNCH_-_28.06.25.pdf,2025,,,6,782,False,cenizaro.com,official,https://www.cenizaro.com/docs/maldives-fm/TRML_-The_DINING_ROOM_A_LA_CARTE_LUNCH_-_28.06.25.pdf,https://www.cenizaro.com/docs/maldives-fm/TRML_-The_DINING_ROOM_A_LA_CARTE_LUNCH_-_28.06.25.pdf,61a0c5a24a6f30493267e3e9202a189c00f524c8875dc5d811e582ae6604f969,library/019_the-residence-maldives/dining_menu/2025_TRML_-The_DINING_ROOM_A_LA_CARTE_LUNCH_-_28.06.25.pdf,,current,False,needs-review,2026-10-04,ambiguous match [19]
19,The Residence Maldives,dining_menu,2025_Hi-tea_menu_-_28.06.25.pdf,2025,,,1,80,True,cenizaro.com,official,https://www.cenizaro.com/docs/maldives-fm/Hi-tea_menu_-_28.06.25.pdf,https://www.cenizaro.com/docs/maldives-fm/Hi-tea_menu_-_28.06.25.pdf,cb3d1a4006e1ed00c3fa7db0faaa8c46ab9b567f0f600300a2ecc32a397887b6,library/019_the-residence-maldives/dining_menu/2025_Hi-tea_menu_-_28.06.25.pdf,,current,False,needs-review,2026-10-04,ambiguous match [19]
19,The Residence Maldives,dining_menu,2025_Private_Dining_All_Day_Menu_-_28.06.25.pdf,2025,,,9,498,False,cenizaro.com,official,https://www.cenizaro.com/docs/maldives-fm/Private_Dining_All_Day_Menu_-_28.06.25.pdf,https://www.cenizaro.com/docs/maldives-fm/Private_Dining_All_Day_Menu_-_28.06.25.pdf,e65a3372612ed8c2561f93c4105593100298c0010be0a139003e23562a862809,library/019_the-residence-maldives/dining_menu/2025_Private_Dining_All_Day_Menu_-_28.06.25.pdf,,current,True,needs-review,2026-10-04,ambiguous match [19]
19,The Residence Maldives,dining_menu,2025_The_Falhumaa_A_la_Carte_Dinner_Menu_28.06.25_-_EN_.pdf,2025,,,4,384,False,cenizaro.com,official,https://www.cenizaro.com/docs/maldives-fm/The_Falhumaa_A_la_Carte_Dinner_Menu_28.06.25_-_EN_.pdf,https://www.cenizaro.com/docs/maldives-fm/The_Falhumaa_A_la_Carte_Dinner_Menu_28.06.25_-_EN_.pdf,6abcea7a72906ee161c519b9494b9c7d8b479c737a0e5ed07f57ee6be26d840c,library/019_the-residence-maldives/dining_menu/2025_The_Falhumaa_A_la_Carte_Dinner_Menu_28.06.25_-_EN_.pdf,,current,False,needs-review,2026-10-04,ambiguous match [19]
19,The Residence Maldives,dive_prices,2026_Dive_Centre_Price_List-March_2026.pdf,2026,,,4,437,True,cenizaro.com,official,https://www.cenizaro.com/docs/maldives-dg/Dive_Centre_Price_List-March_2026.pdf,https://www.cenizaro.com/docs/maldives-dg/Dive_Centre_Price_List-March_2026.pdf,3acd27b7032e1b58725836790ae38183e75e6bc63c496a2e86238a57a9bba852,library/019_the-residence-maldives/dive_prices/2026_Dive_Centre_Price_List-March_2026.pdf,,current,True,needs-review,2026-10-04,ambiguous match [19]
19,The Residence Maldives,dive_prices,2026_Water_Sports_Price_list-March_2026.pdf,2026,,,2,203,True,cenizaro.com,official,https://www.cenizaro.com/docs/maldives-dg/Water_Sports_Price_list-March_2026.pdf,https://www.cenizaro.com/docs/maldives-dg/Water_Sports_Price_list-March_2026.pdf,d0dd30b9477766c79f36cf3b289896fe0c0acade45484bb942bb0553c1781653,library/019_the-residence-maldives/dive_prices/2026_Water_Sports_Price_list-March_2026.pdf,,current,False,needs-review,2026-10-04,ambiguous match [19]
19,The Residence Maldives,dive_prices,2026_Excursions_Price_List-March_2026.pdf,2026,,,3,363,True,cenizaro.com,official,https://www.cenizaro.com/docs/maldives-dg/Excursions_Price_List-March_2026.pdf,https://www.cenizaro.com/docs/maldives-dg/Excursions_Price_List-March_2026.pdf,6c0817fc3974e792c6b5549c4dc5f5b04e44dc70cc67d1cc2a4f395988246c3e,library/019_the-residence-maldives/dive_prices/2026_Excursions_Price_List-March_2026.pdf,,current,False,needs-review,2026-10-04,ambiguous match [19]
19,The Residence Maldives,excursions,2021_Maldives_Schedule_of_Daily_Activities.pdf,2021,,,1,5080,True,cenizaro.com,official,https://www.cenizaro.com/docs/maldives-dg/Maldives_Schedule_of_Daily_Activities.pdf,https://www.cenizaro.com/docs/maldives-dg/Maldives_Schedule_of_Daily_Activities.pdf,dc2e2dc6d329295a522f3667ae1c4d72b12978f5807cb76f5d02fe1d968213f1,library/019_the-residence-maldives/excursions/2021_Maldives_Schedule_of_Daily_Activities.pdf,,outdated,True,matched,2026-10-04,
19,The Residence Maldives,kids,2021_The_Residence_Maldives_-_Teens_Program.pdf,2021,,,1,10474,True,cenizaro.com,official,https://cenizaro.com/docs/maldives-fm/The_Residence_Maldives_-_Teens_Program.pdf,https://cenizaro.com/docs/maldives-fm/The_Residence_Maldives_-_Teens_Program.pdf,b6507a6af2b2e26313ac9e524948193c55c87e2abd3c04f1daa0010c95c4cf8e,library/019_the-residence-maldives/kids/2021_The_Residence_Maldives_-_Teens_Program.pdf,,outdated,True,matched,2026-10-04,
19,The Residence Maldives,villa_plans,2025_Vibes-by-The-Residence-Maldives-2025-July.pdf,2025,,,6,591,True,cenizaro.com,official,https://www.cenizaro.com/docs/maldives-fm/Vibes-by-The-Residence-Maldives-2025-July.pdf,https://www.cenizaro.com/docs/maldives-fm/Vibes-by-The-Residence-Maldives-2025-July.pdf,4c2cc7dd99b7dd86a6b854682cb0d5ae1977301ccc9303e8b793bced7055e498,library/019_the-residence-maldives/villa_plans/2025_Vibes-by-The-Residence-Maldives-2025-July.pdf,,current,True,matched,2026-10-04,
19,The Residence Maldives,brochure,2020_TRMaldives-Combined_-Brochure-200512.pdf,2020,,,17,11992,True,cenizaro.com,official,https://www.cenizaro.com/docs/maldives-fm/TRMaldives-Combined_-Brochure-200512.pdf,https://www.cenizaro.com/docs/maldives-fm/TRMaldives-Combined_-Brochure-200512.pdf,25a01534e182e836bfb5ff51250d5cd542fd607cb700af8e3bc179ec4129ef9a,library/019_the-residence-maldives/brochure/2020_TRMaldives-Combined_-Brochure-200512.pdf,,outdated,True,matched,2026-10-04,
20,The Residence Maldives At Dhigurah,wedding,2022_Maldives_Wedding_Ceremony_Packages.pdf,2022,,,4,13999,True,cenizaro.com,official,https://www.cenizaro.com/docs/maldives-dg/Maldives_Wedding_Ceremony_Packages.pdf,https://www.cenizaro.com/docs/maldives-dg/Maldives_Wedding_Ceremony_Packages.pdf,ef392a5c939b2c3175a7d1a258c39e83452042731886a2371e6ba3c7d2e95a82,library/020_the-residence-maldives-at-dhigurah/wedding/2022_Maldives_Wedding_Ceremony_Packages.pdf,,outdated,True,needs-review,2026-10-04,ambiguous match [20]
20,The Residence Maldives At Dhigurah,spa_menu,2025_Spa_by_Clarins_-_Reception_Menu_-_JULY_25.pdf,2025,,,20,555,True,cenizaro.com,official,https://www.cenizaro.com/docs/maldives-dg/Spa_by_Clarins_-_Reception_Menu_-_JULY_25.pdf,https://www.cenizaro.com/docs/maldives-dg/Spa_by_Clarins_-_Reception_Menu_-_JULY_25.pdf,385d447ba276e94b27f3548de732cd01764e46b3e212b7e5ba830a0aa0f136e3,library/020_the-residence-maldives-at-dhigurah/spa_menu/2025_Spa_by_Clarins_-_Reception_Menu_-_JULY_25.pdf,,current,True,matched,2026-10-04,
20,The Residence Maldives At Dhigurah,spa_menu,2023_TRMD_-_Spa_by_Clarins_-_Reception_Menu.pdf,2023,,,20,369,True,cenizaro.com,official,https://www.cenizaro.com/docs/maldives-dg/TRMD_-_Spa_by_Clarins_-_Reception_Menu.pdf,https://www.cenizaro.com/docs/maldives-dg/TRMD_-_Spa_by_Clarins_-_Reception_Menu.pdf,2222d2503d2ad63698887ca1a44f24b26e4ac3d9b5410f619e96ba4941d2ec4f,library/020_the-residence-maldives-at-dhigurah/spa_menu/2023_TRMD_-_Spa_by_Clarins_-_Reception_Menu.pdf,,outdated,False,matched,2026-10-04,
20,The Residence Maldives At Dhigurah,spa_menu,2022_TRMD_-_Spa_by_Clarins_-_Reception_Menu_-_Dec_22.pdf,2022,,,20,2959,False,cenizaro.com,official,https://cenizaro.com/docs/maldives-dg/TRMD_-_Spa_by_Clarins_-_Reception_Menu_-_Dec_22.pdf,https://cenizaro.com/docs/maldives-dg/TRMD_-_Spa_by_Clarins_-_Reception_Menu_-_Dec_22.pdf | https://www.cenizaro.com/docs/maldives-dg/TRMD_-_Spa_by_Clarins_-_Reception_Menu_-_Dec_22.pdf,9baf8821077ab7da15e63df9127a6dd5035eb699553f8a3774cf7aa5a81561f5,library/020_the-residence-maldives-at-dhigurah/spa_menu/2022_TRMD_-_Spa_by_Clarins_-_Reception_Menu_-_Dec_22.pdf,,outdated,False,needs-review,2026-10-04,ambiguous match [20]
20,The Residence Maldives At Dhigurah,dining_menu,2026_trmd-cafe-del-sol-lunch-2026-03.pdf,2026,,,7,215,True,cenizaro.com,official,https://www.cenizaro.com/docs/maldives-dg/trmd-cafe-del-sol-lunch-2026-03.pdf,https://www.cenizaro.com/docs/maldives-dg/trmd-cafe-del-sol-lunch-2026-03.pdf,8866c26fec5a6a0fb40075a9bfef9a0dbd4e2d9a466937aefd36802bbe921cef,library/020_the-residence-maldives-at-dhigurah/dining_menu/2026_trmd-cafe-del-sol-lunch-2026-03.pdf,,current,False,needs-review,2026-10-04,ambiguous match [20]
20,The Residence Maldives At Dhigurah,dining_menu,2026_trmd-long-island-2026-03.pdf,2026,,,8,1034,True,cenizaro.com,official,https://www.cenizaro.com/docs/maldives-dg/trmd-long-island-2026-03.pdf,https://www.cenizaro.com/docs/maldives-dg/trmd-long-island-2026-03.pdf,29530dfe80e4cd218cc74c1aac2eb142507d4a4f3f05340663f90e1866a89a07,library/020_the-residence-maldives-at-dhigurah/dining_menu/2026_trmd-long-island-2026-03.pdf,,current,False,needs-review,2026-10-04,ambiguous match [20]
20,The Residence Maldives At Dhigurah,dining_menu,2026_trmd-the-dining-room-2026-03.pdf,2026,,,10,253,True,cenizaro.com,official,https://www.cenizaro.com/docs/maldives-dg/trmd-the-dining-room-2026-03.pdf,https://www.cenizaro.com/docs/maldives-dg/trmd-the-dining-room-2026-03.pdf,509a4ee0640a67ebf7b1ea9e32920d523b6a34634203b2ed5b0fc6dba5604c83,library/020_the-residence-maldives-at-dhigurah/dining_menu/2026_trmd-the-dining-room-2026-03.pdf,,current,True,matched,2026-10-04,
20,The Residence Maldives At Dhigurah,dining_menu,2025_Tapas_Menu_-_Dec_22v2.pdf,2025,,,2,184,True,cenizaro.com,official,https://www.cenizaro.com/docs/maldives-dg/Tapas_Menu_-_Dec_22v2.pdf,https://www.cenizaro.com/docs/maldives-dg/Tapas_Menu_-_Dec_22v2.pdf,503600cd28275f42eba096e702f233aa5c8fd7c51dae993b874e981999919042,library/020_the-residence-maldives-at-dhigurah/dining_menu/2025_Tapas_Menu_-_Dec_22v2.pdf,,current,False,needs-review,2026-10-04,ambiguous match [20]
20,The Residence Maldives At Dhigurah,dining_menu,2021_Earth_Basket_-_Maldivian_Menu.pdf,2021,,,3,2782,False,cenizaro.com,official,https://www.cenizaro.com/docs/maldives-dg/Earth_Basket_-_Maldivian_Menu.pdf,https://www.cenizaro.com/docs/maldives-dg/Earth_Basket_-_Maldivian_Menu.pdf,3a3495635aef4a4cb54845192e7dd98363d11f4ce79577b7a15d0916dd3aef57,library/020_the-residence-maldives-at-dhigurah/dining_menu/2021_Earth_Basket_-_Maldivian_Menu.pdf,,outdated,False,needs-review,2026-10-04,ambiguous match [20]
20,The Residence Maldives At Dhigurah,excursions,2025_Group_Excursion_Schedule_June_2025.pdf,2025,,,1,672,True,cenizaro.com,official,https://www.cenizaro.com/docs/maldives-dg/Group_Excursion_Schedule_June_2025.pdf,https://www.cenizaro.com/docs/maldives-dg/Group_Excursion_Schedule_June_2025.pdf,6072f5e8daa61ff07cada0e18e65c8b5fbf2787e9ac2ac453753748939570abd,library/020_the-residence-maldives-at-dhigurah/excursions/2025_Group_Excursion_Schedule_June_2025.pdf,,current,True,needs-review,2026-10-04,ambiguous match [20]
20,The Residence Maldives At Dhigurah,kids,2026_Kids_Club_2026_sep.pdf,2026,,,1,1969,True,cenizaro.com,official,https://www.cenizaro.com/docs/maldives-dg/Kids_Club_2026_sep.pdf,https://www.cenizaro.com/docs/maldives-dg/Kids_Club_2026_sep.pdf,d6838fec45bd6b54703e14c702b13517ec42ae3e7fb65f526976aeb91658cfeb,library/020_the-residence-maldives-at-dhigurah/kids/2026_Kids_Club_2026_sep.pdf,,current,True,matched,2026-10-04,
20,The Residence Maldives At Dhigurah,villa_plans,2025_The-Residence-Photography-Packages-2025-07.pdf,2025,,,7,1976,False,cenizaro.com,official,https://www.cenizaro.com/docs/maldives-dg/The-Residence-Photography-Packages-2025-07.pdf,https://www.cenizaro.com/docs/maldives-dg/The-Residence-Photography-Packages-2025-07.pdf,f83c22561749c3c31f179b08a0f184f4167372fc862b9775f97bcc72dbd16b24,library/020_the-residence-maldives-at-dhigurah/villa_plans/2025_The-Residence-Photography-Packages-2025-07.pdf,,current,True,needs-review,2026-10-04,ambiguous match [20]
20,The Residence Maldives At Dhigurah,other,2026_trmd-li-bai-2026-03.pdf,2026,,,9,752,True,cenizaro.com,official,https://www.cenizaro.com/docs/maldives-dg/trmd-li-bai-2026-03.pdf,https://www.cenizaro.com/docs/maldives-dg/trmd-li-bai-2026-03.pdf,02d97bfddeff91b5c10c2da695a1aecacd1a956d59b96bf6c7f321ef6f9e4115,library/020_the-residence-maldives-at-dhigurah/other/2026_trmd-li-bai-2026-03.pdf,,current,True,needs-review,2026-10-04,ambiguous match [20]
21,Brennia Kottefaru,factsheet,2025_English-Fact-Sheet-Resort-Map.pdf,2025,,,12,14058,True,neoscapesmaldives.com,dmc-agency,https://www.neoscapesmaldives.com/wp-content/uploads/English-Fact-Sheet-Resort-Map.pdf,https://www.neoscapesmaldives.com/wp-content/uploads/English-Fact-Sheet-Resort-Map.pdf,d2daf65d7e8affefc06c249344479bda422f44380574404fddfdf03832e38b47,library/021_brennia-kottefaru/factsheet/2025_English-Fact-Sheet-Resort-Map.pdf,,current,True,matched,2026-10-04,
21,Brennia Kottefaru,factsheet,2022_BRK_FactsheetRev120121.pdf,2022,,,9,4084,True,neoscapesmaldives.com,dmc-agency,https://www.neoscapesmaldives.com/wp-content/uploads/BRK_FactsheetRev120121.pdf,https://www.neoscapesmaldives.com/wp-content/uploads/BRK_FactsheetRev120121.pdf,1aa9d71e90f5a18e7524a9ad92f48eb6aa0e6ddc7384e217259ea36987ee1e76,library/021_brennia-kottefaru/factsheet/2022_BRK_FactsheetRev120121.pdf,,outdated,False,matched,2026-10-04,
22,Barceló Whale Lagoon Maldives,factsheet,2026_Factsheet_MWLM_March2026_Digital-updated.pdf,2026,,,10,32053,True,neoscapesmaldives.com,dmc-agency,https://www.neoscapesmaldives.com/wp-content/uploads/Factsheet_MWLM_March2026_Digital-updated.pdf,https://www.neoscapesmaldives.com/wp-content/uploads/Factsheet_MWLM_March2026_Digital-updated.pdf,1c7772e53cba05937044682d185468c6d99102a2977fbbf7bab3cbb81c46822d,library/022_barcelo-whale-lagoon-maldives/factsheet/2026_Factsheet_MWLM_March2026_Digital-updated.pdf,,current,True,matched,2026-10-04,
22,Barceló Whale Lagoon Maldives,press_kit,2025_Mapa-Melia-Whale-Lagoon-Maldives-19-12-25.pdf,2025,,,1,7323,True,neoscapesmaldives.com,dmc-agency,https://www.neoscapesmaldives.com/wp-content/uploads/Mapa-Melia-Whale-Lagoon-Maldives-19-12-25.pdf,https://www.neoscapesmaldives.com/wp-content/uploads/Mapa-Melia-Whale-Lagoon-Maldives-19-12-25.pdf,6f90d1b15458069c9d279298c3fb072ed73977499fb24157ff5d6e8337039227,library/022_barcelo-whale-lagoon-maldives/press_kit/2025_Mapa-Melia-Whale-Lagoon-Maldives-19-12-25.pdf,,current,True,matched,2026-10-04,
23,Nooe Maldives Kunavashi,factsheet,2024_NOOE-Maldives-Kunaavashi_Fact-Sheet-2024.pdf,2024,,,6,10580,True,neoscapesmaldives.com,dmc-agency,https://www.neoscapesmaldives.com/wp-content/uploads/NOOE-Maldives-Kunaavashi_Fact-Sheet-2024.pdf,https://www.neoscapesmaldives.com/wp-content/uploads/NOOE-Maldives-Kunaavashi_Fact-Sheet-2024.pdf,8d2503af5f3a2d0828d3b3f54496b8a5f07da5d72e47e1bf5d20cda34ce97add,library/023_nooe-maldives-kunavashi/factsheet/2024_NOOE-Maldives-Kunaavashi_Fact-Sheet-2024.pdf,,outdated,True,matched,2026-10-04,
23,Nooe Maldives Kunavashi,map,2024_NOOE-MAP-Guest-Service.pdf,2024,,,1,630,False,neoscapesmaldives.com,dmc-agency,https://www.neoscapesmaldives.com/wp-content/uploads/NOOE-MAP-Guest-Service.pdf,https://www.neoscapesmaldives.com/wp-content/uploads/NOOE-MAP-Guest-Service.pdf,0e388bbeea1460175b9518e218b0a20e9f81f1b8e1386ef6072c2a8410645933,library/023_nooe-maldives-kunavashi/map/2024_NOOE-MAP-Guest-Service.pdf,,outdated,True,matched,2026-10-04,
25,Raffles Maldives Meradhoo Resort,factsheet,2026_Halcyon-Maldives-Factsheet-2026.pdf,2026,,,4,6363,True,neoscapesmaldives.com,dmc-agency,https://www.neoscapesmaldives.com/wp-content/uploads/Halcyon-Maldives-Factsheet-2026.pdf,https://www.neoscapesmaldives.com/wp-content/uploads/Halcyon-Maldives-Factsheet-2026.pdf,144d6b385baacfb6b71330bea8969a2868a7bef0686a64d331f11a76715a1acf,library/025_raffles-maldives-meradhoo-resort/factsheet/2026_Halcyon-Maldives-Factsheet-2026.pdf,,current,True,matched,2026-10-04,
25,Raffles Maldives Meradhoo Resort,map,2026_Halcyon-Maldives-Resort-Map-2026.pdf,2026,,,1,2490,True,neoscapesmaldives.com,dmc-agency,https://www.neoscapesmaldives.com/wp-content/uploads/Halcyon-Maldives-Resort-Map-2026.pdf,https://www.neoscapesmaldives.com/wp-content/uploads/Halcyon-Maldives-Resort-Map-2026.pdf,ed9bd9c1a2cbc9ec9ada905a717697cdc47623964814e75fdb5f87bb87a16a8c,library/025_raffles-maldives-meradhoo-resort/map/2026_Halcyon-Maldives-Resort-Map-2026.pdf,,current,True,matched,2026-10-04,
26,Centara Ras Fushi Resort & Spa,factsheet,2019_crf-factsheet-en.pdf,2019,,,2,2641,True,neoscapesmaldives.com,dmc-agency,https://neoscapesmaldives.com/wp-content/uploads/crf-factsheet-en.pdf,https://neoscapesmaldives.com/wp-content/uploads/crf-factsheet-en.pdf,228e5a541ae7155e93dc741f064d0e199d323a388bf60daae863f0c634714189,library/026_centara-ras-fushi-resort-spa/factsheet/2019_crf-factsheet-en.pdf,,outdated,True,matched,2026-10-04,
26,Centara Ras Fushi Resort & Spa,map,2020_centara-ras-fushi-Map.pdf,2020,,,1,226,False,neoscapesmaldives.com,dmc-agency,https://www.neoscapesmaldives.com/wp-content/uploads/centara-ras-fushi-Map.pdf,https://www.neoscapesmaldives.com/wp-content/uploads/centara-ras-fushi-Map.pdf,cc53fae00785200de6c54676849a943e54fa8516dbc5dc2055d6fac8a176fc35,library/026_centara-ras-fushi-resort-spa/map/2020_centara-ras-fushi-Map.pdf,,outdated,True,matched,2026-10-04,
27,Grand Park Kodhipparu Maldives,factsheet,2022_GPKD-Resort-Factsheet-2022.pdf,2022,,,14,24146,False,neoscapesmaldives.com,dmc-agency,https://www.neoscapesmaldives.com/wp-content/uploads/GPKD-Resort-Factsheet-2022.pdf,https://www.neoscapesmaldives.com/wp-content/uploads/GPKD-Resort-Factsheet-2022.pdf,59e2fe5a86a0a993f09ec14f337f0af3433bbfe6cb430feae1a851823e3cc302,library/027_grand-park-kodhipparu-maldives/factsheet/2022_GPKD-Resort-Factsheet-2022.pdf,,outdated,True,needs-review,2026-10-04,ambiguous match [27]
27,Grand Park Kodhipparu Maldives,map,2022_Grand-Park-Kodhipparu-Maldives-Resort-Map.pdf,2022,,,1,2743,True,neoscapesmaldives.com,dmc-agency,https://www.neoscapesmaldives.com/wp-content/uploads/Grand-Park-Kodhipparu-Maldives-Resort-Map.pdf,https://www.neoscapesmaldives.com/wp-content/uploads/Grand-Park-Kodhipparu-Maldives-Resort-Map.pdf,8acdd05667089bf6143e35a13eddc2789697149128e30b8ef044a9d24f7ea6a5,library/027_grand-park-kodhipparu-maldives/map/2022_Grand-Park-Kodhipparu-Maldives-Resort-Map.pdf,,outdated,True,matched,2026-10-04,
28,Kudadoo Maldives Private island,factsheet,2025_KudadooFactsheet110125103126Ver0526255.pdf,2025,2025-11-01,2026-10-31,7,1761,True,sales.crownandchamparesorts.com,brand-cdn,https://sales.crownandchamparesorts.com/wp-content/uploads/2025/12/KudadooFactsheet110125103126Ver0526255.pdf,https://sales.crownandchamparesorts.com/wp-content/uploads/2025/12/KudadooFactsheet110125103126Ver0526255.pdf,0a2036fc9a737116a58eb1a27b78f621bff0a4ceed7e85fe30bed2a69c653b6d,library/028_kudadoo-maldives-private-island/factsheet/2025_KudadooFactsheet110125103126Ver0526255.pdf,,current,True,matched,2026-10-04,
28,Kudadoo Maldives Private island,factsheet,2021_Kudadoo-Factsheet-110121103122Ver110121-Digital_compressed-1.pdf,2021,2021-11-01,2022-10-31,7,1180,True,sales.crownandchamparesorts.com,brand-cdn,https://sales.crownandchamparesorts.com/wp-content/uploads/2023/08/Kudadoo-Factsheet-110121103122Ver110121-Digital_compressed-1.pdf,https://sales.crownandchamparesorts.com/wp-content/uploads/2023/08/Kudadoo-Factsheet-110121103122Ver110121-Digital_compressed-1.pdf,30a930685c84c84cb21df5cfe02c792f8386e00f92be31090f107d923df8642f,library/028_kudadoo-maldives-private-island/factsheet/2021_Kudadoo-Factsheet-110121103122Ver110121-Digital_compressed-1.pdf,,outdated,False,matched,2026-10-04,
28,Kudadoo Maldives Private island,factsheet,2019_Kudadoo-Factsheet-110119103120Ver010720.pdf,2019,2019-11-01,2020-10-31,7,1744,True,sales.crownandchamparesorts.com,brand-cdn,https://sales.crownandchamparesorts.com/wp-content/uploads/2020/01/Kudadoo-Factsheet-110119103120Ver010720.pdf,https://sales.crownandchamparesorts.com/wp-content/uploads/2020/01/Kudadoo-Factsheet-110119103120Ver010720.pdf,4a2efb538365abb18106c76aced6c717cfa712caf2d180ca1248a22b04224ef7,library/028_kudadoo-maldives-private-island/factsheet/2019_Kudadoo-Factsheet-110119103120Ver010720.pdf,,outdated,False,matched,2026-10-04,
28,Kudadoo Maldives Private island,factsheet,2019_Kudadoo-Factsheet-110119103120Ver072719-Digital-Version.pdf,2019,2019-11-01,2020-10-31,7,2793,True,sales.crownandchamparesorts.com,brand-cdn,https://sales.crownandchamparesorts.com/wp-content/uploads/2018/03/Kudadoo-Factsheet-110119103120Ver072719-Digital-Version.pdf,https://sales.crownandchamparesorts.com/wp-content/uploads/2018/03/Kudadoo-Factsheet-110119103120Ver072719-Digital-Version.pdf,62b17bbc0d6812cf1b12a3399059d46150ae9aa9bc746a625d5c9d6b962dd07b,library/028_kudadoo-maldives-private-island/factsheet/2019_Kudadoo-Factsheet-110119103120Ver072719-Digital-Version.pdf,,outdated,False,matched,2026-10-04,
28,Kudadoo Maldives Private island,factsheet,2018_FactsheetKudadoo100118103119Ver051718.pdf,2018,2018-10-01,2019-10-31,7,1602,True,sales.crownandchamparesorts.com,brand-cdn,https://sales.crownandchamparesorts.com/wp-content/uploads/2018/10/FactsheetKudadoo100118103119Ver051718.pdf,https://sales.crownandchamparesorts.com/wp-content/uploads/2018/10/FactsheetKudadoo100118103119Ver051718.pdf,74c252260a7a8a7d5ef2732b6f7b97e810e2884d7e8e1a0a3cbf8726ad6124bf,library/028_kudadoo-maldives-private-island/factsheet/2018_FactsheetKudadoo100118103119Ver051718.pdf,,outdated,False,matched,2026-10-04,
28,Kudadoo Maldives Private island,map,2025_KudadooMap110125103126Ver070125.pdf,2025,2025-11-01,2026-10-31,1,1945,False,sales.crownandchamparesorts.com,brand-cdn,https://sales.crownandchamparesorts.com/wp-content/uploads/2025/12/KudadooMap110125103126Ver070125.pdf,https://sales.crownandchamparesorts.com/wp-content/uploads/2025/12/KudadooMap110125103126Ver070125.pdf,1482e84d277b3aa0e5213c09c32601868f5135452861fd2b717d37be52a89c10,library/028_kudadoo-maldives-private-island/map/2025_KudadooMap110125103126Ver070125.pdf,,current,True,matched,2026-10-04,
28,Kudadoo Maldives Private island,spa_menu,2025_KudadooSulhaSpaMenu110125103126Ver112023.pdf,2025,2025-11-01,2026-10-31,11,1248,True,sales.crownandchamparesorts.com,brand-cdn,https://sales.crownandchamparesorts.com/wp-content/uploads/2025/12/KudadooSulhaSpaMenu110125103126Ver112023.pdf,https://sales.crownandchamparesorts.com/wp-content/uploads/2025/12/KudadooSulhaSpaMenu110125103126Ver112023.pdf,33eb8d1d582d6fcf7c2e059c4e343aaae42b2267d2438569e9cc2b599f5e1bd2,library/028_kudadoo-maldives-private-island/spa_menu/2025_KudadooSulhaSpaMenu110125103126Ver112023.pdf,,current,True,matched,2026-10-04,
28,Kudadoo Maldives Private island,spa_menu,2019_KUD_AAA1.pdf,2019,,,1,493,True,sales.crownandchamparesorts.com,brand-cdn,https://sales.crownandchamparesorts.com/wp-content/uploads/2020/10/KUD_AAA1.pdf,https://sales.crownandchamparesorts.com/wp-content/uploads/2020/10/KUD_AAA1.pdf,523feb84d5f24be5e7f545c4164812204724da66ccce4b96d63cf68c96a07a83,library/028_kudadoo-maldives-private-island/spa_menu/2019_KUD_AAA1.pdf,,outdated,False,matched,2026-10-04,
28,Kudadoo Maldives Private island,spa_menu,2018_KudadooSulhaSpaMenu120118103119Ver112618.pdf,2018,2018-12-01,2019-10-31,9,603,True,sales.crownandchamparesorts.com,brand-cdn,https://sales.crownandchamparesorts.com/wp-content/uploads/2020/01/KudadooSulhaSpaMenu120118103119Ver112618.pdf,https://sales.crownandchamparesorts.com/wp-content/uploads/2020/01/KudadooSulhaSpaMenu120118103119Ver112618.pdf,65b53f81cd38420ba1e498772cd7f076f292537e39ffd5cdd96a5b75c1ae5659,library/028_kudadoo-maldives-private-island/spa_menu/2018_KudadooSulhaSpaMenu120118103119Ver112618.pdf,,outdated,False,matched,2026-10-04,
28,Kudadoo Maldives Private island,excursions,2025_KudadooBrochureEffortlessAdventure110125103126Ver052625.pdf,2025,2025-11-01,2026-10-31,10,1102,True,sales.crownandchamparesorts.com,brand-cdn,https://sales.crownandchamparesorts.com/wp-content/uploads/2025/12/KudadooBrochureEffortlessAdventure110125103126Ver052625.pdf,https://sales.crownandchamparesorts.com/wp-content/uploads/2025/12/KudadooBrochureEffortlessAdventure110125103126Ver052625.pdf,136444b90c2163804ea4af14c46c7eaf3def153128799c85f56f5880deffbb3d,library/028_kudadoo-maldives-private-island/excursions/2025_KudadooBrochureEffortlessAdventure110125103126Ver052625.pdf,,current,True,matched,2026-10-04,
28,Kudadoo Maldives Private island,all_inclusive,2025_KudadooAnythingAnytimeAnywherePackage110125103126Ver052625.pdf,2025,2025-11-01,2026-10-31,1,516,True,sales.crownandchamparesorts.com,brand-cdn,https://sales.crownandchamparesorts.com/wp-content/uploads/2025/12/KudadooAnythingAnytimeAnywherePackage110125103126Ver052625.pdf,https://sales.crownandchamparesorts.com/wp-content/uploads/2025/12/KudadooAnythingAnytimeAnywherePackage110125103126Ver052625.pdf,16c1d609494c3ec6cdbde4aabc5891cd1cea2624f27009410687fc8edcc735c0,library/028_kudadoo-maldives-private-island/all_inclusive/2025_KudadooAnythingAnytimeAnywherePackage110125103126Ver052625.pdf,,current,True,matched,2026-10-04,
28,Kudadoo Maldives Private island,all_inclusive,2018_KudadooAnythingAnytimeAnywherePackageVer072019.pdf,2018,,,1,505,True,sales.crownandchamparesorts.com,brand-cdn,https://sales.crownandchamparesorts.com/wp-content/uploads/2019/05/KudadooAnythingAnytimeAnywherePackageVer072019.pdf,https://sales.crownandchamparesorts.com/wp-content/uploads/2019/05/KudadooAnythingAnytimeAnywherePackageVer072019.pdf,71fce0022b6f2fe10bfd9d2f7a949be3427debaf55baa76a2ca56c6b4e28e73e,library/028_kudadoo-maldives-private-island/all_inclusive/2018_KudadooAnythingAnytimeAnywherePackageVer072019.pdf,,outdated,False,matched,2026-10-04,
28,Kudadoo Maldives Private island,sustainability,2025_KudadooSustainabilityBrochure110125103126Ver042024.pdf,2025,2025-11-01,2026-10-31,11,1447,True,sales.crownandchamparesorts.com,brand-cdn,https://sales.crownandchamparesorts.com/wp-content/uploads/2025/12/KudadooSustainabilityBrochure110125103126Ver042024.pdf,https://sales.crownandchamparesorts.com/wp-content/uploads/2025/12/KudadooSustainabilityBrochure110125103126Ver042024.pdf,9a3eb8d3acab0ea2fff57c9d55ad2cd60b68f1be124e054555bfb5bca5471df3,library/028_kudadoo-maldives-private-island/sustainability/2025_KudadooSustainabilityBrochure110125103126Ver042024.pdf,,current,True,matched,2026-10-04,
29,Dheruhfinolhu by Jawakara Islands Maldives,factsheet,2025_NalaMaldivesFactsheet011125311026Ver030426.pdf,2025,2025-11-01,2026-10-31,13,671,True,sales.crownandchamparesorts.com,brand-cdn,https://sales.crownandchamparesorts.com/wp-content/uploads/2026/04/NalaMaldivesFactsheet011125311026Ver030426.pdf,https://sales.crownandchamparesorts.com/wp-content/uploads/2026/04/NalaMaldivesFactsheet011125311026Ver030426.pdf,4ad61329a26c9e18c725660528f0b94cd13ec082d2ce3d09094d464849659c1e,library/029_dheruhfinolhu-by-jawakara-islands-maldives/factsheet/2025_NalaMaldivesFactsheet011125311026Ver030426.pdf,,current,True,needs-review,2026-10-04,"ambiguous match [29, 83, 1]"
83,Mabinhura by Jawakara Islands Maldives,factsheet,2025_NalaMaldivesFactsheet011125311026Ver030426.pdf,2025,2025-11-01,2026-10-31,13,671,True,sales.crownandchamparesorts.com,brand-cdn,https://sales.crownandchamparesorts.com/wp-content/uploads/2026/04/NalaMaldivesFactsheet011125311026Ver030426.pdf,https://sales.crownandchamparesorts.com/wp-content/uploads/2026/04/NalaMaldivesFactsheet011125311026Ver030426.pdf,4ad61329a26c9e18c725660528f0b94cd13ec082d2ce3d09094d464849659c1e,library/029_dheruhfinolhu-by-jawakara-islands-maldives/factsheet/2025_NalaMaldivesFactsheet011125311026Ver030426.pdf,,current,True,needs-review,2026-10-04,"ambiguous match [29, 83, 1]"
1,Six Senses Laamu,factsheet,2025_NalaMaldivesFactsheet011125311026Ver030426.pdf,2025,2025-11-01,2026-10-31,13,671,True,sales.crownandchamparesorts.com,brand-cdn,https://sales.crownandchamparesorts.com/wp-content/uploads/2026/04/NalaMaldivesFactsheet011125311026Ver030426.pdf,https://sales.crownandchamparesorts.com/wp-content/uploads/2026/04/NalaMaldivesFactsheet011125311026Ver030426.pdf,4ad61329a26c9e18c725660528f0b94cd13ec082d2ce3d09094d464849659c1e,library/029_dheruhfinolhu-by-jawakara-islands-maldives/factsheet/2025_NalaMaldivesFactsheet011125311026Ver030426.pdf,,current,True,needs-review,2026-10-04,"ambiguous match [29, 83, 1]"
29,Dheruhfinolhu by Jawakara Islands Maldives,map,2023_Jawakara_Map_20Oct23.pdf,2023,,,1,364,False,sales.crownandchamparesorts.com,brand-cdn,https://sales.crownandchamparesorts.com/wp-content/uploads/2023/10/Jawakara_Map_20Oct23.pdf,https://sales.crownandchamparesorts.com/wp-content/uploads/2023/10/Jawakara_Map_20Oct23.pdf,9775b6e6026f0016821c2c203ae61b3d94ff819c668f63dba8ad313fdae29a94,library/029_dheruhfinolhu-by-jawakara-islands-maldives/map/2023_Jawakara_Map_20Oct23.pdf,,outdated,True,matched,2026-10-04,
83,Mabinhura by Jawakara Islands Maldives,map,2023_Jawakara_Map_20Oct23.pdf,2023,,,1,364,False,sales.crownandchamparesorts.com,brand-cdn,https://sales.crownandchamparesorts.com/wp-content/uploads/2023/10/Jawakara_Map_20Oct23.pdf,https://sales.crownandchamparesorts.com/wp-content/uploads/2023/10/Jawakara_Map_20Oct23.pdf,9775b6e6026f0016821c2c203ae61b3d94ff819c668f63dba8ad313fdae29a94,library/029_dheruhfinolhu-by-jawakara-islands-maldives/map/2023_Jawakara_Map_20Oct23.pdf,,outdated,True,matched,2026-10-04,
29,Dheruhfinolhu by Jawakara Islands Maldives,calendar,2023_Jawakara-Transfer-Policy.pdf,2023,,,3,848,True,sales.crownandchamparesorts.com,brand-cdn,https://sales.crownandchamparesorts.com/wp-content/uploads/2023/10/Jawakara-Transfer-Policy.pdf,https://sales.crownandchamparesorts.com/wp-content/uploads/2023/10/Jawakara-Transfer-Policy.pdf,7ce7b2cf9786612869281f996f96e5f96601ddd0ea678347befa37650822875c,library/029_dheruhfinolhu-by-jawakara-islands-maldives/calendar/2023_Jawakara-Transfer-Policy.pdf,,outdated,True,matched,2026-10-04,
83,Mabinhura by Jawakara Islands Maldives,calendar,2023_Jawakara-Transfer-Policy.pdf,2023,,,3,848,True,sales.crownandchamparesorts.com,brand-cdn,https://sales.crownandchamparesorts.com/wp-content/uploads/2023/10/Jawakara-Transfer-Policy.pdf,https://sales.crownandchamparesorts.com/wp-content/uploads/2023/10/Jawakara-Transfer-Policy.pdf,7ce7b2cf9786612869281f996f96e5f96601ddd0ea678347befa37650822875c,library/029_dheruhfinolhu-by-jawakara-islands-maldives/calendar/2023_Jawakara-Transfer-Policy.pdf,,outdated,True,matched,2026-10-04,
30,Hurawalhi Island Resort,factsheet,2023_FactSheetHurawalhi110123103124Ver030123.pdf,2023,2023-11-01,2024-10-31,7,1358,True,sales.crownandchamparesorts.com,brand-cdn,https://sales.crownandchamparesorts.com/wp-content/uploads/2023/08/FactSheetHurawalhi110123103124Ver030123.pdf,https://sales.crownandchamparesorts.com/wp-content/uploads/2023/08/FactSheetHurawalhi110123103124Ver030123.pdf,12e16a5bf26f7a12f047c4f8eb77e13660a3cbbf379bdd4faa707b131b11de61,library/030_hurawalhi-island-resort/factsheet/2023_FactSheetHurawalhi110123103124Ver030123.pdf,,outdated,True,matched,2026-10-04,
30,Hurawalhi Island Resort,factsheet,2020_FactSheetHurawalhi110120103121Rev100820.pdf,2020,2020-11-01,2021-10-31,7,2752,True,sales.crownandchamparesorts.com,brand-cdn,https://sales.crownandchamparesorts.com/wp-content/uploads/2018/10/FactSheetHurawalhi110120103121Rev100820.pdf,https://sales.crownandchamparesorts.com/wp-content/uploads/2018/10/FactSheetHurawalhi110120103121Rev100820.pdf,562472b9e710b4ce205958439f0838d042178a9c25f34b6db2910331e62cbb30,library/030_hurawalhi-island-resort/factsheet/2020_FactSheetHurawalhi110120103121Rev100820.pdf,,outdated,False,matched,2026-10-04,
30,Hurawalhi Island Resort,factsheet,2019_FactSheet-Hurawalhi.pdf,2019,,,7,1219,True,neoscapesmaldives.com,dmc-agency,https://neoscapesmaldives.com/wp-content/uploads/FactSheet-Hurawalhi.pdf,https://neoscapesmaldives.com/wp-content/uploads/FactSheet-Hurawalhi.pdf,4d112dfbfc49300b7ef197ea7931fed5b82906d2c6f4f5f26f1adaa1a239ec5d,library/030_hurawalhi-island-resort/factsheet/2019_FactSheet-Hurawalhi.pdf,,outdated,False,matched,2026-10-04,
30,Hurawalhi Island Resort,wedding,2019_HurawalhiCeremoniesPackagesVer110719.pdf,2019,,,10,3454,True,sales.crownandchamparesorts.com,brand-cdn,https://sales.crownandchamparesorts.com/wp-content/uploads/2020/01/HurawalhiCeremoniesPackagesVer110719.pdf,https://sales.crownandchamparesorts.com/wp-content/uploads/2020/01/HurawalhiCeremoniesPackagesVer110719.pdf,ecf6694ceb29b205a34253f5acb219cde5c283f38329f812f501b19c24e2e9d9,library/030_hurawalhi-island-resort/wedding/2019_HurawalhiCeremoniesPackagesVer110719.pdf,,outdated,True,matched,2026-10-04,
30,Hurawalhi Island Resort,map,2022_Hurawalhi-Map110122103123.pdf,2022,2022-11-01,2023-10-31,1,1544,False,sales.crownandchamparesorts.com,brand-cdn,https://sales.crownandchamparesorts.com/wp-content/uploads/2023/08/Hurawalhi-Map110122103123.pdf,https://sales.crownandchamparesorts.com/wp-content/uploads/2023/08/Hurawalhi-Map110122103123.pdf,9d2e789c955c2d79ea5b103b571841ef6d03a127f914f8cf2d5fa763c0106455,library/030_hurawalhi-island-resort/map/2022_Hurawalhi-Map110122103123.pdf,,outdated,True,matched,2026-10-04,
30,Hurawalhi Island Resort,map,2019_Hurawalhi_Map.pdf,2019,,,1,1500,False,neoscapesmaldives.com,dmc-agency,https://neoscapesmaldives.com/wp-content/uploads/Hurawalhi_Map.pdf,https://neoscapesmaldives.com/wp-content/uploads/Hurawalhi_Map.pdf,9caf12d6fe793b1c95b79b7e0adc8a291c8f176e9817ad03aa709a9f01b5126a,library/030_hurawalhi-island-resort/map/2019_Hurawalhi_Map.pdf,,outdated,False,matched,2026-10-04,
30,Hurawalhi Island Resort,map,2018_MapHurawalhiPrintQuality092018ColorEnglish-1.pdf,2018,,,1,1548,False,sales.crownandchamparesorts.com,brand-cdn,https://sales.crownandchamparesorts.com/wp-content/uploads/2018/10/MapHurawalhiPrintQuality092018ColorEnglish-1.pdf,https://sales.crownandchamparesorts.com/wp-content/uploads/2018/10/MapHurawalhiPrintQuality092018ColorEnglish-1.pdf | https://sales.crownandchamparesorts.com/wp-content/uploads/2018/10/MapHurawalhiPrintQuality092018ColorEnglish.pdf,dee4072b0b3a92ca7d77192d995b6c3aa7eca60aff9aea4e9dcb47362951fdf2,library/030_hurawalhi-island-resort/map/2018_MapHurawalhiPrintQuality092018ColorEnglish-1.pdf,,outdated,False,matched,2026-10-04,
30,Hurawalhi Island Resort,excursions,2019_KUD_Brochure_Effortless-Adventure2.pdf,2019,,,9,1021,True,sales.crownandchamparesorts.com,brand-cdn,https://sales.crownandchamparesorts.com/wp-content/uploads/2020/10/KUD_Brochure_Effortless-Adventure2.pdf,https://sales.crownandchamparesorts.com/wp-content/uploads/2020/10/KUD_Brochure_Effortless-Adventure2.pdf,cdfa8cf6fb9684c6ef7dca754299a78378d03668faf2eff5ae3f6d0e5a23d7c0,library/030_hurawalhi-island-resort/excursions/2019_KUD_Brochure_Effortless-Adventure2.pdf,,outdated,True,needs-review,2026-10-04,"ambiguous match [30, 28]"
28,Kudadoo Maldives Private island,excursions,2019_KUD_Brochure_Effortless-Adventure2.pdf,2019,,,9,1021,True,sales.crownandchamparesorts.com,brand-cdn,https://sales.crownandchamparesorts.com/wp-content/uploads/2020/10/KUD_Brochure_Effortless-Adventure2.pdf,https://sales.crownandchamparesorts.com/wp-content/uploads/2020/10/KUD_Brochure_Effortless-Adventure2.pdf,cdfa8cf6fb9684c6ef7dca754299a78378d03668faf2eff5ae3f6d0e5a23d7c0,library/030_hurawalhi-island-resort/excursions/2019_KUD_Brochure_Effortless-Adventure2.pdf,,outdated,True,needs-review,2026-10-04,"ambiguous match [30, 28]"
31,Innahura Maldives Resort,factsheet,2021_FactSheetInnahura110121103122Ver110121.pdf,2021,2021-11-01,2022-10-31,2,1287,True,sales.crownandchamparesorts.com,brand-cdn,https://sales.crownandchamparesorts.com/wp-content/uploads/2023/08/FactSheetInnahura110121103122Ver110121.pdf,https://sales.crownandchamparesorts.com/wp-content/uploads/2023/08/FactSheetInnahura110121103122Ver110121.pdf,0a9e5501e70ea2887fed2d512069dc1a0f87ebedc422ed843b40e6ab51647a49,library/031_innahura-maldives-resort/factsheet/2021_FactSheetInnahura110121103122Ver110121.pdf,,outdated,True,matched,2026-10-04,
31,Innahura Maldives Resort,factsheet,2019_FactSheetInnahura110119103120Rev061019.pdf,2019,2019-11-01,2020-10-31,2,640,True,sales.crownandchamparesorts.com,brand-cdn,https://sales.crownandchamparesorts.com/wp-content/uploads/2019/05/FactSheetInnahura110119103120Rev061019.pdf,https://sales.crownandchamparesorts.com/wp-content/uploads/2019/05/FactSheetInnahura110119103120Rev061019.pdf,b39d8b448bbf3587e7dcbbfbda798e7f970c8f3dd7af6d2d15e5136d9f5a46b8,library/031_innahura-maldives-resort/factsheet/2019_FactSheetInnahura110119103120Rev061019.pdf,,outdated,False,matched,2026-10-04,
31,Innahura Maldives Resort,factsheet,2018_Innahura_factsheet_v6low-res-1.pdf,2018,,,3,551,True,sales.crownandchamparesorts.com,brand-cdn,https://sales.crownandchamparesorts.com/wp-content/uploads/2018/04/Innahura_factsheet_v6low-res-1.pdf,https://sales.crownandchamparesorts.com/wp-content/uploads/2018/04/Innahura_factsheet_v6low-res-1.pdf | https://sales.crownandchamparesorts.com/wp-content/uploads/2018/04/Innahura_factsheet_v6low-res.pdf,7e93841a77341763c5c0aa0e20c25000e2a2781cd350a56b06e33cbef12c03b7,library/031_innahura-maldives-resort/factsheet/2018_Innahura_factsheet_v6low-res-1.pdf,,outdated,False,matched,2026-10-04,
31,Innahura Maldives Resort,all_inclusive,2021_InnahuraAIEPackage110121103122Ver110121.pdf,2021,2021-11-01,2022-10-31,1,1226,True,sales.crownandchamparesorts.com,brand-cdn,https://sales.crownandchamparesorts.com/wp-content/uploads/2023/08/InnahuraAIEPackage110121103122Ver110121.pdf,https://sales.crownandchamparesorts.com/wp-content/uploads/2023/08/InnahuraAIEPackage110121103122Ver110121.pdf,9336ceef26a1d2d17985a0c60c47d5cce149b5891fc37624a393c36c36e14d40,library/031_innahura-maldives-resort/all_inclusive/2021_InnahuraAIEPackage110121103122Ver110121.pdf,,outdated,True,matched,2026-10-04,
32,Cocoon Maldives,factsheet,2025_Cocoon-Maldives-_-Fact-Sheet.pdf,2025,,,6,2993,True,neoscapesmaldives.com,dmc-agency,https://www.neoscapesmaldives.com/wp-content/uploads/Cocoon-Maldives-_-Fact-Sheet.pdf,https://www.neoscapesmaldives.com/wp-content/uploads/Cocoon-Maldives-_-Fact-Sheet.pdf,34f50f2019bc5baa0a0cd8bef11fbae4635b168722273cfaa5faf7574bc05144,library/032_cocoon-maldives/factsheet/2025_Cocoon-Maldives-_-Fact-Sheet.pdf,,current,True,matched,2026-10-04,
32,Cocoon Maldives,map,2025_DUSIT-D2-FEYDHOO-MAP-DIGITAL-HIGH-RES-.pdf,2025,,,1,4694,True,neoscapesmaldives.com,dmc-agency,https://www.neoscapesmaldives.com/wp-content/uploads/DUSIT-D2-FEYDHOO-MAP-DIGITAL-HIGH-RES-.pdf,https://www.neoscapesmaldives.com/wp-content/uploads/DUSIT-D2-FEYDHOO-MAP-DIGITAL-HIGH-RES-.pdf,d53c70cc4b3623c8f63e8d28df47d8a0ba5e8cabc851318bf2e58211a40a27c2,library/032_cocoon-maldives/map/2025_DUSIT-D2-FEYDHOO-MAP-DIGITAL-HIGH-RES-.pdf,,current,True,matched,2026-10-04,
32,Cocoon Maldives,map,2024_Cocoon-Maldives-_-Resort-Map.pdf,2024,,,1,1092,True,neoscapesmaldives.com,dmc-agency,https://www.neoscapesmaldives.com/wp-content/uploads/Cocoon-Maldives-_-Resort-Map.pdf,https://www.neoscapesmaldives.com/wp-content/uploads/Cocoon-Maldives-_-Resort-Map.pdf,62cde68b049648c29f61c9a24dae5b09f333ff81ced039e224d4b5eb70f04c8e,library/032_cocoon-maldives/map/2024_Cocoon-Maldives-_-Resort-Map.pdf,,outdated,False,matched,2026-10-04,
33,Dhigali Maldives,factsheet,2022_Dhigali_Factsheet-03-15-2022.pdf,2022,,,8,4683,True,neoscapesmaldives.com,dmc-agency,https://www.neoscapesmaldives.com/wp-content/uploads/Dhigali_Factsheet-03-15-2022.pdf,https://www.neoscapesmaldives.com/wp-content/uploads/Dhigali_Factsheet-03-15-2022.pdf,34619d93f825f391b75cbe496f1d8b5a2601507cba561a25749b40f4f3707fe8,library/033_dhigali-maldives/factsheet/2022_Dhigali_Factsheet-03-15-2022.pdf,,outdated,True,matched,2026-10-04,
33,Dhigali Maldives,map,2022_Dhigali_Map-03-15-2022.pdf,2022,,,1,1277,False,neoscapesmaldives.com,dmc-agency,https://www.neoscapesmaldives.com/wp-content/uploads/Dhigali_Map-03-15-2022.pdf,https://www.neoscapesmaldives.com/wp-content/uploads/Dhigali_Map-03-15-2022.pdf,e7122ad4dace502ec5c93eb499a03ab652ebeb8ae2232f2cc1d02c5859a96673,library/033_dhigali-maldives/map/2022_Dhigali_Map-03-15-2022.pdf,,outdated,True,matched,2026-10-04,
34,Adaaran Select Meedhupparu,sustainability,2025_Sustainabilty-Report-ASM-2025-26-compressed.pdf,2025,,,21,5686,True,adaaran.com,official,https://adaaran.eme-devops.com/2026/05/Sustainabilty-Report-ASM-2025-26-compressed.pdf,https://adaaran.eme-devops.com/2026/05/Sustainabilty-Report-ASM-2025-26-compressed.pdf,6b3907d79837723d7b58333fbda16c186296fa8802208f39ffa378ad10ebdbb6,library/034_adaaran-select-meedhupparu/sustainability/2025_Sustainabilty-Report-ASM-2025-26-compressed.pdf,,current,True,matched,2026-10-04,
34,Adaaran Select Meedhupparu,sustainability,2024_2024-25-Adaaran-Select-Meedhupparu-Sustainability-Report-2024-25.pdf,2024,,,19,2975,True,adaaran.com,official,https://adaaran.eme-devops.com/2025/08/2024-25-Adaaran-Select-Meedhupparu-Sustainability-Report-2024-25.pdf,https://adaaran.eme-devops.com/2025/08/2024-25-Adaaran-Select-Meedhupparu-Sustainability-Report-2024-25.pdf,45cc90e49dcac418986e36b772c8abea0554537404edcfec9b91cd7ae066ac21,library/034_adaaran-select-meedhupparu/sustainability/2024_2024-25-Adaaran-Select-Meedhupparu-Sustainability-Report-2024-25.pdf,,outdated,False,matched,2026-10-04,
34,Adaaran Select Meedhupparu,sustainability,2023_Adaaran-Select-Meedhupparu-Sustainability-Report-2023-24.pdf,2023,,,17,2418,True,adaaran.com,official,https://adaaran.eme-devops.com/2025/08/Adaaran-Select-Meedhupparu-Sustainability-Report-2023-24.pdf,https://adaaran.eme-devops.com/2025/08/Adaaran-Select-Meedhupparu-Sustainability-Report-2023-24.pdf,63f67c08439a61af521e4d32244ac493a9c99019c4ee4fb31799b08c195af488,library/034_adaaran-select-meedhupparu/sustainability/2023_Adaaran-Select-Meedhupparu-Sustainability-Report-2023-24.pdf,,outdated,False,matched,2026-10-04,
34,Adaaran Select Meedhupparu,sustainability,2022_Adaaran-Select-Meedhupparu-Sustainability-Report-2022-23.pdf,2022,,,17,5050,True,adaaran.com,official,https://adaaran.eme-devops.com/2025/08/Adaaran-Select-Meedhupparu-Sustainability-Report-2022-23.pdf,https://adaaran.eme-devops.com/2025/08/Adaaran-Select-Meedhupparu-Sustainability-Report-2022-23.pdf,fed83de8c673acc9a6aaf9bf98b4201ce561bb277f8dedfe103adf1c3ba6e3eb,library/034_adaaran-select-meedhupparu/sustainability/2022_Adaaran-Select-Meedhupparu-Sustainability-Report-2022-23.pdf,,outdated,False,matched,2026-10-04,
34,Adaaran Select Meedhupparu,sustainability,2021_Adaaran-Select-Meedhupparu-Sustainability-Report-2021-22.pdf,2021,,,20,5447,True,adaaran.com,official,https://adaaran.eme-devops.com/2025/08/Adaaran-Select-Meedhupparu-Sustainability-Report-2021-22.pdf,https://adaaran.eme-devops.com/2025/08/Adaaran-Select-Meedhupparu-Sustainability-Report-2021-22.pdf,33b5432724621e74c3ce07215dc14ca93e1f76bbd6da90b6e87ffe630dc7721c,library/034_adaaran-select-meedhupparu/sustainability/2021_Adaaran-Select-Meedhupparu-Sustainability-Report-2021-22.pdf,,outdated,False,matched,2026-10-04,
34,Adaaran Select Meedhupparu,sustainability,2021_Adaaran-Select-Meedhupparu-Sustainability-Report-_-2019-2020-2021.pdf,2021,,,20,4534,False,adaaran.com,official,https://adaaran.eme-devops.com/2025/08/Adaaran-Select-Meedhupparu-Sustainability-Report-%E2%80%93-2019-2020-2021.pdf,https://adaaran.eme-devops.com/2025/08/Adaaran-Select-Meedhupparu-Sustainability-Report-%E2%80%93-2019-2020-2021.pdf,40c51d0b2955bffa72d2229baa9ae55beba209dc66ad471f578a068a8d0721b3,library/034_adaaran-select-meedhupparu/sustainability/2021_Adaaran-Select-Meedhupparu-Sustainability-Report-_-2019-2020-2021.pdf,,outdated,False,matched,2026-10-04,
35,Heritance Aarah,factsheet,2020_Heritance-Aarah-Fact-Sheet_Dec-V2.pdf,2020,,,6,1721,True,neoscapesmaldives.com,dmc-agency,https://www.neoscapesmaldives.com/wp-content/uploads/Heritance-Aarah-Fact-Sheet_Dec-V2.pdf,https://www.neoscapesmaldives.com/wp-content/uploads/Heritance-Aarah-Fact-Sheet_Dec-V2.pdf,6965adc3b09f579b553b32c86575f64d34744f44408a084d8fd16b581ee62a84,library/035_heritance-aarah/factsheet/2020_Heritance-Aarah-Fact-Sheet_Dec-V2.pdf,,outdated,True,matched,2026-10-04,
35,Heritance Aarah,map,2020_Heritance-Aarah-Resort-map.pdf,2020,,,1,87,False,neoscapesmaldives.com,dmc-agency,https://www.neoscapesmaldives.com/wp-content/uploads/Heritance-Aarah-Resort-map.pdf,https://www.neoscapesmaldives.com/wp-content/uploads/Heritance-Aarah-Resort-map.pdf,2f359de71c2ba859d96b36f11d0488b21ea1486131a93313c267bf76c1b0dde0,library/035_heritance-aarah/map/2020_Heritance-Aarah-Resort-map.pdf,,outdated,True,matched,2026-10-04,
37,The Ritz Carlton Maldives Fari Islands,factsheet,2021_The-Ritz-Carlton-Maldives-Factsheet.pdf,2021,,,6,1283,True,neoscapesmaldives.com,dmc-agency,https://www.neoscapesmaldives.com/wp-content/uploads/The-Ritz-Carlton-Maldives-Factsheet.pdf,https://www.neoscapesmaldives.com/wp-content/uploads/The-Ritz-Carlton-Maldives-Factsheet.pdf,0b999049304d5753eb91ffd06f2ee4e827d28951f546b20354aa977ac2cd5c07,library/037_the-ritz-carlton-maldives-fari-islands/factsheet/2021_The-Ritz-Carlton-Maldives-Factsheet.pdf,,outdated,True,matched,2026-10-04,
37,The Ritz Carlton Maldives Fari Islands,map,2022_The-Ritz-Carlton-Maldives-Fari-Islands-Map.pdf,2022,,,1,556,False,neoscapesmaldives.com,dmc-agency,https://www.neoscapesmaldives.com/wp-content/uploads/The-Ritz-Carlton-Maldives-Fari-Islands-Map.pdf,https://www.neoscapesmaldives.com/wp-content/uploads/The-Ritz-Carlton-Maldives-Fari-Islands-Map.pdf,51c0e6b1be1c78a77d4f5143dba4aa74bf4d9ddb25e423e81455f51e63e55730,library/037_the-ritz-carlton-maldives-fari-islands/map/2022_The-Ritz-Carlton-Maldives-Fari-Islands-Map.pdf,,outdated,True,matched,2026-10-04,
38,Veligandu Maldives Resort Island,factsheet,2025_Veli-Factsheet-W25-26S26Ver17062025.pdf,2025,,,18,1995,False,sales.crownandchamparesorts.com,brand-cdn,https://sales.crownandchamparesorts.com/wp-content/uploads/2025/08/Veli-Factsheet-W25-26S26Ver17062025.pdf,https://sales.crownandchamparesorts.com/wp-content/uploads/2025/08/Veli-Factsheet-W25-26S26Ver17062025.pdf,18a080bf8ba1859116b360ff14bff70325c4113d16f27acb988554b11321fa86,library/038_veligandu-maldives-resort-island/factsheet/2025_Veli-Factsheet-W25-26S26Ver17062025.pdf,,current,True,needs-review,2026-10-04,ambiguous match [38]
38,Veligandu Maldives Resort Island,factsheet,2019_FactSheetVeligandu110119103120Rev111619.pdf,2019,2019-11-01,2020-10-31,3,803,True,sales.crownandchamparesorts.com,brand-cdn,https://sales.crownandchamparesorts.com/wp-content/uploads/2018/04/FactSheetVeligandu110119103120Rev111619.pdf,https://sales.crownandchamparesorts.com/wp-content/uploads/2018/04/FactSheetVeligandu110119103120Rev111619.pdf,c46fa7037910af809b77bcbbb3798430a89add4ecfedbc897f5158b9285272b5,library/038_veligandu-maldives-resort-island/factsheet/2019_FactSheetVeligandu110119103120Rev111619.pdf,,outdated,False,matched,2026-10-04,
38,Veligandu Maldives Resort Island,map,2025_Veli-IslandMap110125103126Ver140625.pdf,2025,2025-11-01,2026-10-31,1,1499,False,sales.crownandchamparesorts.com,brand-cdn,https://sales.crownandchamparesorts.com/wp-content/uploads/2025/08/Veli-IslandMap110125103126Ver140625.pdf,https://sales.crownandchamparesorts.com/wp-content/uploads/2025/08/Veli-IslandMap110125103126Ver140625.pdf,4e815a1b8b2556fe0727cafe9aba2ef9dfeb5076ba5568782a2aeb42f6bd3b06,library/038_veligandu-maldives-resort-island/map/2025_Veli-IslandMap110125103126Ver140625.pdf,,current,True,needs-review,2026-10-04,ambiguous match [38]
38,Veligandu Maldives Resort Island,map,2024_Veligandu-Island-Map-290724.pdf,2024,,,1,1012,False,sales.crownandchamparesorts.com,brand-cdn,https://sales.crownandchamparesorts.com/wp-content/uploads/2025/06/Veligandu-Island-Map-290724.pdf,https://sales.crownandchamparesorts.com/wp-content/uploads/2025/06/Veligandu-Island-Map-290724.pdf,dceeaeb28b408bf03995679784cfa56c97434293c6b21b340327692ecebb4876,library/038_veligandu-maldives-resort-island/map/2024_Veligandu-Island-Map-290724.pdf,,outdated,False,matched,2026-10-04,
38,Veligandu Maldives Resort Island,map,2019_IslandMapColourRev060219.pdf,2019,,,1,70,True,sales.crownandchamparesorts.com,brand-cdn,https://sales.crownandchamparesorts.com/wp-content/uploads/2018/03/IslandMapColourRev060219.pdf,https://sales.crownandchamparesorts.com/wp-content/uploads/2018/03/IslandMapColourRev060219.pdf,b46067de679f1783d5b0bae639d967585c5f2896315aa7e1bc7de87c0749e853,library/038_veligandu-maldives-resort-island/map/2019_IslandMapColourRev060219.pdf,,outdated,False,needs-review,2026-10-04,"ambiguous match [38, 159]"
159,Cinnamon Dhonveli Maldives,map,2019_IslandMapColourRev060219.pdf,2019,,,1,70,True,sales.crownandchamparesorts.com,brand-cdn,https://sales.crownandchamparesorts.com/wp-content/uploads/2018/03/IslandMapColourRev060219.pdf,https://sales.crownandchamparesorts.com/wp-content/uploads/2018/03/IslandMapColourRev060219.pdf,b46067de679f1783d5b0bae639d967585c5f2896315aa7e1bc7de87c0749e853,library/038_veligandu-maldives-resort-island/map/2019_IslandMapColourRev060219.pdf,,outdated,False,needs-review,2026-10-04,"ambiguous match [38, 159]"
38,Veligandu Maldives Resort Island,map,2017_MapVeliganduColor110117.pdf,2017,,,1,84,True,sales.crownandchamparesorts.com,brand-cdn,https://sales.crownandchamparesorts.com/wp-content/uploads/2018/04/MapVeliganduColor110117.pdf,https://sales.crownandchamparesorts.com/wp-content/uploads/2018/04/MapVeliganduColor110117.pdf,af611da61efadde8cf8d0b493c7d4fa80e881aaeb4c87e0a850c336d6d49c3d3,library/038_veligandu-maldives-resort-island/map/2017_MapVeliganduColor110117.pdf,,outdated,False,matched,2026-10-04,
38,Veligandu Maldives Resort Island,dive_prices,2020_OceanDiveandSportsCenterSOP-071720VELI.pdf,2020,,,7,97,True,sales.crownandchamparesorts.com,brand-cdn,https://sales.crownandchamparesorts.com/wp-content/uploads/2020/07/OceanDiveandSportsCenterSOP-071720VELI.pdf,https://sales.crownandchamparesorts.com/wp-content/uploads/2020/07/OceanDiveandSportsCenterSOP-071720VELI.pdf,9ecdc49cbf1f018e65bd21112dd46389caec9dbf1cc73f41c7a1c915d7667433,library/038_veligandu-maldives-resort-island/dive_prices/2020_OceanDiveandSportsCenterSOP-071720VELI.pdf,,outdated,True,needs-review,2026-10-04,ambiguous match [38]
39,NH Collection Maldives Havodda Resort,factsheet,2018_Amari-Havodda-Factsheet.pdf,2018,,,1,1188,True,neoscapesmaldives.com,dmc-agency,https://neoscapesmaldives.com/wp-content/uploads/Amari-Havodda-Factsheet.pdf,https://neoscapesmaldives.com/wp-content/uploads/Amari-Havodda-Factsheet.pdf,a59811f843e1f7cf3193925c78af54428dcd0fbe03d169ef8da498661ab8092a,library/039_nh-collection-maldives-havodda-resort/factsheet/2018_Amari-Havodda-Factsheet.pdf,,outdated,True,matched,2026-10-04,
39,NH Collection Maldives Havodda Resort,map,2019_Amari-Havodda-Maldives-Map.pdf,2019,,,1,220,False,neoscapesmaldives.com,dmc-agency,https://neoscapesmaldives.com/wp-content/uploads/Amari-Havodda-Maldives-Map.pdf,https://neoscapesmaldives.com/wp-content/uploads/Amari-Havodda-Maldives-Map.pdf,fd7d720baa1b7f08607fbf7b03c29035e9cf1b26f05a304c9b2d9ccd1c5cc366,library/039_nh-collection-maldives-havodda-resort/map/2019_Amari-Havodda-Maldives-Map.pdf,,outdated,True,matched,2026-10-04,
40,Le Méridien Maldives Resort and Spa,factsheet,2022_Resort-Factsheet-Le-Meridien-Maldives.pdf,2022,,,24,2786,True,neoscapesmaldives.com,dmc-agency,https://www.neoscapesmaldives.com/wp-content/uploads/Resort-Factsheet-Le-Meridien-Maldives.pdf,https://www.neoscapesmaldives.com/wp-content/uploads/Resort-Factsheet-Le-Meridien-Maldives.pdf,eddd25783828b410c3f4b20c2eda00dbf2a3ef2f4e1ad4e0f69993fb8e200fbf,library/040_le-meridien-maldives-resort-and-spa/factsheet/2022_Resort-Factsheet-Le-Meridien-Maldives.pdf,,outdated,True,matched,2026-10-04,
40,Le Méridien Maldives Resort and Spa,map,2022_Resort-Map-Le-Meridien-Maldives.pdf,2022,,,1,227,False,neoscapesmaldives.com,dmc-agency,https://www.neoscapesmaldives.com/wp-content/uploads/Resort-Map-Le-Meridien-Maldives.pdf,https://www.neoscapesmaldives.com/wp-content/uploads/Resort-Map-Le-Meridien-Maldives.pdf,0a3799bcf0f130852efb17b9ae67d986d6c6fe806e6ce88c968a736116f2db0c,library/040_le-meridien-maldives-resort-and-spa/map/2022_Resort-Map-Le-Meridien-Maldives.pdf,,outdated,True,matched,2026-10-04,
41,Ozen By Atmosphere At Maadhoo,factsheet,2025_OZEN-LIFE-MAADHOO-Fact-Sheet-2025.pdf,2025,,,8,2590,True,neoscapesmaldives.com,dmc-agency,https://www.neoscapesmaldives.com/wp-content/uploads/OZEN-LIFE-MAADHOO-Fact-Sheet-2025.pdf,https://www.neoscapesmaldives.com/wp-content/uploads/OZEN-LIFE-MAADHOO-Fact-Sheet-2025.pdf,e3425d1fc89e17e25df5289874ac600227e6fb4cecf880383b7726bcfcf0c90b,library/041_ozen-by-atmosphere-at-maadhoo/factsheet/2025_OZEN-LIFE-MAADHOO-Fact-Sheet-2025.pdf,,current,True,matched,2026-10-04,
41,Ozen By Atmosphere At Maadhoo,map,2023_OZEN-LIFE-MAADHOO-Resort-Map-1.pdf,2023,,,1,1241,True,neoscapesmaldives.com,dmc-agency,https://www.neoscapesmaldives.com/wp-content/uploads/OZEN-LIFE-MAADHOO-Resort-Map-1.pdf,https://www.neoscapesmaldives.com/wp-content/uploads/OZEN-LIFE-MAADHOO-Resort-Map-1.pdf,6e09bb8abd272db0ce8fd33dc58f291886eeb4aea1e963338c03041a44a71b28,library/041_ozen-by-atmosphere-at-maadhoo/map/2023_OZEN-LIFE-MAADHOO-Resort-Map-1.pdf,,outdated,True,matched,2026-10-04,
44,Hard Rock Hotel Maldives,brochure,2025_Hard-Rock-Hotel-Maldives-Info-Sheet-2025.pdf,2025,,,28,5987,True,neoscapesmaldives.com,dmc-agency,https://www.neoscapesmaldives.com/wp-content/uploads/Hard-Rock-Hotel-Maldives-Info-Sheet-2025.pdf,https://www.neoscapesmaldives.com/wp-content/uploads/Hard-Rock-Hotel-Maldives-Info-Sheet-2025.pdf,576d02dcb439c3859451b99d290cef43389da4bc7ba36a4bf75b227c9435afed,library/044_hard-rock-hotel-maldives/brochure/2025_Hard-Rock-Hotel-Maldives-Info-Sheet-2025.pdf,,current,True,matched,2026-10-04,
45,Saii Lagoon Maldives,factsheet,2025_SAii-Lagoon-Maldives-Factsheet-2025.pdf,2025,,,19,23874,True,neoscapesmaldives.com,dmc-agency,https://www.neoscapesmaldives.com/wp-content/uploads/SAii-Lagoon-Maldives-Factsheet-2025.pdf,https://www.neoscapesmaldives.com/wp-content/uploads/SAii-Lagoon-Maldives-Factsheet-2025.pdf,edd2776c2f3092554dba0e05d7a2e84378db61d7899e2f444214804fab533257,library/045_saii-lagoon-maldives/factsheet/2025_SAii-Lagoon-Maldives-Factsheet-2025.pdf,,current,True,matched,2026-10-04,
45,Saii Lagoon Maldives,map,2024_SAii-Lagoon-Map-without-Rooms-numbers-2024-1.pdf,2024,,,1,1478,True,neoscapesmaldives.com,dmc-agency,https://www.neoscapesmaldives.com/wp-content/uploads/SAii-Lagoon-Map-without-Rooms-numbers-2024-1.pdf,https://www.neoscapesmaldives.com/wp-content/uploads/SAii-Lagoon-Map-without-Rooms-numbers-2024-1.pdf,c273c802233d362deb5309e21e4c1aeceaca1d25745265090d9f841a3db745dc,library/045_saii-lagoon-maldives/map/2024_SAii-Lagoon-Map-without-Rooms-numbers-2024-1.pdf,,outdated,True,matched,2026-10-04,
46,SO/ Maldives,factsheet,2025_SO-Maldives-Factsheet_Eng.pdf,2025,,,6,7824,True,neoscapesmaldives.com,dmc-agency,https://www.neoscapesmaldives.com/wp-content/uploads/SO-Maldives-Factsheet_Eng.pdf,https://www.neoscapesmaldives.com/wp-content/uploads/SO-Maldives-Factsheet_Eng.pdf,0e6ac36637ec8ab0067708d7e8730953e1095293b7a3f206555bf6ed79c408df,library/046_so-maldives/factsheet/2025_SO-Maldives-Factsheet_Eng.pdf,,current,True,matched,2026-10-04,
46,SO/ Maldives,map,2024_SO_Maldives_Resort_Map_-March-11-2024-Updated-1.pdf,2024,,,1,939,True,neoscapesmaldives.com,dmc-agency,https://www.neoscapesmaldives.com/wp-content/uploads/SO_Maldives_Resort_Map_-March-11-2024-Updated-1.pdf,https://www.neoscapesmaldives.com/wp-content/uploads/SO_Maldives_Resort_Map_-March-11-2024-Updated-1.pdf,27e3cd9912db14d28643b1a847c348a056e3363831f3266a1db803c51a4ecdf0,library/046_so-maldives/map/2024_SO_Maldives_Resort_Map_-March-11-2024-Updated-1.pdf,,outdated,True,matched,2026-10-04,
48,Dusit Thani Maldives,factsheet,2026_New-Dusit-Thani-Maldives-Property-Fact-Sheet-1.pdf,2026,,,7,7328,True,neoscapesmaldives.com,dmc-agency,https://www.neoscapesmaldives.com/wp-content/uploads/New-Dusit-Thani-Maldives-Property-Fact-Sheet-1.pdf,https://www.neoscapesmaldives.com/wp-content/uploads/New-Dusit-Thani-Maldives-Property-Fact-Sheet-1.pdf,d86fc1529d55814810ad43cbb73dbdf4f6e0e66790439b2d4826209657a7ee1d,library/048_dusit-thani-maldives/factsheet/2026_New-Dusit-Thani-Maldives-Property-Fact-Sheet-1.pdf,,current,True,matched,2026-10-04,
48,Dusit Thani Maldives,map,2024_Dusit-Thani-Maldives-Island-Map.pdf,2024,,,2,1874,True,neoscapesmaldives.com,dmc-agency,https://www.neoscapesmaldives.com/wp-content/uploads/Dusit-Thani-Maldives-Island-Map.pdf,https://www.neoscapesmaldives.com/wp-content/uploads/Dusit-Thani-Maldives-Island-Map.pdf,69077361230dc32e3a2f0d4352a70f07b0048a457334f1c9920d88ecde10dcec,library/048_dusit-thani-maldives/map/2024_Dusit-Thani-Maldives-Island-Map.pdf,,outdated,True,matched,2026-10-04,
49,Vakkaru Maldives,factsheet,2022_Vakkaru-Maldives-Fact-Sheet-2022.pdf,2022,,,4,5306,True,neoscapesmaldives.com,dmc-agency,https://www.neoscapesmaldives.com/wp-content/uploads/Vakkaru-Maldives-Fact-Sheet-2022.pdf,https://www.neoscapesmaldives.com/wp-content/uploads/Vakkaru-Maldives-Fact-Sheet-2022.pdf,c65f4e4bddc0bc31a0158eee110c03dc829454d25948303ba278cac4673dafb8,library/049_vakkaru-maldives/factsheet/2022_Vakkaru-Maldives-Fact-Sheet-2022.pdf,,outdated,True,matched,2026-10-04,
49,Vakkaru Maldives,map,2019_Vakkaru-Maldives-Resort-Map-A4.pdf,2019,,,1,997,True,neoscapesmaldives.com,dmc-agency,https://www.neoscapesmaldives.com/wp-content/uploads/Vakkaru-Maldives-Resort-Map-A4.pdf,https://www.neoscapesmaldives.com/wp-content/uploads/Vakkaru-Maldives-Resort-Map-A4.pdf,02bbbfe2610044e789cfa6a82f8d8d0ce1514ea0bb9149849dac5d81498d66db,library/049_vakkaru-maldives/map/2019_Vakkaru-Maldives-Resort-Map-A4.pdf,,outdated,True,matched,2026-10-04,
50,Sun Siyam Olhuveli Maldives,factsheet,2025_SSO-Factsheet-EN-24_25.pdf,2025,,,8,6395,True,neoscapesmaldives.com,dmc-agency,https://www.neoscapesmaldives.com/wp-content/uploads/SSO-Factsheet-EN-24_25.pdf,https://www.neoscapesmaldives.com/wp-content/uploads/SSO-Factsheet-EN-24_25.pdf,bc4d4ab79d193e794992d6039a71d757a1624de8729c483523445fb7c9b5fb8a,library/050_sun-siyam-olhuveli-maldives/factsheet/2025_SSO-Factsheet-EN-24_25.pdf,,current,True,matched,2026-10-04,
50,Sun Siyam Olhuveli Maldives,wedding,2025_Olhuveli-Dream-Romance-Map-2025-A4-updated-March-2025-final.pdf,2025,,,1,1402,True,neoscapesmaldives.com,dmc-agency,https://www.neoscapesmaldives.com/wp-content/uploads/Olhuveli-Dream-Romance-Map-2025-A4-updated-March-2025-final.pdf,https://www.neoscapesmaldives.com/wp-content/uploads/Olhuveli-Dream-Romance-Map-2025-A4-updated-March-2025-final.pdf,d94f08ae682fb7ef4313b135e49359396380dca469d5069dbaaa074e1e0c5a2c,library/050_sun-siyam-olhuveli-maldives/wedding/2025_Olhuveli-Dream-Romance-Map-2025-A4-updated-March-2025-final.pdf,,current,True,matched,2026-10-04,
51,Emerald Maldives Resort & Spa Fasmendho,map,2019_RESORT-MAP-Emerald-Maldives-Resort-Spa.pdf,2019,,,1,6925,False,neoscapesmaldives.com,dmc-agency,https://www.neoscapesmaldives.com/wp-content/uploads/RESORT-MAP-Emerald-Maldives-Resort-Spa.pdf,https://www.neoscapesmaldives.com/wp-content/uploads/RESORT-MAP-Emerald-Maldives-Resort-Spa.pdf,2f62bb255e3426202acc666107a62d9a886d4d070b75e1eb5b81c100f7691aea,library/051_emerald-maldives-resort-spa-fasmendho/map/2019_RESORT-MAP-Emerald-Maldives-Resort-Spa.pdf,,outdated,True,matched,2026-10-04,
51,Emerald Maldives Resort & Spa Fasmendho,spa_menu,2019_E-Brochure-Emerald-Maldives-Resort-Spa.pdf,2019,,,6,5941,True,neoscapesmaldives.com,dmc-agency,https://www.neoscapesmaldives.com/wp-content/uploads/E-Brochure-Emerald-Maldives-Resort-Spa.pdf,https://www.neoscapesmaldives.com/wp-content/uploads/E-Brochure-Emerald-Maldives-Resort-Spa.pdf,f48a3cd3ac31b72f34f40918acbce5fe47e3f0f45448f09ecca0a689c540f82f,library/051_emerald-maldives-resort-spa-fasmendho/spa_menu/2019_E-Brochure-Emerald-Maldives-Resort-Spa.pdf,,outdated,True,matched,2026-10-04,
52,Eri Maldives,factsheet,2024_Furaveri-Maldives_Factsheet_Rev24102024.pdf,2024,,,4,5097,True,neoscapesmaldives.com,dmc-agency,https://www.neoscapesmaldives.com/wp-content/uploads/Furaveri-Maldives_Factsheet_Rev24102024.pdf,https://www.neoscapesmaldives.com/wp-content/uploads/Furaveri-Maldives_Factsheet_Rev24102024.pdf,88875b7fa1a627ab3b37d995eed0ab329dae77543570ee1459e9d39136740cb0,library/052_eri-maldives/factsheet/2024_Furaveri-Maldives_Factsheet_Rev24102024.pdf,,outdated,True,matched,2026-10-04,
52,Eri Maldives,map,2024_Island_map_updated-27.10.2024.pdf,2024,,,1,3145,False,neoscapesmaldives.com,dmc-agency,https://www.neoscapesmaldives.com/wp-content/uploads/Island_map_updated-27.10.2024.pdf,https://www.neoscapesmaldives.com/wp-content/uploads/Island_map_updated-27.10.2024.pdf,1f717f13dd083a65b0d27e67432378bcb6702900f269b4083311f668ab67720c,library/052_eri-maldives/map/2024_Island_map_updated-27.10.2024.pdf,,outdated,True,needs-review,2026-10-04,ambiguous match [52]
54,Emerald Faarufushi Resort & Spa,map,2026_Emerald-Faarufushi-Resort-Spa-map.pdf,2026,,,1,539,False,neoscapesmaldives.com,dmc-agency,https://www.neoscapesmaldives.com/wp-content/uploads/Emerald-Faarufushi-Resort-Spa-map.pdf,https://www.neoscapesmaldives.com/wp-content/uploads/Emerald-Faarufushi-Resort-Spa-map.pdf,de54b0639ce0774502822b10eda7a92544ee288900131a338b6d6bb78ea5096b,library/054_emerald-faarufushi-resort-spa/map/2026_Emerald-Faarufushi-Resort-Spa-map.pdf,,current,True,matched,2026-10-04,
54,Emerald Faarufushi Resort & Spa,brochure,2025_Emerald-Faarufushi-Brochure-Web.pdf,2025,,,4,9463,True,neoscapesmaldives.com,dmc-agency,https://www.neoscapesmaldives.com/wp-content/uploads/Emerald-Faarufushi-Brochure-Web.pdf,https://www.neoscapesmaldives.com/wp-content/uploads/Emerald-Faarufushi-Brochure-Web.pdf,9d5c2421c5642204879003dbd9b93d0ecf4ab227de2532078a3540e1c8f6d297,library/054_emerald-faarufushi-resort-spa/brochure/2025_Emerald-Faarufushi-Brochure-Web.pdf,,current,True,matched,2026-10-04,
56,Four Seasons Resort Maldives at Kuda Huraa,map,2019_KH-Resort-map_v2.pdf,2019,,,1,111,False,neoscapesmaldives.com,dmc-agency,https://neoscapesmaldives.com/wp-content/uploads/KH-Resort-map_v2.pdf,https://neoscapesmaldives.com/wp-content/uploads/KH-Resort-map_v2.pdf,886d7ec92945303122fb6af664be6dc58cce72aad2f5d6ab3f4d314c507e8475,library/056_four-seasons-resort-maldives-at-kuda-huraa/map/2019_KH-Resort-map_v2.pdf,,outdated,True,needs-review,2026-10-04,ambiguous match [56]
56,Four Seasons Resort Maldives at Kuda Huraa,spa_menu,2019_facts-1.pdf,2019,,,5,132,True,neoscapesmaldives.com,dmc-agency,https://neoscapesmaldives.com/wp-content/uploads/facts-1.pdf,https://neoscapesmaldives.com/wp-content/uploads/facts-1.pdf,69ef29f4b98fbddfcf7e54cd28848e5841a32e712da9e330dae7fd44ed795c34,library/056_four-seasons-resort-maldives-at-kuda-huraa/spa_menu/2019_facts-1.pdf,,outdated,True,matched,2026-10-04,
58,Sirru Fen Fushi,factsheet,2023_Fairmont-Maldives-Fact-Sheet-2023.pdf,2023,,,4,7587,True,neoscapesmaldives.com,dmc-agency,https://www.neoscapesmaldives.com/wp-content/uploads/Fairmont-Maldives-Fact-Sheet-2023.pdf,https://www.neoscapesmaldives.com/wp-content/uploads/Fairmont-Maldives-Fact-Sheet-2023.pdf,95b0d873e7b016c64b8ad963f230d7698811b6f42e0cd05163e5af0ad7e4db45,library/058_sirru-fen-fushi/factsheet/2023_Fairmont-Maldives-Fact-Sheet-2023.pdf,,outdated,True,matched,2026-10-04,
58,Sirru Fen Fushi,map,2019_Fairmont-Maldives_ISLAND-MAP.pdf,2019,,,2,587,True,neoscapesmaldives.com,dmc-agency,https://neoscapesmaldives.com/wp-content/uploads/Fairmont-Maldives_ISLAND-MAP.pdf,https://neoscapesmaldives.com/wp-content/uploads/Fairmont-Maldives_ISLAND-MAP.pdf,946ebdb30c501805f96a120b3ba9d573e1ae802c6aad798f76c699bbeeb41e8e,library/058_sirru-fen-fushi/map/2019_Fairmont-Maldives_ISLAND-MAP.pdf,,outdated,True,matched,2026-10-04,
58,Sirru Fen Fushi,dive_prices,2019_Fairmont-Maldives_House-Reef-Snorkeling-and-Diving-Spots.pdf,2019,,,1,2652,True,neoscapesmaldives.com,dmc-agency,https://neoscapesmaldives.com/wp-content/uploads/Fairmont-Maldives_House-Reef-Snorkeling-and-Diving-Spots.pdf,https://neoscapesmaldives.com/wp-content/uploads/Fairmont-Maldives_House-Reef-Snorkeling-and-Diving-Spots.pdf,11d63d7fee0ca273862e1d69367f0e8d0251256413d4818c92c59871d808e01a,library/058_sirru-fen-fushi/dive_prices/2019_Fairmont-Maldives_House-Reef-Snorkeling-and-Diving-Spots.pdf,,outdated,True,matched,2026-10-04,
59,Jumeirah Maldives Olhahali Island,factsheet,2025_Jumeirah-Olhahali-Island-Resort-Factsheet-2025.pdf,2025,,,12,2725,True,neoscapesmaldives.com,dmc-agency,https://www.neoscapesmaldives.com/wp-content/uploads/Jumeirah-Olhahali-Island-Resort-Factsheet-2025.pdf,https://www.neoscapesmaldives.com/wp-content/uploads/Jumeirah-Olhahali-Island-Resort-Factsheet-2025.pdf,c8c77201ac7ffb8a45a206ffad81786cd9387ba91b6368abceec973ad76d3324,library/059_jumeirah-maldives-olhahali-island/factsheet/2025_Jumeirah-Olhahali-Island-Resort-Factsheet-2025.pdf,,current,True,matched,2026-10-04,
59,Jumeirah Maldives Olhahali Island,map,2025_Jumeirah-Olhahali-Island-Resort-Map-2025.pdf,2025,,,1,1365,False,neoscapesmaldives.com,dmc-agency,https://www.neoscapesmaldives.com/wp-content/uploads/Jumeirah-Olhahali-Island-Resort-Map-2025.pdf,https://www.neoscapesmaldives.com/wp-content/uploads/Jumeirah-Olhahali-Island-Resort-Map-2025.pdf,667731aeb3ed1a2d21b0cc02be030bc99acafd760e81deae59b7ee7f697b556a,library/059_jumeirah-maldives-olhahali-island/map/2025_Jumeirah-Olhahali-Island-Resort-Map-2025.pdf,,current,True,matched,2026-10-04,
62,Cora Cora Maldives,factsheet,2021_CCM-Factsheet.pdf,2021,,,6,3244,True,neoscapesmaldives.com,dmc-agency,https://www.neoscapesmaldives.com/wp-content/uploads/CCM-Factsheet.pdf,https://www.neoscapesmaldives.com/wp-content/uploads/CCM-Factsheet.pdf,bfebc8900b4aadfa732e6be0148afb0e00bc85ed19cc2abebfc0aa9e3bd9d4a0,library/062_cora-cora-maldives/factsheet/2021_CCM-Factsheet.pdf,,outdated,True,matched,2026-10-04,
62,Cora Cora Maldives,map,2025_CCM-Island-Map-1.pdf,2025,,,1,4089,True,neoscapesmaldives.com,dmc-agency,https://www.neoscapesmaldives.com/wp-content/uploads/CCM-Island-Map-1.pdf,https://www.neoscapesmaldives.com/wp-content/uploads/CCM-Island-Map-1.pdf,f112acf98761e0a94073f473ab2831c8889a8beb662b33b10ab243b1dd079e40,library/062_cora-cora-maldives/map/2025_CCM-Island-Map-1.pdf,,current,True,needs-review,2026-10-04,ambiguous match [62]
64,Radisson Blu Resort Maldives,map,2025_Radisson-Blu-Resort-Maldives-Map.pdf,2025,,,1,1626,False,neoscapesmaldives.com,dmc-agency,https://www.neoscapesmaldives.com/wp-content/uploads/Radisson-Blu-Resort-Maldives-Map.pdf,https://www.neoscapesmaldives.com/wp-content/uploads/Radisson-Blu-Resort-Maldives-Map.pdf,c10fee1c9d082243c2bddfb507906931224783e01b343539dc499fac550401a9,library/064_radisson-blu-resort-maldives/map/2025_Radisson-Blu-Resort-Maldives-Map.pdf,,current,True,matched,2026-10-04,
64,Radisson Blu Resort Maldives,press_kit,2025_Radisson-Blu-Resort-Maldives-August_2025_Newsletter.pdf,2025,,,19,5207,True,neoscapesmaldives.com,dmc-agency,https://www.neoscapesmaldives.com/wp-content/uploads/Radisson-Blu-Resort-Maldives-August_2025_Newsletter.pdf,https://www.neoscapesmaldives.com/wp-content/uploads/Radisson-Blu-Resort-Maldives-August_2025_Newsletter.pdf,8ff781ac63a437375958d4b57280baf47c0566379eaaa77c18e9105aee4ddae8,library/064_radisson-blu-resort-maldives/press_kit/2025_Radisson-Blu-Resort-Maldives-August_2025_Newsletter.pdf,,current,True,matched,2026-10-04,
65,Cheval Blanc Randheli,factsheet,2022_Cheval-Blanc-Randheli-Factsheet.pdf,2022,,,2,580,True,neoscapesmaldives.com,dmc-agency,https://www.neoscapesmaldives.com/wp-content/uploads/Cheval-Blanc-Randheli-Factsheet.pdf,https://www.neoscapesmaldives.com/wp-content/uploads/Cheval-Blanc-Randheli-Factsheet.pdf,81c625ad9c4f4b1ec792543edfadd11e873430a9bca9a7742fee85bd9a094d6e,library/065_cheval-blanc-randheli/factsheet/2022_Cheval-Blanc-Randheli-Factsheet.pdf,,outdated,True,matched,2026-10-04,
65,Cheval Blanc Randheli,factsheet,2018_Cheval-Blanc-Randheli-Factsheet-EN.pdf,2018,,,2,455,True,neoscapesmaldives.com,dmc-agency,https://www.neoscapesmaldives.com/wp-content/uploads/Cheval-Blanc-Randheli-Factsheet-EN.pdf,https://www.neoscapesmaldives.com/wp-content/uploads/Cheval-Blanc-Randheli-Factsheet-EN.pdf,7c210e865fef54f915e2599c9be10457f80352a37ebe68f24dfa4696f1becffc,library/065_cheval-blanc-randheli/factsheet/2018_Cheval-Blanc-Randheli-Factsheet-EN.pdf,,outdated,False,matched,2026-10-04,
66,Como Maalifushi,factsheet,2019_COMO-Maalifushi-Fact-Sheet.pdf,2019,,,11,7349,True,neoscapesmaldives.com,dmc-agency,https://neoscapesmaldives.com/wp-content/uploads/COMO-Maalifushi-Fact-Sheet.pdf,https://neoscapesmaldives.com/wp-content/uploads/COMO-Maalifushi-Fact-Sheet.pdf,6bd9c06a4d43e0772ad94b315a1f5fcf24fc750da311f6fa85ef20a4de19cf72,library/066_como-maalifushi/factsheet/2019_COMO-Maalifushi-Fact-Sheet.pdf,,outdated,True,matched,2026-10-04,
66,Como Maalifushi,map,2019_COMO-Maalifushi-Island-Map.pdf,2019,,,1,2478,False,neoscapesmaldives.com,dmc-agency,https://neoscapesmaldives.com/wp-content/uploads/COMO-Maalifushi-Island-Map.pdf,https://neoscapesmaldives.com/wp-content/uploads/COMO-Maalifushi-Island-Map.pdf,c624bc434b81d21b74c779a88daaaa59299ec07e2153fb2e25b59353e6b552f9,library/066_como-maalifushi/map/2019_COMO-Maalifushi-Island-Map.pdf,,outdated,True,matched,2026-10-04,
67,Waldorf Astoria Maldives Ithaafushi,factsheet,2025_Fact-Sheet.pdf,2025,,,4,2535,True,neoscapesmaldives.com,dmc-agency,https://www.neoscapesmaldives.com/wp-content/uploads/Fact-Sheet.pdf,https://www.neoscapesmaldives.com/wp-content/uploads/Fact-Sheet.pdf,5c8a537273268db7a5b28cd9627a7d1816482746ea564d1e2a10379497b7c68b,library/067_waldorf-astoria-maldives-ithaafushi/factsheet/2025_Fact-Sheet.pdf,,current,True,matched,2026-10-04,
67,Waldorf Astoria Maldives Ithaafushi,factsheet,2023_Ithaafushi-The-Private-Island-Fact-Sheet_2023-1.pdf,2023,,,4,1461,True,neoscapesmaldives.com,dmc-agency,https://www.neoscapesmaldives.com/wp-content/uploads/Ithaafushi-The-Private-Island-Fact-Sheet_2023-1.pdf,https://www.neoscapesmaldives.com/wp-content/uploads/Ithaafushi-The-Private-Island-Fact-Sheet_2023-1.pdf,945fbbf8ddba937f77a96c1dc6156751567e529418c97ad92cddbce9020e2cac,library/067_waldorf-astoria-maldives-ithaafushi/factsheet/2023_Ithaafushi-The-Private-Island-Fact-Sheet_2023-1.pdf,,outdated,False,matched,2026-10-04,
67,Waldorf Astoria Maldives Ithaafushi,map,2025_Resort-Map-1.pdf,2025,,,1,4106,True,neoscapesmaldives.com,dmc-agency,https://www.neoscapesmaldives.com/wp-content/uploads/Resort-Map-1.pdf,https://www.neoscapesmaldives.com/wp-content/uploads/Resort-Map-1.pdf,c9aaa752d9f5772a8f596fef8840dc5d656ab0952bd8e9adc9fb82508d17c6ca,library/067_waldorf-astoria-maldives-ithaafushi/map/2025_Resort-Map-1.pdf,,current,True,needs-review,2026-10-04,ambiguous match [67]
67,Waldorf Astoria Maldives Ithaafushi,map,2025_Ithaafushi-Private-Island-Map.pdf,2025,,,1,2747,True,neoscapesmaldives.com,dmc-agency,https://www.neoscapesmaldives.com/wp-content/uploads/Ithaafushi-Private-Island-Map.pdf,https://www.neoscapesmaldives.com/wp-content/uploads/Ithaafushi-Private-Island-Map.pdf,96a25c830d9aa1eccc300d1a3b6081ed2809a88aad82e75db8e946f0d5db6b7f,library/067_waldorf-astoria-maldives-ithaafushi/map/2025_Ithaafushi-Private-Island-Map.pdf,,current,False,matched,2026-10-04,
68,JA Manafaru,factsheet,2024_ja-jam-factsheet-digital.pdf,2024,,,13,4911,True,neoscapesmaldives.com,dmc-agency,https://www.neoscapesmaldives.com/wp-content/uploads/ja-jam-factsheet-digital.pdf,https://www.neoscapesmaldives.com/wp-content/uploads/ja-jam-factsheet-digital.pdf,55ff65cf939beb7824d57ff10f5731f4434f93bac651a92ff964a8a2262ea730,library/068_ja-manafaru/factsheet/2024_ja-jam-factsheet-digital.pdf,,outdated,True,matched,2026-10-04,
68,JA Manafaru,map,2024_JA-Manafaru-Map-24.pdf,2024,,,1,1974,False,neoscapesmaldives.com,dmc-agency,https://www.neoscapesmaldives.com/wp-content/uploads/JA-Manafaru-Map-24.pdf,https://www.neoscapesmaldives.com/wp-content/uploads/JA-Manafaru-Map-24.pdf,de4ca4c8804707624f8672c5e384a768a3a8ebc8328b3fd515b5ca8d87e67ef0,library/068_ja-manafaru/map/2024_JA-Manafaru-Map-24.pdf,,outdated,True,matched,2026-10-04,
69,Adaaran Club Rannalhi,factsheet,2025_Fact-Sheet-Adaaran-Club-Rannalhi.pdf,2025,,,13,4919,True,neoscapesmaldives.com,dmc-agency,https://www.neoscapesmaldives.com/wp-content/uploads/Fact-Sheet-Adaaran-Club-Rannalhi.pdf,https://www.neoscapesmaldives.com/wp-content/uploads/Fact-Sheet-Adaaran-Club-Rannalhi.pdf,781c0f991a1217e1d87e11bc69e66b432a5e438106554078fa92d365a688059c,library/069_adaaran-club-rannalhi/factsheet/2025_Fact-Sheet-Adaaran-Club-Rannalhi.pdf,,current,True,matched,2026-10-04,
69,Adaaran Club Rannalhi,map,2020_Adaaran-Ranalhi-Island-Map.pdf,2020,,,1,2412,False,neoscapesmaldives.com,dmc-agency,https://www.neoscapesmaldives.com/wp-content/uploads/Adaaran-Ranalhi-Island-Map.pdf,https://www.neoscapesmaldives.com/wp-content/uploads/Adaaran-Ranalhi-Island-Map.pdf,81577f8cad95ee7d1ac4840eb83bb607b805a7230cb4335b443030367b372453,library/069_adaaran-club-rannalhi/map/2020_Adaaran-Ranalhi-Island-Map.pdf,,outdated,True,needs-review,2026-10-04,ambiguous match [69]
69,Adaaran Club Rannalhi,sustainability,2025_Sustainabilty-Report-ACR_compressed-2025-26.pdf,2025,,,21,4473,True,adaaran.com,official,https://adaaran.eme-devops.com/2026/05/Sustainabilty-Report-ACR_compressed-2025-26.pdf,https://adaaran.eme-devops.com/2026/05/Sustainabilty-Report-ACR_compressed-2025-26.pdf,fe84e5b1fda4f2f2cbb157d34bd0236fe3dc42283c0fdf1fbb995b68bca0c55a,library/069_adaaran-club-rannalhi/sustainability/2025_Sustainabilty-Report-ACR_compressed-2025-26.pdf,,current,True,matched,2026-10-04,
69,Adaaran Club Rannalhi,sustainability,2024_Adaaran-Club-Rannalhi-Sustainability-Report-2024-25.pdf,2024,,,19,2771,True,adaaran.com,official,https://adaaran.eme-devops.com/2025/08/Adaaran-Club-Rannalhi-Sustainability-Report-2024-25.pdf,https://adaaran.eme-devops.com/2025/08/Adaaran-Club-Rannalhi-Sustainability-Report-2024-25.pdf,b139c477f027bff3f37129886f4f0dacc706b257439c649f454a3a03f07d5f3a,library/069_adaaran-club-rannalhi/sustainability/2024_Adaaran-Club-Rannalhi-Sustainability-Report-2024-25.pdf,,outdated,False,matched,2026-10-04,
69,Adaaran Club Rannalhi,sustainability,2023_Adaaran-Club-Rannalhi-Sustainability-Report-2023-24.pdf,2023,,,17,1981,True,adaaran.com,official,https://adaaran.eme-devops.com/2025/08/Adaaran-Club-Rannalhi-Sustainability-Report-2023-24.pdf,https://adaaran.eme-devops.com/2025/08/Adaaran-Club-Rannalhi-Sustainability-Report-2023-24.pdf,efbef08a0ff4edd864b6ec6ea23f3a1f93dddfa3f8042f1056a33e3196655895,library/069_adaaran-club-rannalhi/sustainability/2023_Adaaran-Club-Rannalhi-Sustainability-Report-2023-24.pdf,,outdated,False,matched,2026-10-04,
69,Adaaran Club Rannalhi,sustainability,2022_Adaaran-Club-Rannalhi-Sustainability-Report-2022-23.pdf,2022,,,16,4982,True,adaaran.com,official,https://adaaran.eme-devops.com/2025/08/Adaaran-Club-Rannalhi-Sustainability-Report-2022-23.pdf,https://adaaran.eme-devops.com/2025/08/Adaaran-Club-Rannalhi-Sustainability-Report-2022-23.pdf,1060ea865b6dbbba069e7179753ed81c844a292198752f6ad72db29aee5dcfc1,library/069_adaaran-club-rannalhi/sustainability/2022_Adaaran-Club-Rannalhi-Sustainability-Report-2022-23.pdf,,outdated,False,matched,2026-10-04,
69,Adaaran Club Rannalhi,sustainability,2021_Adaaran-Club-Rannalhi-Sustainability-Report-2021-22.pdf,2021,,,19,5179,True,adaaran.com,official,https://adaaran.eme-devops.com/2025/08/Adaaran-Club-Rannalhi-Sustainability-Report-2021-22.pdf,https://adaaran.eme-devops.com/2025/08/Adaaran-Club-Rannalhi-Sustainability-Report-2021-22.pdf,a1b4c8fa301d92172018390434cc085d933c495e046d396745f15ccb4875797d,library/069_adaaran-club-rannalhi/sustainability/2021_Adaaran-Club-Rannalhi-Sustainability-Report-2021-22.pdf,,outdated,False,matched,2026-10-04,
69,Adaaran Club Rannalhi,sustainability,2019_Adaaran-Club-Rannalhi-Sustainability-Report-2019-20-21.pdf,2019,,,16,3602,False,adaaran.com,official,https://adaaran.eme-devops.com/2025/08/Adaaran-Club-Rannalhi-Sustainability-Report-2019-20-21.pdf,https://adaaran.eme-devops.com/2025/08/Adaaran-Club-Rannalhi-Sustainability-Report-2019-20-21.pdf,70ee924ec239117ec6acfacf7b4b24ab94cbb6b23af1049c7102684ec0032948,library/069_adaaran-club-rannalhi/sustainability/2019_Adaaran-Club-Rannalhi-Sustainability-Report-2019-20-21.pdf,,outdated,False,matched,2026-10-04,
70,Joy Island,factsheet,2025_Joy-Island-_-Fact-Sheet-2025.pdf,2025,,,7,13099,True,neoscapesmaldives.com,dmc-agency,https://www.neoscapesmaldives.com/wp-content/uploads/Joy-Island-_-Fact-Sheet-2025.pdf,https://www.neoscapesmaldives.com/wp-content/uploads/Joy-Island-_-Fact-Sheet-2025.pdf,eb0efc6e14d8e989274c777c41ea70999a7441e8a7df95e6a614dabd0bb378fc,library/070_joy-island/factsheet/2025_Joy-Island-_-Fact-Sheet-2025.pdf,,current,True,matched,2026-10-04,
70,Joy Island,map,2025_Joy-Island-Maldives-_-Resort-Map.pdf,2025,,,1,4674,True,neoscapesmaldives.com,dmc-agency,https://www.neoscapesmaldives.com/wp-content/uploads/Joy-Island-Maldives-_-Resort-Map.pdf,https://www.neoscapesmaldives.com/wp-content/uploads/Joy-Island-Maldives-_-Resort-Map.pdf,d835076065bd8a01b798de23774c6138a2c4c1965f466d26ce2937344297dc20,library/070_joy-island/map/2025_Joy-Island-Maldives-_-Resort-Map.pdf,,current,True,matched,2026-10-04,
71,Kagi Maldives Resort and Spa,factsheet,2023_FactSheetKagi11012210312322Rev011122_compressed-1.pdf,2023,,,7,600,True,sales.crownandchamparesorts.com,brand-cdn,https://sales.crownandchamparesorts.com/wp-content/uploads/2023/08/FactSheetKagi11012210312322Rev011122_compressed-1.pdf,https://sales.crownandchamparesorts.com/wp-content/uploads/2023/08/FactSheetKagi11012210312322Rev011122_compressed-1.pdf,8160f11401a02e6c888a6162980fa7d1942600dd6609aa27cfebe8626869f25a,library/071_kagi-maldives-resort-and-spa/factsheet/2023_FactSheetKagi11012210312322Rev011122_compressed-1.pdf,,outdated,True,matched,2026-10-04,
71,Kagi Maldives Resort and Spa,factsheet,2020_FactSheetKagi110120103121Rev040120.pdf,2020,2020-11-01,2021-10-31,7,997,True,sales.crownandchamparesorts.com,brand-cdn,https://sales.crownandchamparesorts.com/wp-content/uploads/2020/04/FactSheetKagi110120103121Rev040120.pdf,https://sales.crownandchamparesorts.com/wp-content/uploads/2020/04/FactSheetKagi110120103121Rev040120.pdf,7e3bf82184370a5e5d01889a54266e4238d5c2a36ba501c804f189aac6ca2ec0,library/071_kagi-maldives-resort-and-spa/factsheet/2020_FactSheetKagi110120103121Rev040120.pdf,,outdated,False,matched,2026-10-04,
71,Kagi Maldives Resort and Spa,map,2025_Kagi_Map_Rev22082025.pdf,2025,,,1,1245,True,sales.crownandchamparesorts.com,brand-cdn,https://sales.crownandchamparesorts.com/wp-content/uploads/2025/08/Kagi_Map_Rev22082025.pdf,https://sales.crownandchamparesorts.com/wp-content/uploads/2025/08/Kagi_Map_Rev22082025.pdf,d93f7f2968ffb7eb5c58afe47137c97403af54c46f53c2df843f66dd8e9eea6a,library/071_kagi-maldives-resort-and-spa/map/2025_Kagi_Map_Rev22082025.pdf,,current,True,matched,2026-10-04,
71,Kagi Maldives Resort and Spa,map,2023_KagiMap121123.pdf,2023,,,1,642,True,sales.crownandchamparesorts.com,brand-cdn,https://sales.crownandchamparesorts.com/wp-content/uploads/2023/11/KagiMap121123.pdf,https://sales.crownandchamparesorts.com/wp-content/uploads/2023/11/KagiMap121123.pdf,c2f429a15ccb821114fa8ab555406bb5a5aab42a24a47a06d2c6d4bf2bd1b9d3,library/071_kagi-maldives-resort-and-spa/map/2023_KagiMap121123.pdf,,outdated,False,matched,2026-10-04,
71,Kagi Maldives Resort and Spa,spa_menu,2019_KAGI_BaaniSpaMenu_16Dec2019.pdf,2019,,,13,1077,True,sales.crownandchamparesorts.com,brand-cdn,https://sales.crownandchamparesorts.com/wp-content/uploads/2020/01/KAGI_BaaniSpaMenu_16Dec2019.pdf,https://sales.crownandchamparesorts.com/wp-content/uploads/2020/01/KAGI_BaaniSpaMenu_16Dec2019.pdf,3331211a2378c9e30e15b991a5b2d2fcab009e0d932f4c29b4fa5eec851fc63c,library/071_kagi-maldives-resort-and-spa/spa_menu/2019_KAGI_BaaniSpaMenu_16Dec2019.pdf,,outdated,True,matched,2026-10-04,
71,Kagi Maldives Resort and Spa,dining_menu,2018_KagiConcept.pdf,2018,,,15,6888,True,sales.crownandchamparesorts.com,brand-cdn,https://sales.crownandchamparesorts.com/wp-content/uploads/2019/02/KagiConcept.pdf,https://sales.crownandchamparesorts.com/wp-content/uploads/2019/02/KagiConcept.pdf,1691f2bcced91cdf081a3fec2e273cab349be410d1eb50fb0dd5b8d4a207bbf6,library/071_kagi-maldives-resort-and-spa/dining_menu/2018_KagiConcept.pdf,,outdated,True,needs-review,2026-10-04,ambiguous match [71]
71,Kagi Maldives Resort and Spa,villa_plans,2019_Kagi-beach-villa.pdf,2019,,,1,398,False,sales.crownandchamparesorts.com,brand-cdn,https://sales.crownandchamparesorts.com/wp-content/uploads/2019/03/Kagi-beach-villa.pdf,https://sales.crownandchamparesorts.com/wp-content/uploads/2019/03/Kagi-beach-villa.pdf,6cbfcf2c9f59e7a0291785b727d6e674a2e24c50417bfcd56c34aa1b96d6c3b6,library/071_kagi-maldives-resort-and-spa/villa_plans/2019_Kagi-beach-villa.pdf,,outdated,True,matched,2026-10-04,
71,Kagi Maldives Resort and Spa,villa_plans,2019_Kagi-water-villa.pdf,2019,,,1,288,False,sales.crownandchamparesorts.com,brand-cdn,https://sales.crownandchamparesorts.com/wp-content/uploads/2019/03/Kagi-water-villa.pdf,https://sales.crownandchamparesorts.com/wp-content/uploads/2019/03/Kagi-water-villa.pdf,341d74cec8602f2289e54e35bf826a1d4d234b7f7fcebd4e7f4ae7ba9e5fb85f,library/071_kagi-maldives-resort-and-spa/villa_plans/2019_Kagi-water-villa.pdf,,outdated,False,matched,2026-10-04,
71,Kagi Maldives Resort and Spa,villa_plans,2018_A100B_Villa-Plans_110118s.pdf,2018,,,1,652,True,sales.crownandchamparesorts.com,brand-cdn,https://sales.crownandchamparesorts.com/wp-content/uploads/2019/03/A100B_Villa-Plans_110118s.pdf,https://sales.crownandchamparesorts.com/wp-content/uploads/2019/03/A100B_Villa-Plans_110118s.pdf | https://sales.crownandchamparesorts.com/wp-content/uploads/2019/02/KagiVillaPlans.pdf,f7ac39011acdd038c86e2cf71cf7dbffdc133d3294b382d6b7de0b14876b5bec,library/071_kagi-maldives-resort-and-spa/villa_plans/2018_A100B_Villa-Plans_110118s.pdf,,outdated,False,matched,2026-10-04,
71,Kagi Maldives Resort and Spa,all_inclusive,2023_PremiumAllInclusivePlusPackageKagi110123103124Rev010923.pdf,2023,2023-11-01,2024-10-31,3,573,True,sales.crownandchamparesorts.com,brand-cdn,https://sales.crownandchamparesorts.com/wp-content/uploads/2023/11/PremiumAllInclusivePlusPackageKagi110123103124Rev010923.pdf,https://sales.crownandchamparesorts.com/wp-content/uploads/2023/11/PremiumAllInclusivePlusPackageKagi110123103124Rev010923.pdf,ca11a937d8fec78aa2c121ea76a067a53d63030174b7c8bef63dfb2871f290f3,library/071_kagi-maldives-resort-and-spa/all_inclusive/2023_PremiumAllInclusivePlusPackageKagi110123103124Rev010923.pdf,,outdated,True,matched,2026-10-04,
71,Kagi Maldives Resort and Spa,all_inclusive,2022_PremiumAllInclusivePlusPackageKagi110122103123Ver011122.pdf,2022,2022-11-01,2023-10-31,3,1062,True,sales.crownandchamparesorts.com,brand-cdn,https://sales.crownandchamparesorts.com/wp-content/uploads/2023/08/PremiumAllInclusivePlusPackageKagi110122103123Ver011122.pdf,https://sales.crownandchamparesorts.com/wp-content/uploads/2023/08/PremiumAllInclusivePlusPackageKagi110122103123Ver011122.pdf,cd8f3b2fe26f4a46941a826a102cae77a68a8a65fcdea0fa75553af8a3513a91,library/071_kagi-maldives-resort-and-spa/all_inclusive/2022_PremiumAllInclusivePlusPackageKagi110122103123Ver011122.pdf,,outdated,False,matched,2026-10-04,
71,Kagi Maldives Resort and Spa,other,2018_KagiInteriorDesigns.pdf,2018,,,24,5820,True,sales.crownandchamparesorts.com,brand-cdn,https://sales.crownandchamparesorts.com/wp-content/uploads/2019/02/KagiInteriorDesigns.pdf,https://sales.crownandchamparesorts.com/wp-content/uploads/2019/02/KagiInteriorDesigns.pdf,9a3d7cf168bc08e275eb9b7f98f28536dfd26d6d55cf9786423f8d5236a81cc1,library/071_kagi-maldives-resort-and-spa/other/2018_KagiInteriorDesigns.pdf,,outdated,True,matched,2026-10-04,
74,Kandolhu Island Maldives,factsheet,2019_kandolhu-maldives-factsheet.pdf,2019,,,11,1883,True,neoscapesmaldives.com,dmc-agency,https://www.neoscapesmaldives.com/wp-content/uploads/kandolhu-maldives-factsheet.pdf,https://www.neoscapesmaldives.com/wp-content/uploads/kandolhu-maldives-factsheet.pdf,70f81f1e5d68a608c7a27601d650e812f9f45bd39a0bd6522f6024cbe5adc6c0,library/074_kandolhu-island-maldives/factsheet/2019_kandolhu-maldives-factsheet.pdf,,outdated,True,matched,2026-10-04,
74,Kandolhu Island Maldives,map,2019_kandolhu-maldives-resort-map-may-2019.pdf,2019,,,1,225,False,neoscapesmaldives.com,dmc-agency,https://www.neoscapesmaldives.com/wp-content/uploads/kandolhu-maldives-resort-map-may-2019.pdf,https://www.neoscapesmaldives.com/wp-content/uploads/kandolhu-maldives-resort-map-may-2019.pdf,a38176efb363d926d5cf91bb5a52ccf2684d7248d39edb7c87035ea776529641,library/074_kandolhu-island-maldives/map/2019_kandolhu-maldives-resort-map-may-2019.pdf,,outdated,True,matched,2026-10-04,
75,Kandima Maldives,factsheet,2019_Kandima-Maldives-Resort-Factsheet.pdf,2019,,,6,1718,True,neoscapesmaldives.com,dmc-agency,https://www.neoscapesmaldives.com/wp-content/uploads/Kandima-Maldives-Resort-Factsheet.pdf,https://www.neoscapesmaldives.com/wp-content/uploads/Kandima-Maldives-Resort-Factsheet.pdf,50fda9fb952a318bc060d8dcf5cfa974074dcde7a417bf581c74d325efb57d87,library/075_kandima-maldives/factsheet/2019_Kandima-Maldives-Resort-Factsheet.pdf,,outdated,True,matched,2026-10-04,
75,Kandima Maldives,map,2019_Kandima-Maldives-Resort-map.pdf,2019,,,1,64,False,neoscapesmaldives.com,dmc-agency,https://www.neoscapesmaldives.com/wp-content/uploads/Kandima-Maldives-Resort-map.pdf,https://www.neoscapesmaldives.com/wp-content/uploads/Kandima-Maldives-Resort-map.pdf,334d629597ed041ea7707cf5349470809a7dbe64386021c484d9e8ad7a33b249,library/075_kandima-maldives/map/2019_Kandima-Maldives-Resort-map.pdf,,outdated,True,matched,2026-10-04,
76,Hideaway Beach Resort and Spa at Dhonakulhi Island Maldives,factsheet,2020_Factsheet-Hideaway-Beach-Maldives-NEO.pdf,2020,,,17,4507,False,neoscapesmaldives.com,dmc-agency,https://www.neoscapesmaldives.com/wp-content/uploads/Factsheet-Hideaway-Beach-Maldives-NEO.pdf,https://www.neoscapesmaldives.com/wp-content/uploads/Factsheet-Hideaway-Beach-Maldives-NEO.pdf,38e5077d60a8cf65c22b98ccb07a76a550efd029d799f31d8b3ee40ca757fd9f,library/076_hideaway-beach-resort-and-spa-at-dhonakulhi-island/factsheet/2020_Factsheet-Hideaway-Beach-Maldives-NEO.pdf,,outdated,True,matched,2026-10-04,
76,Hideaway Beach Resort and Spa at Dhonakulhi Island Maldives,map,2018_Resort-Map-Hideaway-Beach-Maldives.pdf,2018,,,2,1202,True,neoscapesmaldives.com,dmc-agency,https://www.neoscapesmaldives.com/wp-content/uploads/Resort-Map-Hideaway-Beach-Maldives.pdf,https://www.neoscapesmaldives.com/wp-content/uploads/Resort-Map-Hideaway-Beach-Maldives.pdf,b9bdbbce4defe7fa506e05d0e2aa4e0b1c885f3ef898227db13a6f75c2bc0430,library/076_hideaway-beach-resort-and-spa-at-dhonakulhi-island/map/2018_Resort-Map-Hideaway-Beach-Maldives.pdf,,outdated,True,matched,2026-10-04,
77,Atmosphere Kanifushi Maldives,map,2019_ATMOSPHERE-KANIFUSHI-MALDIVES-ISLAND-MAP-DEC2019.pdf,2019,,,1,977,True,neoscapesmaldives.com,dmc-agency,https://www.neoscapesmaldives.com/wp-content/uploads/ATMOSPHERE-KANIFUSHI-MALDIVES-ISLAND-MAP-DEC2019.pdf,https://www.neoscapesmaldives.com/wp-content/uploads/ATMOSPHERE-KANIFUSHI-MALDIVES-ISLAND-MAP-DEC2019.pdf,f0f9875169f4793ba0810c0f041f3255f852d132536a2a4efb1dd0834714b0cd,library/077_atmosphere-kanifushi-maldives/map/2019_ATMOSPHERE-KANIFUSHI-MALDIVES-ISLAND-MAP-DEC2019.pdf,,outdated,True,matched,2026-10-04,
77,Atmosphere Kanifushi Maldives,brochure,2025_AKM-Resort-Brochure-MAR-2025-1.pdf,2025,,,21,10617,True,neoscapesmaldives.com,dmc-agency,https://www.neoscapesmaldives.com/wp-content/uploads/AKM-Resort-Brochure-MAR-2025-1.pdf,https://www.neoscapesmaldives.com/wp-content/uploads/AKM-Resort-Brochure-MAR-2025-1.pdf,e6726b206e1ffe4d47155a59840d481aafb1cfe8ad10957a13a2b728d9b1c310,library/077_atmosphere-kanifushi-maldives/brochure/2025_AKM-Resort-Brochure-MAR-2025-1.pdf,,current,True,matched,2026-10-04,
78,Meeru Maldives Resort Island,factsheet,2025_FactSheetMeeru110125103126Ver01022025-1.pdf,2025,2025-11-01,2026-10-31,0,1596,False,sales.crownandchamparesorts.com,brand-cdn,https://sales.crownandchamparesorts.com/wp-content/uploads/2025/12/FactSheetMeeru110125103126Ver01022025-1.pdf,https://sales.crownandchamparesorts.com/wp-content/uploads/2025/12/FactSheetMeeru110125103126Ver01022025-1.pdf,30eb914028693086535fcce2c813320287d595fb4296615b162c8542ad2f78e2,library/078_meeru-maldives-resort-island/factsheet/2025_FactSheetMeeru110125103126Ver01022025-1.pdf,,current,False,matched,2026-10-04,
78,Meeru Maldives Resort Island,factsheet,2025_FactSheetMeeru110125103126Ver01022025.pdf,2025,2025-11-01,2026-10-31,12,1932,True,sales.crownandchamparesorts.com,brand-cdn,https://sales.crownandchamparesorts.com/wp-content/uploads/2025/12/FactSheetMeeru110125103126Ver01022025.pdf,https://sales.crownandchamparesorts.com/wp-content/uploads/2025/12/FactSheetMeeru110125103126Ver01022025.pdf,c823c98f31c880d7fd21016d5177d4dbea55817256e54becff49b9e9a2d25fac,library/078_meeru-maldives-resort-island/factsheet/2025_FactSheetMeeru110125103126Ver01022025.pdf,,current,True,matched,2026-10-04,
78,Meeru Maldives Resort Island,factsheet,2022_FactSheetMeeru110122103123Rev090623.pdf,2022,2022-11-01,2023-10-31,7,1913,True,sales.crownandchamparesorts.com,brand-cdn,https://sales.crownandchamparesorts.com/wp-content/uploads/2023/09/FactSheetMeeru110122103123Rev090623.pdf,https://sales.crownandchamparesorts.com/wp-content/uploads/2023/09/FactSheetMeeru110122103123Rev090623.pdf,6cf3f39dc3a04cce040cdd1f410d17396e19a329fd0598c0525777f0d6798ecf,library/078_meeru-maldives-resort-island/factsheet/2022_FactSheetMeeru110122103123Rev090623.pdf,,outdated,False,matched,2026-10-04,
78,Meeru Maldives Resort Island,factsheet,2019_FactSheetMeeru110119103120Rev051219.pdf,2019,2019-11-01,2020-10-31,4,607,True,sales.crownandchamparesorts.com,brand-cdn,https://sales.crownandchamparesorts.com/wp-content/uploads/2018/11/FactSheetMeeru110119103120Rev051219.pdf,https://sales.crownandchamparesorts.com/wp-content/uploads/2018/11/FactSheetMeeru110119103120Rev051219.pdf,326843bf2f69b1768f49f676f68811613d012ec58c621080cbd904d4d06eb432,library/078_meeru-maldives-resort-island/factsheet/2019_FactSheetMeeru110119103120Rev051219.pdf,,outdated,False,matched,2026-10-04,
78,Meeru Maldives Resort Island,factsheet,2018_FactSheetMeeru110118103119Rev040318.pdf,2018,2018-11-01,2019-10-31,2,189,True,sales.crownandchamparesorts.com,brand-cdn,https://sales.crownandchamparesorts.com/wp-content/uploads/2018/04/FactSheetMeeru110118103119Rev040318.pdf,https://sales.crownandchamparesorts.com/wp-content/uploads/2018/04/FactSheetMeeru110118103119Rev040318.pdf,6641f27067c77a901f64814063834f99c71a9deead31d7623c0a62bf06a7fdda,library/078_meeru-maldives-resort-island/factsheet/2018_FactSheetMeeru110118103119Rev040318.pdf,,outdated,False,matched,2026-10-04,
78,Meeru Maldives Resort Island,factsheet,2018_FactSheetCCH050118103118Rev033118.pdf,2018,2018-05-01,2018-10-31,4,303,True,sales.crownandchamparesorts.com,brand-cdn,https://sales.crownandchamparesorts.com/wp-content/uploads/2018/04/FactSheetCCH050118103118Rev033118.pdf,https://sales.crownandchamparesorts.com/wp-content/uploads/2018/04/FactSheetCCH050118103118Rev033118.pdf,c83f5aacc539df0d865709c9fd0e622fb2d50a3f8ea7ad6e21ba179e17b3f679,library/078_meeru-maldives-resort-island/factsheet/2018_FactSheetCCH050118103118Rev033118.pdf,,outdated,False,matched,2026-10-04,
78,Meeru Maldives Resort Island,map,2025_MeeruMaldivesColorMap110125103126Ver200425.pdf,2025,2025-11-01,2026-10-31,1,602,True,sales.crownandchamparesorts.com,brand-cdn,https://sales.crownandchamparesorts.com/wp-content/uploads/2025/08/MeeruMaldivesColorMap110125103126Ver200425.pdf,https://sales.crownandchamparesorts.com/wp-content/uploads/2025/08/MeeruMaldivesColorMap110125103126Ver200425.pdf,9edae79491dd0ed15315b18f953b45798ce78b04354cf8e7abecffaa3b86eb9c,library/078_meeru-maldives-resort-island/map/2025_MeeruMaldivesColorMap110125103126Ver200425.pdf,,current,True,matched,2026-10-04,
78,Meeru Maldives Resort Island,map,2018_MapMeeru022218ColorEnglish.pdf,2018,,,1,931,True,sales.crownandchamparesorts.com,brand-cdn,https://sales.crownandchamparesorts.com/wp-content/uploads/2018/11/MapMeeru022218ColorEnglish.pdf,https://sales.crownandchamparesorts.com/wp-content/uploads/2018/11/MapMeeru022218ColorEnglish.pdf,e2c6ea490dccd459ba72ffec15fdab79632ee8dd7aef34ab5bb95dfc6d4ed277,library/078_meeru-maldives-resort-island/map/2018_MapMeeru022218ColorEnglish.pdf,,outdated,False,matched,2026-10-04,
78,Meeru Maldives Resort Island,obsolete,2020_EURO-DIVERS-Covid-19-Precaution-and-Hygiene-Measures-071720-Meeru-and-Vilamendhoo.pdf,2020,,,7,253,True,sales.crownandchamparesorts.com,brand-cdn,https://sales.crownandchamparesorts.com/wp-content/uploads/2020/07/EURO-DIVERS-Covid-19-Precaution-and-Hygiene-Measures-071720-Meeru-and-Vilamendhoo.pdf,https://sales.crownandchamparesorts.com/wp-content/uploads/2020/07/EURO-DIVERS-Covid-19-Precaution-and-Hygiene-Measures-071720-Meeru-and-Vilamendhoo.pdf,3a51688ae4b24bb8b96d8a5e3fca5659bd4a3f5bef311f3727fab71e85723ca7,library/078_meeru-maldives-resort-island/obsolete/2020_EURO-DIVERS-Covid-19-Precaution-and-Hygiene-Measures-071720-Meeru-and-Vilamendhoo.pdf,,obsolete,True,matched,2026-10-04,
79,Komandoo Island Resort,factsheet,2025_KomandooFactsheet110125103126Ver170824.pdf,2025,2025-11-01,2026-10-31,9,1526,True,sales.crownandchamparesorts.com,brand-cdn,https://sales.crownandchamparesorts.com/wp-content/uploads/2025/12/KomandooFactsheet110125103126Ver170824.pdf,https://sales.crownandchamparesorts.com/wp-content/uploads/2025/12/KomandooFactsheet110125103126Ver170824.pdf,c252eb24066c25e6035549933c8f27924c3d945de75a6c0a2081d187bfab0c97,library/079_komandoo-island-resort/factsheet/2025_KomandooFactsheet110125103126Ver170824.pdf,,current,True,matched,2026-10-04,
79,Komandoo Island Resort,factsheet,2021_FactSheetKomandoo110121103122Ver110121.pdf,2021,2021-11-01,2022-10-31,3,708,True,sales.crownandchamparesorts.com,brand-cdn,https://sales.crownandchamparesorts.com/wp-content/uploads/2023/08/FactSheetKomandoo110121103122Ver110121.pdf,https://sales.crownandchamparesorts.com/wp-content/uploads/2023/08/FactSheetKomandoo110121103122Ver110121.pdf,3ecab9f90259b84182da4f65675219c1faab96afe1b5c4114200b828c7dc1e36,library/079_komandoo-island-resort/factsheet/2021_FactSheetKomandoo110121103122Ver110121.pdf,,outdated,False,matched,2026-10-04,
79,Komandoo Island Resort,factsheet,2019_FactSheetKomandoo110119103120Rev010720.pdf,2019,2019-11-01,2020-10-31,3,1261,True,sales.crownandchamparesorts.com,brand-cdn,https://sales.crownandchamparesorts.com/wp-content/uploads/2018/10/FactSheetKomandoo110119103120Rev010720.pdf,https://sales.crownandchamparesorts.com/wp-content/uploads/2018/10/FactSheetKomandoo110119103120Rev010720.pdf,178b11695641be942cc4c4a0bd17585722dfce343ce12c6f7b809af36c8211bb,library/079_komandoo-island-resort/factsheet/2019_FactSheetKomandoo110119103120Rev010720.pdf,,outdated,False,matched,2026-10-04,
79,Komandoo Island Resort,factsheet,2018_FactSheetKomandoo110118103119Rev011718.pdf,2018,2018-11-01,2019-10-31,2,133,True,sales.crownandchamparesorts.com,brand-cdn,https://sales.crownandchamparesorts.com/wp-content/uploads/2018/04/FactSheetKomandoo110118103119Rev011718.pdf,https://sales.crownandchamparesorts.com/wp-content/uploads/2018/04/FactSheetKomandoo110118103119Rev011718.pdf,ca37561b5d6c2eaf580d37cca41f0be043707809fa77b653001e175b2bf18d66,library/079_komandoo-island-resort/factsheet/2018_FactSheetKomandoo110118103119Rev011718.pdf,,outdated,False,matched,2026-10-04,
79,Komandoo Island Resort,map,2025_KomandooMap110125103126Ver042024.pdf,2025,2025-11-01,2026-10-31,1,112,False,sales.crownandchamparesorts.com,brand-cdn,https://sales.crownandchamparesorts.com/wp-content/uploads/2025/12/KomandooMap110125103126Ver042024.pdf,https://sales.crownandchamparesorts.com/wp-content/uploads/2025/12/KomandooMap110125103126Ver042024.pdf,410bb96af26fc302914f2ce40b24c0b079e750a3a9186eabd40a851370fe6824,library/079_komandoo-island-resort/map/2025_KomandooMap110125103126Ver042024.pdf,,current,True,matched,2026-10-04,
79,Komandoo Island Resort,map,2019_MapKomandooColorEnglish061719.pdf,2019,,,1,1695,False,sales.crownandchamparesorts.com,brand-cdn,https://sales.crownandchamparesorts.com/wp-content/uploads/2020/01/MapKomandooColorEnglish061719.pdf,https://sales.crownandchamparesorts.com/wp-content/uploads/2020/01/MapKomandooColorEnglish061719.pdf,5a309d7ddc1f54956d89ecbfbf9158f0d3cc9606f37c842e1449a9bf609bf885,library/079_komandoo-island-resort/map/2019_MapKomandooColorEnglish061719.pdf,,outdated,False,matched,2026-10-04,
79,Komandoo Island Resort,all_inclusive,2025_KomandooAll-InclusivePlus110125103126Ver081724.pdf,2025,2025-11-01,2026-10-31,2,664,True,sales.crownandchamparesorts.com,brand-cdn,https://sales.crownandchamparesorts.com/wp-content/uploads/2025/12/KomandooAll-InclusivePlus110125103126Ver081724.pdf,https://sales.crownandchamparesorts.com/wp-content/uploads/2025/12/KomandooAll-InclusivePlus110125103126Ver081724.pdf,977cf092d53ab4432def97c7e661b3030cebc1041b2619d2f03eac69d2f8ab79,library/079_komandoo-island-resort/all_inclusive/2025_KomandooAll-InclusivePlus110125103126Ver081724.pdf,,current,True,matched,2026-10-04,
80,Raaya by Atmosphere,map,2025_RAAYA-by-Atmosphere-Island-Map-MAR-2025-Portrait.pdf,2025,,,1,1631,True,neoscapesmaldives.com,dmc-agency,https://www.neoscapesmaldives.com/wp-content/uploads/RAAYA-by-Atmosphere-Island-Map-MAR-2025-Portrait.pdf,https://www.neoscapesmaldives.com/wp-content/uploads/RAAYA-by-Atmosphere-Island-Map-MAR-2025-Portrait.pdf,42ec8c0b59426409d5a91899eff17ac731a9b68da14469dd7b42d2103c360029,library/080_raaya-by-atmosphere/map/2025_RAAYA-by-Atmosphere-Island-Map-MAR-2025-Portrait.pdf,,current,True,matched,2026-10-04,
80,Raaya by Atmosphere,brochure,2025_RAAYA-by-Atmosphere-Brochure-APR-2025.pdf,2025,,,17,5056,True,neoscapesmaldives.com,dmc-agency,https://www.neoscapesmaldives.com/wp-content/uploads/RAAYA-by-Atmosphere-Brochure-APR-2025.pdf,https://www.neoscapesmaldives.com/wp-content/uploads/RAAYA-by-Atmosphere-Brochure-APR-2025.pdf,f027b9e8d346c035a7dd44877d0107d3c262daa3f93078bd685428ab0176811f,library/080_raaya-by-atmosphere/brochure/2025_RAAYA-by-Atmosphere-Brochure-APR-2025.pdf,,current,True,matched,2026-10-04,
81,Kuredu Island Resort,factsheet,2025_KureduFactsheet110125103126Rev301025.pdf,2025,2025-11-01,2026-10-31,0,1696,False,sales.crownandchamparesorts.com,brand-cdn,https://sales.crownandchamparesorts.com/wp-content/uploads/2025/12/KureduFactsheet110125103126Rev301025.pdf,https://sales.crownandchamparesorts.com/wp-content/uploads/2025/12/KureduFactsheet110125103126Rev301025.pdf,ddf9264a8554119b252bcf2cafb129bb353a6ae186f9071d3fc49113670a57af,library/081_kuredu-island-resort/factsheet/2025_KureduFactsheet110125103126Rev301025.pdf,,current,True,matched,2026-10-04,
81,Kuredu Island Resort,factsheet,2021_FactSheetKuredu110121103122Rev010122.pdf,2021,2021-11-01,2022-10-31,4,951,True,sales.crownandchamparesorts.com,brand-cdn,https://sales.crownandchamparesorts.com/wp-content/uploads/2023/08/FactSheetKuredu110121103122Rev010122.pdf,https://sales.crownandchamparesorts.com/wp-content/uploads/2023/08/FactSheetKuredu110121103122Rev010122.pdf,a0f13b52b0e36331958715b2bdf65675518c8e989f2796dd42f2746c668dac85,library/081_kuredu-island-resort/factsheet/2021_FactSheetKuredu110121103122Rev010122.pdf,,outdated,False,matched,2026-10-04,
81,Kuredu Island Resort,factsheet,2020_FactSheetKuredu110120103121Ver091720.pdf,2020,2020-11-01,2021-10-31,4,1468,True,sales.crownandchamparesorts.com,brand-cdn,https://sales.crownandchamparesorts.com/wp-content/uploads/2018/10/FactSheetKuredu110120103121Ver091720.pdf,https://sales.crownandchamparesorts.com/wp-content/uploads/2018/10/FactSheetKuredu110120103121Ver091720.pdf,861f87402265b9e7da0302001dabb24246a3fb813cede751b8499fadcd8b960e,library/081_kuredu-island-resort/factsheet/2020_FactSheetKuredu110120103121Ver091720.pdf,,outdated,False,matched,2026-10-04,
81,Kuredu Island Resort,map,2025_Kuredu_IslandMapVer301025.pdf,2025,,,0,1496,False,sales.crownandchamparesorts.com,brand-cdn,https://sales.crownandchamparesorts.com/wp-content/uploads/2025/12/Kuredu_IslandMapVer301025.pdf,https://sales.crownandchamparesorts.com/wp-content/uploads/2025/12/Kuredu_IslandMapVer301025.pdf,9417934d7cd6f4050aecbd6d9669b91451e011384a61062ad3433efae7210e38,library/081_kuredu-island-resort/map/2025_Kuredu_IslandMapVer301025.pdf,,current,True,matched,2026-10-04,
81,Kuredu Island Resort,map,2018_MapKuredu070318ColorEnglish.pdf,2018,,,1,2629,False,sales.crownandchamparesorts.com,brand-cdn,https://sales.crownandchamparesorts.com/wp-content/uploads/2018/10/MapKuredu070318ColorEnglish.pdf,https://sales.crownandchamparesorts.com/wp-content/uploads/2018/10/MapKuredu070318ColorEnglish.pdf,4c19a94ccc4e04d60dc20c00df6c254c4779e3f580b98d9dd52d7f4790d252d9,library/081_kuredu-island-resort/map/2018_MapKuredu070318ColorEnglish.pdf,,outdated,False,matched,2026-10-04,
81,Kuredu Island Resort,map,2017_MapKuredu120617ColorEnglish.pdf,2017,,,1,2640,False,sales.crownandchamparesorts.com,brand-cdn,https://sales.crownandchamparesorts.com/wp-content/uploads/2018/04/MapKuredu120617ColorEnglish.pdf,https://sales.crownandchamparesorts.com/wp-content/uploads/2018/04/MapKuredu120617ColorEnglish.pdf,5c96108643fb179fae9f4e3321be70debea473bd7517fbf1cacb1ddd402fd4a1,library/081_kuredu-island-resort/map/2017_MapKuredu120617ColorEnglish.pdf,,outdated,False,matched,2026-10-04,
81,Kuredu Island Resort,dive_prices,2020_General-ProDivers-operation-guidelines-071720KURKOMHURKUDINN.pdf,2020,,,4,373,True,sales.crownandchamparesorts.com,brand-cdn,https://sales.crownandchamparesorts.com/wp-content/uploads/2020/07/General-ProDivers-operation-guidelines-071720KURKOMHURKUDINN.pdf,https://sales.crownandchamparesorts.com/wp-content/uploads/2020/07/General-ProDivers-operation-guidelines-071720KURKOMHURKUDINN.pdf,71fdb2ecc01246c303436cbc79372100f51d34f876f86a5a661efdff1016081e,library/081_kuredu-island-resort/dive_prices/2020_General-ProDivers-operation-guidelines-071720KURKOMHURKUDINN.pdf,,outdated,True,matched,2026-10-04,
82,Ifuru Island Maldives,factsheet,2023_IFURU-ISLAND-MALDIVES-Fact-Sheet.pdf,2023,,,8,2232,True,neoscapesmaldives.com,dmc-agency,https://www.neoscapesmaldives.com/wp-content/uploads/IFURU-ISLAND-MALDIVES-Fact-Sheet.pdf,https://www.neoscapesmaldives.com/wp-content/uploads/IFURU-ISLAND-MALDIVES-Fact-Sheet.pdf,71d64a9924ddbe1235de7c1dcab68a809eabe6e8cb8514a4c234900b70221b24,library/082_ifuru-island-maldives/factsheet/2023_IFURU-ISLAND-MALDIVES-Fact-Sheet.pdf,,outdated,True,matched,2026-10-04,
82,Ifuru Island Maldives,map,2024_Ifuru_Island_Resort_Island_Map.pdf,2024,,,1,3160,False,neoscapesmaldives.com,dmc-agency,https://www.neoscapesmaldives.com/wp-content/uploads/Ifuru_Island_Resort_Island_Map.pdf,https://www.neoscapesmaldives.com/wp-content/uploads/Ifuru_Island_Resort_Island_Map.pdf,7e3319d172fd1f90c7af23cfc81403777dfebeb9e765b669bdba19cd9c4218e8,library/082_ifuru-island-maldives/map/2024_Ifuru_Island_Resort_Island_Map.pdf,,outdated,True,matched,2026-10-04,
85,Centara Mirage Lagoon Maldives & Centara Grand Lagoon Maldives,factsheet,2025_Centara-Mirage-Lagoon-Factsheet-October-2025.pdf,2025,,,4,620,True,neoscapesmaldives.com,dmc-agency,https://www.neoscapesmaldives.com/wp-content/uploads/Centara-Mirage-Lagoon-Factsheet-October-2025.pdf,https://www.neoscapesmaldives.com/wp-content/uploads/Centara-Mirage-Lagoon-Factsheet-October-2025.pdf,6a3cdfbc08a22fc696211ad40a62f6961ccda38380a935d7cd26f4deb4349f8c,library/085_centara-mirage-lagoon-maldives-centara-grand-lagoo/factsheet/2025_Centara-Mirage-Lagoon-Factsheet-October-2025.pdf,,current,True,matched,2026-10-04,
85,Centara Mirage Lagoon Maldives & Centara Grand Lagoon Maldives,factsheet,2024_CGLM-Factsheet.pdf,2024,,,6,5265,True,neoscapesmaldives.com,dmc-agency,https://www.neoscapesmaldives.com/wp-content/uploads/CGLM-Factsheet.pdf,https://www.neoscapesmaldives.com/wp-content/uploads/CGLM-Factsheet.pdf,b8f27aec747504948b35a66d571b099ad9ace3ae633e3dddf6a79ba6f85e40ce,library/085_centara-mirage-lagoon-maldives-centara-grand-lagoo/factsheet/2024_CGLM-Factsheet.pdf,,outdated,False,matched,2026-10-04,
85,Centara Mirage Lagoon Maldives & Centara Grand Lagoon Maldives,map,2025_Centara-Grand-Lagoon-Maldives-Resort-Map_09.10.25.pdf,2025,,,1,340,True,neoscapesmaldives.com,dmc-agency,https://www.neoscapesmaldives.com/wp-content/uploads/Centara-Grand-Lagoon-Maldives-Resort-Map_09.10.25.pdf,https://www.neoscapesmaldives.com/wp-content/uploads/Centara-Grand-Lagoon-Maldives-Resort-Map_09.10.25.pdf,cffd97348d603fcd44dee7ca20a366dabbee67e12fc958a6ebbe03a5868a39f2,library/085_centara-mirage-lagoon-maldives-centara-grand-lagoo/map/2025_Centara-Grand-Lagoon-Maldives-Resort-Map_09.10.25.pdf,,current,True,matched,2026-10-04,
85,Centara Mirage Lagoon Maldives & Centara Grand Lagoon Maldives,map,2025_Centara-Mirage-Lagoon-Maldives-Resort-Map-2025.pdf,2025,,,1,2741,True,neoscapesmaldives.com,dmc-agency,https://www.neoscapesmaldives.com/wp-content/uploads/Centara-Mirage-Lagoon-Maldives-Resort-Map-2025.pdf,https://www.neoscapesmaldives.com/wp-content/uploads/Centara-Mirage-Lagoon-Maldives-Resort-Map-2025.pdf,5ea1ebb802c23bc1d407e3f32e3e0ffd007a9c059c7353f4a08bbe8e3c2e4a10,library/085_centara-mirage-lagoon-maldives-centara-grand-lagoo/map/2025_Centara-Mirage-Lagoon-Maldives-Resort-Map-2025.pdf,,current,False,matched,2026-10-04,
87,Four Seasons Resort Maldives at Landaa Giraavaru,map,2023_Landaa-Giraavaru-Resort-Map.pdf,2023,,,1,4903,True,neoscapesmaldives.com,dmc-agency,https://www.neoscapesmaldives.com/wp-content/uploads/Landaa-Giraavaru-Resort-Map.pdf,https://www.neoscapesmaldives.com/wp-content/uploads/Landaa-Giraavaru-Resort-Map.pdf,35c6d9c544bbb87799071a78826db8e7a33e9390447e7c8827da931cbea861e0,library/087_four-seasons-resort-maldives-at-landaa-giraavaru/map/2023_Landaa-Giraavaru-Resort-Map.pdf,,outdated,True,matched,2026-10-04,
87,Four Seasons Resort Maldives at Landaa Giraavaru,sustainability,2025_Amilla-Sustainability-Policy.pdf,2025,,,5,208,True,amilla.com,official,https://amilla.com/wp-content/uploads/Amilla-Sustainability-Policy.pdf,https://amilla.com/wp-content/uploads/Amilla-Sustainability-Policy.pdf,6336ec3c575d2d2a6ebb058b30f1a5661f107db6f79b3e48a743b7fa3644319e,library/087_four-seasons-resort-maldives-at-landaa-giraavaru/sustainability/2025_Amilla-Sustainability-Policy.pdf,,current,True,matched,2026-10-04,
87,Four Seasons Resort Maldives at Landaa Giraavaru,sustainability,2024_Amilla-Maldives-Sustainability-Policy.pdf,2024,,,5,313,True,amilla.com,official,https://amilla.com/wp-content/uploads/Amilla-Maldives-Sustainability-Policy.pdf,https://amilla.com/wp-content/uploads/Amilla-Maldives-Sustainability-Policy.pdf,746fa1c0dcae1f6cbfdcf8eaa61d98b5404a5c01caa7f7f837d88399ab307186,library/087_four-seasons-resort-maldives-at-landaa-giraavaru/sustainability/2024_Amilla-Maldives-Sustainability-Policy.pdf,,outdated,False,matched,2026-10-04,
87,Four Seasons Resort Maldives at Landaa Giraavaru,press_kit,2023_Four-Seasons-Resorts-Maldives-Press-Kit..pdf,2023,,,15,1000,True,neoscapesmaldives.com,dmc-agency,https://www.neoscapesmaldives.com/wp-content/uploads/Four-Seasons-Resorts-Maldives-Press-Kit..pdf,https://www.neoscapesmaldives.com/wp-content/uploads/Four-Seasons-Resorts-Maldives-Press-Kit..pdf,a3f52a5cc3100d23bfc2b233a17f510458bbda6afabcfa2a4f7a57000ae124d9,library/087_four-seasons-resort-maldives-at-landaa-giraavaru/press_kit/2023_Four-Seasons-Resorts-Maldives-Press-Kit..pdf,,outdated,True,matched,2026-10-04,
89,Inter Continental Maldives Maamunagau,factsheet,2020_InterContinental-Maldives-Maamunagau-Resort-Factsheet-NEO.pdf,2020,,,20,9395,True,neoscapesmaldives.com,dmc-agency,https://www.neoscapesmaldives.com/wp-content/uploads/InterContinental-Maldives-Maamunagau-Resort-Factsheet-NEO.pdf,https://www.neoscapesmaldives.com/wp-content/uploads/InterContinental-Maldives-Maamunagau-Resort-Factsheet-NEO.pdf,e1c6f4b7b4335fb7f2794c49930372c724884896f5934fe2cc32f4c697485966,library/089_inter-continental-maldives-maamunagau/factsheet/2020_InterContinental-Maldives-Maamunagau-Resort-Factsheet-NEO.pdf,,outdated,True,matched,2026-10-04,
90,Six Senses Kanuhura,factsheet,2018_Factsheet_2018_NEW.pdf,2018,,,6,5209,True,neoscapesmaldives.com,dmc-agency,https://www.neoscapesmaldives.com/wp-content/uploads/Factsheet_2018_NEW.pdf,https://www.neoscapesmaldives.com/wp-content/uploads/Factsheet_2018_NEW.pdf,464cf761fd32f4742d79b158dee6fffb19204b97eea30851563854164bc66159,library/090_six-senses-kanuhura/factsheet/2018_Factsheet_2018_NEW.pdf,,outdated,True,matched,2026-10-04,
91,Lily Beach Resort,factsheet,2020_LilyBeach-Factsheet-Resort-NEO.pdf,2020,,,2,2714,True,neoscapesmaldives.com,dmc-agency,https://www.neoscapesmaldives.com/wp-content/uploads/LilyBeach-Factsheet-Resort-NEO.pdf,https://www.neoscapesmaldives.com/wp-content/uploads/LilyBeach-Factsheet-Resort-NEO.pdf,01ab97c5627beba4cf46a210fe56f535c07908c1e29e9632e174a1b195e43a43,library/091_lily-beach-resort/factsheet/2020_LilyBeach-Factsheet-Resort-NEO.pdf,,outdated,True,matched,2026-10-04,
91,Lily Beach Resort,map,2020_LilyBeach-Resort-Map.pdf,2020,,,1,354,False,neoscapesmaldives.com,dmc-agency,https://www.neoscapesmaldives.com/wp-content/uploads/LilyBeach-Resort-Map.pdf,https://www.neoscapesmaldives.com/wp-content/uploads/LilyBeach-Resort-Map.pdf,d61bed104b44f2f9c7aa42736a026279023dc33776e151960024c52277bbf934,library/091_lily-beach-resort/map/2020_LilyBeach-Resort-Map.pdf,,outdated,True,matched,2026-10-04,
92,Amaya Kuda Rah Maldives,factsheet,2024_NH-Maldives-Kuda-Rah-Fact-Sheet.pdf,2024,,,9,2127,True,neoscapesmaldives.com,dmc-agency,https://www.neoscapesmaldives.com/wp-content/uploads/NH-Maldives-Kuda-Rah-Fact-Sheet.pdf,https://www.neoscapesmaldives.com/wp-content/uploads/NH-Maldives-Kuda-Rah-Fact-Sheet.pdf,e92ab16ceeb876893b8905db269d20f6592491f0130ef8cfc5cc625fe576a534,library/092_amaya-kuda-rah-maldives/factsheet/2024_NH-Maldives-Kuda-Rah-Fact-Sheet.pdf,,outdated,True,matched,2026-10-04,
92,Amaya Kuda Rah Maldives,map,2024_Pages-from-NH-Maldives-Kuda-Rah-map.pdf,2024,,,1,162,True,neoscapesmaldives.com,dmc-agency,https://www.neoscapesmaldives.com/wp-content/uploads/Pages-from-NH-Maldives-Kuda-Rah-map.pdf,https://www.neoscapesmaldives.com/wp-content/uploads/Pages-from-NH-Maldives-Kuda-Rah-map.pdf,e4a85342a070f9514db82042d6144159047b292d99b3ef4c504a219c04e6bad9,library/092_amaya-kuda-rah-maldives/map/2024_Pages-from-NH-Maldives-Kuda-Rah-map.pdf,,outdated,True,matched,2026-10-04,
95,Malahini Kuda Bandos,factsheet,2017_Malahini-Kuda-Bandos-E-factsheet_2017.pdf,2017,,,4,900,False,neoscapesmaldives.com,dmc-agency,https://www.neoscapesmaldives.com/wp-content/uploads/Malahini-Kuda-Bandos-E-factsheet_2017.pdf,https://www.neoscapesmaldives.com/wp-content/uploads/Malahini-Kuda-Bandos-E-factsheet_2017.pdf,440ea169e2f4d214d00dab89b6fb49e21ed60e3c163dead36260de5aaf432e8d,library/095_malahini-kuda-bandos/factsheet/2017_Malahini-Kuda-Bandos-E-factsheet_2017.pdf,,outdated,True,matched,2026-10-04,
95,Malahini Kuda Bandos,map,2020_Malahini-Kuda-Bandos-Map.pdf,2020,,,1,493,False,neoscapesmaldives.com,dmc-agency,https://www.neoscapesmaldives.com/wp-content/uploads/Malahini-Kuda-Bandos-Map.pdf,https://www.neoscapesmaldives.com/wp-content/uploads/Malahini-Kuda-Bandos-Map.pdf,8a9df1522250448ea91329bbe2dabc82e7343ceb433e67224f82a2671ec4e86f,library/095_malahini-kuda-bandos/map/2020_Malahini-Kuda-Bandos-Map.pdf,,outdated,True,matched,2026-10-04,
96,Dhawa Ihuru,factsheet,2025_DHMVIH-Fact-Sheet.pdf,2025,,,10,1609,True,neoscapesmaldives.com,dmc-agency,https://www.neoscapesmaldives.com/wp-content/uploads/DHMVIH-Fact-Sheet.pdf,https://www.neoscapesmaldives.com/wp-content/uploads/DHMVIH-Fact-Sheet.pdf,3a11a440fecceb2deadfac364216859e13527e858f6c42050ddbb72521edb849,library/096_dhawa-ihuru/factsheet/2025_DHMVIH-Fact-Sheet.pdf,,current,True,matched,2026-10-04,
97,Angsana Resort & Spa Maldives - Velavaru,factsheet,2023_Fact-Sheet-Angsana-Velavaru.pdf,2023,,,15,6802,True,neoscapesmaldives.com,dmc-agency,https://www.neoscapesmaldives.com/wp-content/uploads/Fact-Sheet-Angsana-Velavaru.pdf,https://www.neoscapesmaldives.com/wp-content/uploads/Fact-Sheet-Angsana-Velavaru.pdf,d01d7d4d3b1ae39bdea196fd3a88d6f37f7591122e0e24d954bcd1ec436937dc,library/097_angsana-resort-spa-maldives-velavaru/factsheet/2023_Fact-Sheet-Angsana-Velavaru.pdf,,outdated,True,matched,2026-10-04,
97,Angsana Resort & Spa Maldives - Velavaru,villa_plans,2021_Villa-Categories-Update_08-04-2021_Angsana-Velavaru.pdf,2021,,,3,2448,True,neoscapesmaldives.com,dmc-agency,https://www.neoscapesmaldives.com/wp-content/uploads/Villa-Categories-Update_08-04-2021_Angsana-Velavaru.pdf,https://www.neoscapesmaldives.com/wp-content/uploads/Villa-Categories-Update_08-04-2021_Angsana-Velavaru.pdf,09c2975965d55719b667d06acd377adf9cbae58770212932e53df89d9bcb0940,library/097_angsana-resort-spa-maldives-velavaru/villa_plans/2021_Villa-Categories-Update_08-04-2021_Angsana-Velavaru.pdf,,outdated,True,matched,2026-10-04,
97,Angsana Resort & Spa Maldives - Velavaru,other,2020_islandmap-velavaru.pdf,2020,,,1,174,False,neoscapesmaldives.com,dmc-agency,https://www.neoscapesmaldives.com/wp-content/uploads/islandmap-velavaru.pdf,https://www.neoscapesmaldives.com/wp-content/uploads/islandmap-velavaru.pdf,0d83026592c5819caa7da30db8256ea967b26a4ed125be4aa4ae485b52a75063,library/097_angsana-resort-spa-maldives-velavaru/other/2020_islandmap-velavaru.pdf,,outdated,True,matched,2026-10-04,
99,Conrad Maldives Rangali Island,factsheet,2025_CMRI-Villa-Factsheet.pdf,2025,,,18,9944,True,neoscapesmaldives.com,dmc-agency,https://www.neoscapesmaldives.com/wp-content/uploads/CMRI-Villa-Factsheet.pdf,https://www.neoscapesmaldives.com/wp-content/uploads/CMRI-Villa-Factsheet.pdf,d70860c1c698b2d87a9ef21544ca28778dd937b4abc511f529dbb2bf951cc85c,library/099_conrad-maldives-rangali-island/factsheet/2025_CMRI-Villa-Factsheet.pdf,,current,True,matched,2026-10-04,
99,Conrad Maldives Rangali Island,factsheet,2024_CMRI_Resort-FactSheet_082024.pdf,2024,,,8,4876,True,neoscapesmaldives.com,dmc-agency,https://www.neoscapesmaldives.com/wp-content/uploads/CMRI_Resort-FactSheet_082024.pdf,https://www.neoscapesmaldives.com/wp-content/uploads/CMRI_Resort-FactSheet_082024.pdf,797a902ce8a5201abd0741a38707b557b4414a1d2a5258aab1455a799ac2ba2b,library/099_conrad-maldives-rangali-island/factsheet/2024_CMRI_Resort-FactSheet_082024.pdf,,outdated,False,matched,2026-10-04,
99,Conrad Maldives Rangali Island,map,2020_CONRAD-MALDIVES-RANGALI-MAP.pdf,2020,,,1,236,False,neoscapesmaldives.com,dmc-agency,https://www.neoscapesmaldives.com/wp-content/uploads/CONRAD-MALDIVES-RANGALI-MAP.pdf,https://www.neoscapesmaldives.com/wp-content/uploads/CONRAD-MALDIVES-RANGALI-MAP.pdf,b24bc93071d54bd0abe2e63187896a4fd174dc290ffc827002bd52d401e169c1,library/099_conrad-maldives-rangali-island/map/2020_CONRAD-MALDIVES-RANGALI-MAP.pdf,,outdated,True,matched,2026-10-04,
102,W Maldives,factsheet,2019_W_Retreat-Maldives-Factsheet.pdf,2019,,,2,152,True,neoscapesmaldives.com,dmc-agency,https://neoscapesmaldives.com/wp-content/uploads/W_Retreat-Maldives-Factsheet.pdf,https://neoscapesmaldives.com/wp-content/uploads/W_Retreat-Maldives-Factsheet.pdf,45c64d783c1d4a4cb52e53c50d0ae14e8a35aeccdd750a224d01783e77fa5a96,library/102_w-maldives/factsheet/2019_W_Retreat-Maldives-Factsheet.pdf,,outdated,True,matched,2026-10-04,
103,Sheraton Maldives Full Moon Resort & Spa,factsheet,2018_Fact-Sheet_EN.pdf,2018,,,8,3133,True,neoscapesmaldives.com,dmc-agency,https://www.neoscapesmaldives.com/wp-content/uploads/Fact-Sheet_EN.pdf,https://www.neoscapesmaldives.com/wp-content/uploads/Fact-Sheet_EN.pdf,fb4976f3c42e83d80f87a4fa2d98c8f95f91d6185a9be159f4b2c89f5de2c2b8,library/103_sheraton-maldives-full-moon-resort-spa/factsheet/2018_Fact-Sheet_EN.pdf,,outdated,True,matched,2026-10-04,
103,Sheraton Maldives Full Moon Resort & Spa,map,2025_Resort-Map_EN.pdf,2025,,,2,92,True,neoscapesmaldives.com,dmc-agency,https://www.neoscapesmaldives.com/wp-content/uploads/Resort-Map_EN.pdf,https://www.neoscapesmaldives.com/wp-content/uploads/Resort-Map_EN.pdf,6bbda48d9817e59ab1ed0b8a4ea9928f29f8426c02c05966d149162ac1afab8a,library/103_sheraton-maldives-full-moon-resort-spa/map/2025_Resort-Map_EN.pdf,,current,True,needs-review,2026-10-04,ambiguous match [103]
105,Kuda Villingili Resort Maldives,factsheet,2025_241220_-_Factsheet.pdf,2025,,,27,15567,True,neoscapesmaldives.com,dmc-agency,https://www.neoscapesmaldives.com/wp-content/uploads/241220_-_Factsheet.pdf,https://www.neoscapesmaldives.com/wp-content/uploads/241220_-_Factsheet.pdf,0c265544e28055a95e4b3c8ff1cf5a7365e294b3cd6b72851a9212f3deb68c8b,library/105_kuda-villingili-resort-maldives/factsheet/2025_241220_-_Factsheet.pdf,,current,True,matched,2026-10-04,
105,Kuda Villingili Resort Maldives,map,2024_Kuda-Villingili-Resort-Map.pdf,2024,,,1,458,True,neoscapesmaldives.com,dmc-agency,https://www.neoscapesmaldives.com/wp-content/uploads/Kuda-Villingili-Resort-Map.pdf,https://www.neoscapesmaldives.com/wp-content/uploads/Kuda-Villingili-Resort-Map.pdf,b00a71d24a5ee12e8e76b265fed9f126e2148493340829acfac188ca09e45947,library/105_kuda-villingili-resort-maldives/map/2024_Kuda-Villingili-Resort-Map.pdf,,outdated,True,matched,2026-10-04,
106,Anantara Kihavah Villas,factsheet,2021_Anantara_Kihavah_Maldives_Villas_Factsheet_Resort.pdf,2021,,,13,1964,True,neoscapesmaldives.com,dmc-agency,https://www.neoscapesmaldives.com/wp-content/uploads/Anantara_Kihavah_Maldives_Villas_Factsheet_Resort.pdf,https://www.neoscapesmaldives.com/wp-content/uploads/Anantara_Kihavah_Maldives_Villas_Factsheet_Resort.pdf,adc106ce0f1fd3de7b51a2a34cb8de17aac33e2a93d9b56ed75c3a6b4aae375a,library/106_anantara-kihavah-villas/factsheet/2021_Anantara_Kihavah_Maldives_Villas_Factsheet_Resort.pdf,,outdated,True,matched,2026-10-04,
106,Anantara Kihavah Villas,map,2022_Anantara_Kihavah_Maldives_Villas_Resort_Map.pdf,2022,,,1,497,True,neoscapesmaldives.com,dmc-agency,https://www.neoscapesmaldives.com/wp-content/uploads/Anantara_Kihavah_Maldives_Villas_Resort_Map.pdf,https://www.neoscapesmaldives.com/wp-content/uploads/Anantara_Kihavah_Maldives_Villas_Resort_Map.pdf,9fa7397add16cfe62608c2606eca8bc0b3a499a4f6b9903dd7f1408e941bf2fb,library/106_anantara-kihavah-villas/map/2022_Anantara_Kihavah_Maldives_Villas_Resort_Map.pdf,,outdated,True,matched,2026-10-04,
109,Constance Moofushi Resort,factsheet,2023_moofushi-factsheet-en-24april2023.pdf,2023,,,10,2186,True,neoscapesmaldives.com,dmc-agency,https://www.neoscapesmaldives.com/wp-content/uploads/moofushi-factsheet-en-24april2023.pdf,https://www.neoscapesmaldives.com/wp-content/uploads/moofushi-factsheet-en-24april2023.pdf,5ebd8050b188741fa5ad44ce96986d305be59c3012aa3048310b73d684da611b,library/109_constance-moofushi-resort/factsheet/2023_moofushi-factsheet-en-24april2023.pdf,,outdated,True,matched,2026-10-04,
109,Constance Moofushi Resort,map,2019_constance-moofushi-island-map.pdf,2019,,,1,74,False,neoscapesmaldives.com,dmc-agency,https://www.neoscapesmaldives.com/wp-content/uploads/constance-moofushi-island-map.pdf,https://www.neoscapesmaldives.com/wp-content/uploads/constance-moofushi-island-map.pdf,b0725b04c31c2598ac98e9e8e3c2484d5c047a374eb3824748abfaca0ec355dc,library/109_constance-moofushi-resort/map/2019_constance-moofushi-island-map.pdf,,outdated,True,matched,2026-10-04,
111,Huvafenfushi Maldives,factsheet,2020_Huvafen-Fushi-Factsheet-2020-Digital_rdc.pdf,2020,,,6,4312,True,neoscapesmaldives.com,dmc-agency,https://www.neoscapesmaldives.com/wp-content/uploads/Huvafen-Fushi-Factsheet-2020-Digital_rdc.pdf,https://www.neoscapesmaldives.com/wp-content/uploads/Huvafen-Fushi-Factsheet-2020-Digital_rdc.pdf,27ff8aea9534d473f1fb6ed498501050fbe19bdb8fb83905c8cecb6a9293b941,library/111_huvafenfushi-maldives/factsheet/2020_Huvafen-Fushi-Factsheet-2020-Digital_rdc.pdf,,outdated,True,matched,2026-10-04,
111,Huvafenfushi Maldives,map,2019_Resort-Map.pdf,2019,,,1,527,False,neoscapesmaldives.com,dmc-agency,https://www.neoscapesmaldives.com/wp-content/uploads/Resort-Map.pdf,https://www.neoscapesmaldives.com/wp-content/uploads/Resort-Map.pdf,74a139d7ae06d0394d881ec6d920f0b009261443408663eaa739b1fb20874d83,library/111_huvafenfushi-maldives/map/2019_Resort-Map.pdf,,outdated,True,needs-review,2026-10-04,ambiguous match [111]
112,Nika Island Resort and Spa,factsheet,2020_NIKA-FACT-SHEET-Nika-Island-Resort.pdf,2020,,,2,2913,True,neoscapesmaldives.com,dmc-agency,https://www.neoscapesmaldives.com/wp-content/uploads/NIKA-FACT-SHEET-Nika-Island-Resort.pdf,https://www.neoscapesmaldives.com/wp-content/uploads/NIKA-FACT-SHEET-Nika-Island-Resort.pdf,9ce4116a6829cf3591292427cd1fcc4e218866a91b353b15fb91391c74b356b0,library/112_nika-island-resort-and-spa/factsheet/2020_NIKA-FACT-SHEET-Nika-Island-Resort.pdf,,outdated,True,matched,2026-10-04,
112,Nika Island Resort and Spa,map,2020_NIKA-MAP-Nika-Island-Resort.pdf,2020,,,1,3099,False,neoscapesmaldives.com,dmc-agency,https://www.neoscapesmaldives.com/wp-content/uploads/NIKA-MAP-Nika-Island-Resort.pdf,https://www.neoscapesmaldives.com/wp-content/uploads/NIKA-MAP-Nika-Island-Resort.pdf,64c39d06b22475c464f76baa780e7016c25f67f68dd56a5108f0bc30385dee52,library/112_nika-island-resort-and-spa/map/2020_NIKA-MAP-Nika-Island-Resort.pdf,,outdated,True,matched,2026-10-04,
115,Oblu Select by Atmosphere at Sangeli,map,2025_OBLU-SELECT-Lobigili-Island-Map-MAY-2025.pdf,2025,,,1,5174,True,neoscapesmaldives.com,dmc-agency,https://www.neoscapesmaldives.com/wp-content/uploads/OBLU-SELECT-Lobigili-Island-Map-MAY-2025.pdf,https://www.neoscapesmaldives.com/wp-content/uploads/OBLU-SELECT-Lobigili-Island-Map-MAY-2025.pdf,9f54eccd4a783c906a918dfc91c898d1c26bfd2797929143bb16407ac5c0adef,library/115_oblu-select-by-atmosphere-at-sangeli/map/2025_OBLU-SELECT-Lobigili-Island-Map-MAY-2025.pdf,,current,True,matched,2026-10-04,
115,Oblu Select by Atmosphere at Sangeli,map,2019_OBLU-SELECT-at-Sangeli-ISLAND-MAP-1.pdf,2019,,,1,2409,False,neoscapesmaldives.com,dmc-agency,https://www.neoscapesmaldives.com/wp-content/uploads/OBLU-SELECT-at-Sangeli-ISLAND-MAP-1.pdf,https://www.neoscapesmaldives.com/wp-content/uploads/OBLU-SELECT-at-Sangeli-ISLAND-MAP-1.pdf,53c3a857e8721c04b7f2a63163238a93c670359df8eb71b803a94afd2dfa106c,library/115_oblu-select-by-atmosphere-at-sangeli/map/2019_OBLU-SELECT-at-Sangeli-ISLAND-MAP-1.pdf,,outdated,False,matched,2026-10-04,
115,Oblu Select by Atmosphere at Sangeli,brochure,2025_OBLU-SELECT-Sangeli-BROCHURE-FEB-2025.pdf,2025,,,11,5401,True,neoscapesmaldives.com,dmc-agency,https://www.neoscapesmaldives.com/wp-content/uploads/OBLU-SELECT-Sangeli-BROCHURE-FEB-2025.pdf,https://www.neoscapesmaldives.com/wp-content/uploads/OBLU-SELECT-Sangeli-BROCHURE-FEB-2025.pdf,62c3a79e2df269a5c0f65d9e34be1f631da9882d7584b46e04b48ec5b0bdb906,library/115_oblu-select-by-atmosphere-at-sangeli/brochure/2025_OBLU-SELECT-Sangeli-BROCHURE-FEB-2025.pdf,,current,True,matched,2026-10-04,
115,Oblu Select by Atmosphere at Sangeli,brochure,2025_OBLU-SELECT-Lobigili-Brochure-MAY-2025-WEB.pdf,2025,,,11,8597,True,neoscapesmaldives.com,dmc-agency,https://www.neoscapesmaldives.com/wp-content/uploads/OBLU-SELECT-Lobigili-Brochure-MAY-2025-WEB.pdf,https://www.neoscapesmaldives.com/wp-content/uploads/OBLU-SELECT-Lobigili-Brochure-MAY-2025-WEB.pdf,294f2147fb9a5a401d3f9d7cd6b10e379097cfa2f8e8eff9d5d123a9030e9169,library/115_oblu-select-by-atmosphere-at-sangeli/brochure/2025_OBLU-SELECT-Lobigili-Brochure-MAY-2025-WEB.pdf,,current,False,matched,2026-10-04,
116,Nova Maldives,factsheet,2022_Factsheet-Nova-Maldives-NEO.pdf,2022,,,16,4721,False,neoscapesmaldives.com,dmc-agency,https://www.neoscapesmaldives.com/wp-content/uploads/Factsheet-Nova-Maldives-NEO.pdf,https://www.neoscapesmaldives.com/wp-content/uploads/Factsheet-Nova-Maldives-NEO.pdf,23eab33e6dc6600ab79a046e4a23e2eed969663dfdf8e8f1fd7adefaa0e29edd,library/116_nova-maldives/factsheet/2022_Factsheet-Nova-Maldives-NEO.pdf,,outdated,True,matched,2026-10-04,
116,Nova Maldives,map,2022_Resort-Map-Nova-Maldives.pdf,2022,,,1,557,False,neoscapesmaldives.com,dmc-agency,https://www.neoscapesmaldives.com/wp-content/uploads/Resort-Map-Nova-Maldives.pdf,https://www.neoscapesmaldives.com/wp-content/uploads/Resort-Map-Nova-Maldives.pdf,8824de53661585c09aa740f5e0dba3b2a295b90b0e323c11a2b1bf20f09a5f16,library/116_nova-maldives/map/2022_Resort-Map-Nova-Maldives.pdf,,outdated,True,matched,2026-10-04,
117,Niyama Maldives,factsheet,2025_Niyama-Private-Islands-Maldives-Factsheet-2025.pdf,2025,,,14,8792,True,neoscapesmaldives.com,dmc-agency,https://www.neoscapesmaldives.com/wp-content/uploads/Niyama-Private-Islands-Maldives-Factsheet-2025.pdf,https://www.neoscapesmaldives.com/wp-content/uploads/Niyama-Private-Islands-Maldives-Factsheet-2025.pdf,9bd66a5f022e1acfb1f075b6b679eded15d7090536994f3a072329b49430994b,library/117_niyama-maldives/factsheet/2025_Niyama-Private-Islands-Maldives-Factsheet-2025.pdf,,current,True,matched,2026-10-04,
117,Niyama Maldives,map,2025_Niyama-Resort-Map.pdf,2025,,,1,14111,True,neoscapesmaldives.com,dmc-agency,https://www.neoscapesmaldives.com/wp-content/uploads/Niyama-Resort-Map.pdf,https://www.neoscapesmaldives.com/wp-content/uploads/Niyama-Resort-Map.pdf,418015ea746800659cd3118ed29365381e07510c6ee3581836ee1d5c1ff3b8e2,library/117_niyama-maldives/map/2025_Niyama-Resort-Map.pdf,,current,True,matched,2026-10-04,
118,Sun Siyam Iru Veli Maldives,factsheet,2021_Iru-Veli-Factsheet-EN.pdf,2021,,,8,6026,True,neoscapesmaldives.com,dmc-agency,https://www.neoscapesmaldives.com/wp-content/uploads/Iru-Veli-Factsheet-EN.pdf,https://www.neoscapesmaldives.com/wp-content/uploads/Iru-Veli-Factsheet-EN.pdf,2116d595e08769e966dcd6041bdcd7aa62512cf14599adeb6421bc0a876b564c,library/118_sun-siyam-iru-veli-maldives/factsheet/2021_Iru-Veli-Factsheet-EN.pdf,,outdated,True,matched,2026-10-04,
118,Sun Siyam Iru Veli Maldives,map,2018_Sun-Aqua-Iru-Veli-Island-Map.pdf,2018,,,1,9164,True,neoscapesmaldives.com,dmc-agency,https://www.neoscapesmaldives.com/wp-content/uploads/Sun-Aqua-Iru-Veli-Island-Map.pdf,https://www.neoscapesmaldives.com/wp-content/uploads/Sun-Aqua-Iru-Veli-Island-Map.pdf,65eab55c8cc1d0eb1d098d8185f4e5d21dab7db226cc2c47b86f720af75cc084,library/118_sun-siyam-iru-veli-maldives/map/2018_Sun-Aqua-Iru-Veli-Island-Map.pdf,,outdated,True,matched,2026-10-04,
119,Outrigger Maldives Maafushivaru Resort,map,2020_Lti-Maafushivaru-Map.pdf,2020,,,1,5087,True,neoscapesmaldives.com,dmc-agency,https://www.neoscapesmaldives.com/wp-content/uploads/Lti-Maafushivaru-Map.pdf,https://www.neoscapesmaldives.com/wp-content/uploads/Lti-Maafushivaru-Map.pdf,a6c65a296cb87ffee503484a150ca1eb4a0648a1771b0b1456027ef18e791be7,library/119_outrigger-maldives-maafushivaru-resort/map/2020_Lti-Maafushivaru-Map.pdf,,outdated,True,matched,2026-10-04,
119,Outrigger Maldives Maafushivaru Resort,obsolete,2020_LMP-1.14-COVID-19-Prevention-and-Protection-Policy_Lti-Maafushivaru-2020-1.pdf,2020,,,2,1355,False,neoscapesmaldives.com,dmc-agency,https://www.neoscapesmaldives.com/wp-content/uploads/LMP-1.14-COVID-19-Prevention-and-Protection-Policy_Lti-Maafushivaru-2020-1.pdf,https://www.neoscapesmaldives.com/wp-content/uploads/LMP-1.14-COVID-19-Prevention-and-Protection-Policy_Lti-Maafushivaru-2020-1.pdf,45287f3ae0e52498ff15948b2f16ca2dcf8d50b0ff0c3dc0965ac0abcacac55b,library/119_outrigger-maldives-maafushivaru-resort/obsolete/2020_LMP-1.14-COVID-19-Prevention-and-Protection-Policy_Lti-Maafushivaru-2020-1.pdf,,obsolete,True,matched,2026-10-04,
119,Outrigger Maldives Maafushivaru Resort,obsolete,2020_COVID-19-Leaflets_English_Lti-Maafushivaru.pdf,2020,,,2,1022,True,neoscapesmaldives.com,dmc-agency,https://www.neoscapesmaldives.com/wp-content/uploads/COVID-19-Leaflets_English_Lti-Maafushivaru.pdf,https://www.neoscapesmaldives.com/wp-content/uploads/COVID-19-Leaflets_English_Lti-Maafushivaru.pdf,5e27fcff97aae47f2a4cf2bed092c65ebace196f59971e948ad915322c8a03a3,library/119_outrigger-maldives-maafushivaru-resort/obsolete/2020_COVID-19-Leaflets_English_Lti-Maafushivaru.pdf,,obsolete,False,matched,2026-10-04,
120,Bandos Maldives,factsheet,2026_BM_Factsheet-2026.pdf,2026,,,4,12895,True,neoscapesmaldives.com,dmc-agency,https://www.neoscapesmaldives.com/wp-content/uploads/BM_Factsheet-2026.pdf,https://www.neoscapesmaldives.com/wp-content/uploads/BM_Factsheet-2026.pdf,44528f0319adc686f7a04604599154c8a547735e74ebdf41383ebdccc8b7e36c,library/120_bandos-maldives/factsheet/2026_BM_Factsheet-2026.pdf,,current,True,matched,2026-10-04,
120,Bandos Maldives,map,2024_BM-Resort-Map-2024.pdf,2024,,,1,556,True,neoscapesmaldives.com,dmc-agency,https://www.neoscapesmaldives.com/wp-content/uploads/BM-Resort-Map-2024.pdf,https://www.neoscapesmaldives.com/wp-content/uploads/BM-Resort-Map-2024.pdf,9694047c705c765914027aca25699a376d875cc6ab528697f0a5c37f30208a7f,library/120_bandos-maldives/map/2024_BM-Resort-Map-2024.pdf,,outdated,True,matched,2026-10-04,
121,Cocoa Island,factsheet,2019_COMO-Cocoa-Island-Fact-Sheet-2019.pdf,2019,,,10,5089,True,neoscapesmaldives.com,dmc-agency,https://neoscapesmaldives.com/wp-content/uploads/COMO-Cocoa-Island-Fact-Sheet-2019.pdf,https://neoscapesmaldives.com/wp-content/uploads/COMO-Cocoa-Island-Fact-Sheet-2019.pdf,2c67877cd86d950187c180900808a1504d7e6be3bcfcf1083c8513e72ffc3c85,library/121_cocoa-island/factsheet/2019_COMO-Cocoa-Island-Fact-Sheet-2019.pdf,,outdated,True,matched,2026-10-04,
121,Cocoa Island,map,2018_COMO-Cocoa-Island-Maldives-Resort-Map.pdf,2018,,,1,134,True,neoscapesmaldives.com,dmc-agency,https://neoscapesmaldives.com/wp-content/uploads/COMO-Cocoa-Island-Maldives-Resort-Map.pdf,https://neoscapesmaldives.com/wp-content/uploads/COMO-Cocoa-Island-Maldives-Resort-Map.pdf,99b6041af5882f81d4fd45687a989a511b8f0db01178d5f5095210e12dff70ec,library/121_cocoa-island/map/2018_COMO-Cocoa-Island-Maldives-Resort-Map.pdf,,outdated,True,matched,2026-10-04,
126,Centara Grand Island Resort & Spa Maldives,factsheet,2019_cirm-factsheet-en.pdf,2019,,,6,453,True,neoscapesmaldives.com,dmc-agency,https://neoscapesmaldives.com/wp-content/uploads/cirm-factsheet-en.pdf,https://neoscapesmaldives.com/wp-content/uploads/cirm-factsheet-en.pdf,1bc9b29d36afb15b1778e4997a3542482207825306dbb720f87c7628382b9680,library/126_centara-grand-island-resort-spa-maldives/factsheet/2019_cirm-factsheet-en.pdf,,outdated,True,matched,2026-10-04,
128,"One & Only Reethi Rah, Maldives",factsheet,2019_Factsheet-OneOnly-Reethi-Rah.pdf,2019,,,3,6952,True,neoscapesmaldives.com,dmc-agency,https://www.neoscapesmaldives.com/wp-content/uploads/Factsheet-OneOnly-Reethi-Rah.pdf,https://www.neoscapesmaldives.com/wp-content/uploads/Factsheet-OneOnly-Reethi-Rah.pdf,0b4afb6fc36ed9fd21cca022a79dc8c59dce466dd2e9cd1de5da34bc1cf77786,library/128_one-only-reethi-rah-maldives/factsheet/2019_Factsheet-OneOnly-Reethi-Rah.pdf,,outdated,True,matched,2026-10-04,
128,"One & Only Reethi Rah, Maldives",map,2017_Map-OneOnly-Resort.pdf,2017,,,1,2626,True,neoscapesmaldives.com,dmc-agency,https://www.neoscapesmaldives.com/wp-content/uploads/Map-OneOnly-Resort.pdf,https://www.neoscapesmaldives.com/wp-content/uploads/Map-OneOnly-Resort.pdf,e5db7b3cbc5d0384e5c2067ca75e7fcefd6406e63aa8e29368221273cdbfbf41,library/128_one-only-reethi-rah-maldives/map/2017_Map-OneOnly-Resort.pdf,,outdated,True,needs-review,2026-10-04,ambiguous match [128]
132,Noku Maldives,factsheet,2021_NM-Factsheet-July2021.pdf,2021,,,4,538,True,neoscapesmaldives.com,dmc-agency,https://www.neoscapesmaldives.com/wp-content/uploads/NM-Factsheet-July2021.pdf,https://www.neoscapesmaldives.com/wp-content/uploads/NM-Factsheet-July2021.pdf,250d4b6b10e846ecc11acfcb072ac3c0ede60c76ed492e35b4404e3312e6bbad,library/132_noku-maldives/factsheet/2021_NM-Factsheet-July2021.pdf,,outdated,True,matched,2026-10-04,
132,Noku Maldives,map,2020_Resort-Map-Noku-Maldives.pdf,2020,,,1,348,True,neoscapesmaldives.com,dmc-agency,https://www.neoscapesmaldives.com/wp-content/uploads/Resort-Map-Noku-Maldives.pdf,https://www.neoscapesmaldives.com/wp-content/uploads/Resort-Map-Noku-Maldives.pdf,5f11bfff7c843d202dff42469fd15e323e32a6ff5e5f26e587e6d575c885b019,library/132_noku-maldives/map/2020_Resort-Map-Noku-Maldives.pdf,,outdated,True,matched,2026-10-04,
133,Oblu By Atmosphere at Helengeli,map,2026_OBLU-Nature-Helengeli-by-Sentido-Island-Map-JULY-2026.pdf,2026,,,1,4799,True,neoscapesmaldives.com,dmc-agency,https://www.neoscapesmaldives.com/wp-content/uploads/OBLU-Nature-Helengeli-by-Sentido-Island-Map-JULY-2026.pdf,https://www.neoscapesmaldives.com/wp-content/uploads/OBLU-Nature-Helengeli-by-Sentido-Island-Map-JULY-2026.pdf,d0dde46a268dc2c6697dc95d309aec594b69dc84458e5372628d33222e1b7b02,library/133_oblu-by-atmosphere-at-helengeli/map/2026_OBLU-Nature-Helengeli-by-Sentido-Island-Map-JULY-2026.pdf,,current,True,matched,2026-10-04,
133,Oblu By Atmosphere at Helengeli,brochure,2026_OBLU-NATURE-Helengeli-by-SENTIDO-BROCHURE-JULY-2026-WEB.pdf,2026,,,12,6158,True,neoscapesmaldives.com,dmc-agency,https://www.neoscapesmaldives.com/wp-content/uploads/OBLU-NATURE-Helengeli-by-SENTIDO-BROCHURE-JULY-2026-WEB.pdf,https://www.neoscapesmaldives.com/wp-content/uploads/OBLU-NATURE-Helengeli-by-SENTIDO-BROCHURE-JULY-2026-WEB.pdf,5d5d1262bbccbf04cb263f8b854a4c32f486678aa7c04b8a8787380970810226,library/133_oblu-by-atmosphere-at-helengeli/brochure/2026_OBLU-NATURE-Helengeli-by-SENTIDO-BROCHURE-JULY-2026-WEB.pdf,,current,True,matched,2026-10-04,
134,"The St. Regis Vommuli Resort, Maldives",factsheet,2021_The-St.-Regis-Maldives-Fact-Sheet.pdf,2021,,,3,2307,True,neoscapesmaldives.com,dmc-agency,https://www.neoscapesmaldives.com/wp-content/uploads/The-St.-Regis-Maldives-Fact-Sheet.pdf,https://www.neoscapesmaldives.com/wp-content/uploads/The-St.-Regis-Maldives-Fact-Sheet.pdf,0b20681c3a4d77351fabd77b99562b0bcdd6a9498564e313bdc20b98a607f024,library/134_the-st-regis-vommuli-resort-maldives/factsheet/2021_The-St.-Regis-Maldives-Fact-Sheet.pdf,,outdated,True,matched,2026-10-04,
135,Diamonds Thudufushi Beach and Water Villas,factsheet,2019_Diamonds-Thudufushi-Fact-Sheet-2019.pdf,2019,,,5,1098,True,neoscapesmaldives.com,dmc-agency,https://neoscapesmaldives.com/wp-content/uploads/Diamonds-Thudufushi-Fact-Sheet-2019.pdf,https://neoscapesmaldives.com/wp-content/uploads/Diamonds-Thudufushi-Fact-Sheet-2019.pdf,76c73332e09ac95d16e212235433411252de54c87528923371e4265a16493a53,library/135_diamonds-thudufushi-beach-and-water-villas/factsheet/2019_Diamonds-Thudufushi-Fact-Sheet-2019.pdf,,outdated,True,matched,2026-10-04,
135,Diamonds Thudufushi Beach and Water Villas,map,2020_Diamonds-Thudufushi-Map.pdf,2020,,,1,127,False,neoscapesmaldives.com,dmc-agency,https://www.neoscapesmaldives.com/wp-content/uploads/Diamonds-Thudufushi-Map.pdf,https://www.neoscapesmaldives.com/wp-content/uploads/Diamonds-Thudufushi-Map.pdf,1886f544b9256a8bc8a9a42b26c3c86cc8256168cd3e20a6da1e278dcb87c57f,library/135_diamonds-thudufushi-beach-and-water-villas/map/2020_Diamonds-Thudufushi-Map.pdf,,outdated,True,matched,2026-10-04,
135,Diamonds Thudufushi Beach and Water Villas,dining_menu,2018_Diamonds-Resorts_Gentleman-Italia-Top-Hotels-Resorts_Nov-2018.pdf,2018,,,3,2305,True,planhotel.com,official,https://d1vp8nomjxwyf1.cloudfront.net/wp-content/uploads/sites/212/2017/07/21144133/Diamonds-Resorts_Gentleman-Italia-Top-Hotels-Resorts_Nov-2018.pdf,https://d1vp8nomjxwyf1.cloudfront.net/wp-content/uploads/sites/212/2017/07/21144133/Diamonds-Resorts_Gentleman-Italia-Top-Hotels-Resorts_Nov-2018.pdf,21b461beaa59c6df414dbb9bf811433df08382d394c864dfcedf011e0bd3ca71,library/135_diamonds-thudufushi-beach-and-water-villas/dining_menu/2018_Diamonds-Resorts_Gentleman-Italia-Top-Hotels-Resorts_Nov-2018.pdf,,outdated,False,needs-review,2026-10-04,"ambiguous match [135, 178]"
178,Diamonds Athuruga Beach & Water Villas,dining_menu,2018_Diamonds-Resorts_Gentleman-Italia-Top-Hotels-Resorts_Nov-2018.pdf,2018,,,3,2305,True,planhotel.com,official,https://d1vp8nomjxwyf1.cloudfront.net/wp-content/uploads/sites/212/2017/07/21144133/Diamonds-Resorts_Gentleman-Italia-Top-Hotels-Resorts_Nov-2018.pdf,https://d1vp8nomjxwyf1.cloudfront.net/wp-content/uploads/sites/212/2017/07/21144133/Diamonds-Resorts_Gentleman-Italia-Top-Hotels-Resorts_Nov-2018.pdf,21b461beaa59c6df414dbb9bf811433df08382d394c864dfcedf011e0bd3ca71,library/135_diamonds-thudufushi-beach-and-water-villas/dining_menu/2018_Diamonds-Resorts_Gentleman-Italia-Top-Hotels-Resorts_Nov-2018.pdf,,outdated,False,needs-review,2026-10-04,"ambiguous match [135, 178]"
135,Diamonds Thudufushi Beach and Water Villas,dive_prices,2019_WALLSTREETITALIA_DIAMONDSRESORTS.pdf,2019,,,3,4248,True,planhotel.com,official,https://d1vp8nomjxwyf1.cloudfront.net/wp-content/uploads/sites/110/2017/03/17111448/WALLSTREETITALIA_DIAMONDSRESORTS.pdf,https://d1vp8nomjxwyf1.cloudfront.net/wp-content/uploads/sites/110/2017/03/17111448/WALLSTREETITALIA_DIAMONDSRESORTS.pdf,3361e2575fd3f83484eacf50a985b2439a693042b8a30f6d470f0ac15182bbbb,library/135_diamonds-thudufushi-beach-and-water-villas/dive_prices/2019_WALLSTREETITALIA_DIAMONDSRESORTS.pdf,,outdated,True,matched,2026-10-04,
135,Diamonds Thudufushi Beach and Water Villas,dive_prices,2017_Society-Magazine-2017-Diamonds-Resorts-5-2.pdf,2017,,,4,1116,True,planhotel.com,official,https://d1vp8nomjxwyf1.cloudfront.net/wp-content/uploads/sites/110/2017/03/13084012/Society-Magazine-2017-Diamonds-Resorts-5-2.pdf,https://d1vp8nomjxwyf1.cloudfront.net/wp-content/uploads/sites/110/2017/03/13084012/Society-Magazine-2017-Diamonds-Resorts-5-2.pdf,d1bffc8ebc1311d14b4f08bd9e2e022e4f4bb6733b262117f8146da9969a04e3,library/135_diamonds-thudufushi-beach-and-water-villas/dive_prices/2017_Society-Magazine-2017-Diamonds-Resorts-5-2.pdf,,outdated,True,needs-review,2026-10-04,"ambiguous match [135, 178]"
178,Diamonds Athuruga Beach & Water Villas,dive_prices,2017_Society-Magazine-2017-Diamonds-Resorts-5-2.pdf,2017,,,4,1116,True,planhotel.com,official,https://d1vp8nomjxwyf1.cloudfront.net/wp-content/uploads/sites/110/2017/03/13084012/Society-Magazine-2017-Diamonds-Resorts-5-2.pdf,https://d1vp8nomjxwyf1.cloudfront.net/wp-content/uploads/sites/110/2017/03/13084012/Society-Magazine-2017-Diamonds-Resorts-5-2.pdf,d1bffc8ebc1311d14b4f08bd9e2e022e4f4bb6733b262117f8146da9969a04e3,library/135_diamonds-thudufushi-beach-and-water-villas/dive_prices/2017_Society-Magazine-2017-Diamonds-Resorts-5-2.pdf,,outdated,True,needs-review,2026-10-04,"ambiguous match [135, 178]"
135,Diamonds Thudufushi Beach and Water Villas,villa_plans,2019_VANITYFAIR.pdf,2019,,,4,1146,True,planhotel.com,official,https://d1vp8nomjxwyf1.cloudfront.net/wp-content/uploads/sites/110/2017/03/27134941/VANITYFAIR.pdf,https://d1vp8nomjxwyf1.cloudfront.net/wp-content/uploads/sites/110/2017/03/27134941/VANITYFAIR.pdf,3db8cb04cda2fd4221f3f723867c23e5f46b42e4afbe34b89983234a7781523e,library/135_diamonds-thudufushi-beach-and-water-villas/villa_plans/2019_VANITYFAIR.pdf,,outdated,True,needs-review,2026-10-04,"ambiguous match [135, 178]"
178,Diamonds Athuruga Beach & Water Villas,villa_plans,2019_VANITYFAIR.pdf,2019,,,4,1146,True,planhotel.com,official,https://d1vp8nomjxwyf1.cloudfront.net/wp-content/uploads/sites/110/2017/03/27134941/VANITYFAIR.pdf,https://d1vp8nomjxwyf1.cloudfront.net/wp-content/uploads/sites/110/2017/03/27134941/VANITYFAIR.pdf,3db8cb04cda2fd4221f3f723867c23e5f46b42e4afbe34b89983234a7781523e,library/135_diamonds-thudufushi-beach-and-water-villas/villa_plans/2019_VANITYFAIR.pdf,,outdated,True,needs-review,2026-10-04,"ambiguous match [135, 178]"
135,Diamonds Thudufushi Beach and Water Villas,villa_plans,2018_Excellence-Magazine.pdf,2018,,,7,615,True,planhotel.com,official,https://d1vp8nomjxwyf1.cloudfront.net/wp-content/uploads/sites/110/2017/03/07095823/Excellence-Magazine.pdf,https://d1vp8nomjxwyf1.cloudfront.net/wp-content/uploads/sites/110/2017/03/07095823/Excellence-Magazine.pdf | https://d1vp8nomjxwyf1.cloudfront.net/wp-content/uploads/sites/109/2017/03/07095342/Excellence-Magazine.pdf,b3fe21622d28d99e4606c2ea4929601fd780374abb4710aa054f5ca8fb9ff837,library/135_diamonds-thudufushi-beach-and-water-villas/villa_plans/2018_Excellence-Magazine.pdf,,outdated,False,needs-review,2026-10-04,"ambiguous match [135, 178]"
178,Diamonds Athuruga Beach & Water Villas,villa_plans,2018_Excellence-Magazine.pdf,2018,,,7,615,True,planhotel.com,official,https://d1vp8nomjxwyf1.cloudfront.net/wp-content/uploads/sites/110/2017/03/07095823/Excellence-Magazine.pdf,https://d1vp8nomjxwyf1.cloudfront.net/wp-content/uploads/sites/110/2017/03/07095823/Excellence-Magazine.pdf | https://d1vp8nomjxwyf1.cloudfront.net/wp-content/uploads/sites/109/2017/03/07095342/Excellence-Magazine.pdf,b3fe21622d28d99e4606c2ea4929601fd780374abb4710aa054f5ca8fb9ff837,library/135_diamonds-thudufushi-beach-and-water-villas/villa_plans/2018_Excellence-Magazine.pdf,,outdated,False,needs-review,2026-10-04,"ambiguous match [135, 178]"
135,Diamonds Thudufushi Beach and Water Villas,other,2019_Diamonds-Thudufushi.pdf,2019,,,13,6246,True,planhotel.com,official,https://d1vp8nomjxwyf1.cloudfront.net/wp-content/uploads/sites/212/2023/03/17095041/Diamonds-Thudufushi.pdf,https://d1vp8nomjxwyf1.cloudfront.net/wp-content/uploads/sites/212/2023/03/17095041/Diamonds-Thudufushi.pdf,b843867382b326348dcc03fd7e66a6f9b562a0fd8b05312007211a38c2d678c1,library/135_diamonds-thudufushi-beach-and-water-villas/other/2019_Diamonds-Thudufushi.pdf,,outdated,True,matched,2026-10-04,
136,Finolhu Baa Atoll Maldives,factsheet,2021_Finolhu-2021FactSheet_English-1.pdf,2021,,,5,2179,True,neoscapesmaldives.com,dmc-agency,https://www.neoscapesmaldives.com/wp-content/uploads/Finolhu-2021FactSheet_English-1.pdf,https://www.neoscapesmaldives.com/wp-content/uploads/Finolhu-2021FactSheet_English-1.pdf,9932bee26f4ecf0dc6f10e7f338456e138da75172e9b8690eb5733f226de0d74,library/136_finolhu-baa-atoll-maldives/factsheet/2021_Finolhu-2021FactSheet_English-1.pdf,,outdated,True,matched,2026-10-04,
136,Finolhu Baa Atoll Maldives,events,2025_D2MD-MICE-Brochure-2.pdf,2025,,,10,51530,True,neoscapesmaldives.com,dmc-agency,https://www.neoscapesmaldives.com/wp-content/uploads/D2MD-MICE-Brochure-2.pdf,https://www.neoscapesmaldives.com/wp-content/uploads/D2MD-MICE-Brochure-2.pdf,2323e90ccea92a222b1795398d8e00d37a74479a82d7a83c138cd865af0d73bf,library/136_finolhu-baa-atoll-maldives/events/2025_D2MD-MICE-Brochure-2.pdf,,current,True,matched,2026-10-04,
136,Finolhu Baa Atoll Maldives,map,2020_Island-Map-Portrait-Finolhu-Baa-Atoll.pdf,2020,,,1,3257,True,neoscapesmaldives.com,dmc-agency,https://www.neoscapesmaldives.com/wp-content/uploads/Island-Map-Portrait-Finolhu-Baa-Atoll.pdf,https://www.neoscapesmaldives.com/wp-content/uploads/Island-Map-Portrait-Finolhu-Baa-Atoll.pdf,45facad5532e2432c5e83b0277526c79f8dd5be694e802e572c36b359ebea0e1,library/136_finolhu-baa-atoll-maldives/map/2020_Island-Map-Portrait-Finolhu-Baa-Atoll.pdf,,outdated,True,matched,2026-10-04,
138,Varu Island Resort,map,2019_Map-VARU-by-Atmosphere.pdf,2019,,,1,4996,True,neoscapesmaldives.com,dmc-agency,https://www.neoscapesmaldives.com/wp-content/uploads/Map-VARU-by-Atmosphere.pdf,https://www.neoscapesmaldives.com/wp-content/uploads/Map-VARU-by-Atmosphere.pdf,9e32ec68b7389057754b97a809918151e202d723a72d09f8f31ab123fe8d8f6d,library/138_varu-island-resort/map/2019_Map-VARU-by-Atmosphere.pdf,,outdated,True,matched,2026-10-04,
138,Varu Island Resort,brochure,2019_VARU-BY-ATMOSPHERE-FLYER-DEC2019.pdf,2019,,,4,3392,True,neoscapesmaldives.com,dmc-agency,https://www.neoscapesmaldives.com/wp-content/uploads/VARU-BY-ATMOSPHERE-FLYER-DEC2019.pdf,https://www.neoscapesmaldives.com/wp-content/uploads/VARU-BY-ATMOSPHERE-FLYER-DEC2019.pdf,c37271744af63915c408a908faed6afa085db1a533b9d808dee9529518d44b10,library/138_varu-island-resort/brochure/2019_VARU-BY-ATMOSPHERE-FLYER-DEC2019.pdf,,outdated,True,matched,2026-10-04,
139,Kudafushi Resort & Spa,factsheet,2019_KUDAFUSHI_FACTSHEET.pdf,2019,,,11,4332,True,neoscapesmaldives.com,dmc-agency,https://www.neoscapesmaldives.com/wp-content/uploads/KUDAFUSHI_FACTSHEET.pdf,https://www.neoscapesmaldives.com/wp-content/uploads/KUDAFUSHI_FACTSHEET.pdf,5ba1a050a7371fc86448c5566878e52b87ab1d2854f772ae42a662d44fd14de5,library/139_kudafushi-resort-spa/factsheet/2019_KUDAFUSHI_FACTSHEET.pdf,,outdated,True,matched,2026-10-04,
139,Kudafushi Resort & Spa,map,2019_KUDAFUSHI_MAP.pdf,2019,,,1,253,False,neoscapesmaldives.com,dmc-agency,https://www.neoscapesmaldives.com/wp-content/uploads/KUDAFUSHI_MAP.pdf,https://www.neoscapesmaldives.com/wp-content/uploads/KUDAFUSHI_MAP.pdf,aa3a08a224f7e3d7a2b582537a5e3d568a597c78a92c9e064f5252f7c1216102,library/139_kudafushi-resort-spa/map/2019_KUDAFUSHI_MAP.pdf,,outdated,True,matched,2026-10-04,
140,The Standard Huruvalhi Maldives,factsheet,2025_STMV_Factsheet__Eng-.pdf,2025,,,4,5012,True,neoscapesmaldives.com,dmc-agency,https://www.neoscapesmaldives.com/wp-content/uploads/STMV_Factsheet__Eng-.pdf,https://www.neoscapesmaldives.com/wp-content/uploads/STMV_Factsheet__Eng-.pdf,d6d895f93831c7caf321f37a9a84e6d7a3b8f103ad9f344e60cc5f4817fa912b,library/140_the-standard-huruvalhi-maldives/factsheet/2025_STMV_Factsheet__Eng-.pdf,,current,True,matched,2026-10-04,
140,The Standard Huruvalhi Maldives,map,2024_The-Standard-Huruvalhi-Maldives-RESORT-MAP.pdf,2024,,,1,1018,True,neoscapesmaldives.com,dmc-agency,https://www.neoscapesmaldives.com/wp-content/uploads/The-Standard-Huruvalhi-Maldives-RESORT-MAP.pdf,https://www.neoscapesmaldives.com/wp-content/uploads/The-Standard-Huruvalhi-Maldives-RESORT-MAP.pdf,76c1547c30de786b5381bafe71305276969fb4d01842790f19a4c4841561043a,library/140_the-standard-huruvalhi-maldives/map/2024_The-Standard-Huruvalhi-Maldives-RESORT-MAP.pdf,,outdated,True,matched,2026-10-04,
141,Soneva Fushi Resort,factsheet,2019_11747_Soneva-Fushi-Factsheet-2019.pdf,2019,,,8,1674,True,neoscapesmaldives.com,dmc-agency,https://neoscapesmaldives.com/wp-content/uploads/11747_Soneva-Fushi-Factsheet-2019.pdf,https://neoscapesmaldives.com/wp-content/uploads/11747_Soneva-Fushi-Factsheet-2019.pdf,5d53418e9dbde7fd635170172c87756b210913553477d6a0b08c34561990255a,library/141_soneva-fushi-resort/factsheet/2019_11747_Soneva-Fushi-Factsheet-2019.pdf,,outdated,True,needs-review,2026-10-04,"ambiguous match [141, 143]"
143,Soneva Jani,factsheet,2019_11747_Soneva-Fushi-Factsheet-2019.pdf,2019,,,8,1674,True,neoscapesmaldives.com,dmc-agency,https://neoscapesmaldives.com/wp-content/uploads/11747_Soneva-Fushi-Factsheet-2019.pdf,https://neoscapesmaldives.com/wp-content/uploads/11747_Soneva-Fushi-Factsheet-2019.pdf,5d53418e9dbde7fd635170172c87756b210913553477d6a0b08c34561990255a,library/141_soneva-fushi-resort/factsheet/2019_11747_Soneva-Fushi-Factsheet-2019.pdf,,outdated,True,needs-review,2026-10-04,"ambiguous match [141, 143]"
141,Soneva Fushi Resort,map,2019_11654_Soneva-Fushi-Resort-Features-Map.pdf,2019,,,1,2811,True,neoscapesmaldives.com,dmc-agency,https://neoscapesmaldives.com/wp-content/uploads/11654_Soneva-Fushi-Resort-Features-Map.pdf,https://neoscapesmaldives.com/wp-content/uploads/11654_Soneva-Fushi-Resort-Features-Map.pdf,8da7073bfa99c060152d2736d9cdc06eaf10c6904ea70c04db18c5ab060d716a,library/141_soneva-fushi-resort/map/2019_11654_Soneva-Fushi-Resort-Features-Map.pdf,,outdated,True,matched,2026-10-04,
142,Safari Island,dive_prices,2018_DREAMLAND-Diving-FAQs-English.pdf,2018,,,2,188,True,dreamland.com.mv,official,https://dreamland.com.mv/wp-content/uploads/2024/08/DREAMLAND-Diving-FAQs-English.pdf,https://dreamland.com.mv/wp-content/uploads/2024/08/DREAMLAND-Diving-FAQs-English.pdf | https://dreamland.com.mv/wp-content/uploads/2023/08/DREAMLAND-Diving-FAQs-English.pdf,4955258ce769ef96955c21001cd99712ad0585db81389e6f13d51382e4fd2d0b,library/142_safari-island/dive_prices/2018_DREAMLAND-Diving-FAQs-English.pdf,,outdated,True,needs-review,2026-10-04,"ambiguous match [142, 10]"
10,Dreamland - The Unique Sea & Lake Resort/Spa,dive_prices,2018_DREAMLAND-Diving-FAQs-English.pdf,2018,,,2,188,True,dreamland.com.mv,official,https://dreamland.com.mv/wp-content/uploads/2024/08/DREAMLAND-Diving-FAQs-English.pdf,https://dreamland.com.mv/wp-content/uploads/2024/08/DREAMLAND-Diving-FAQs-English.pdf | https://dreamland.com.mv/wp-content/uploads/2023/08/DREAMLAND-Diving-FAQs-English.pdf,4955258ce769ef96955c21001cd99712ad0585db81389e6f13d51382e4fd2d0b,library/142_safari-island/dive_prices/2018_DREAMLAND-Diving-FAQs-English.pdf,,outdated,True,needs-review,2026-10-04,"ambiguous match [142, 10]"
143,Soneva Jani,factsheet,2019_12291_Soneva-Jani-Resort-Factesheet-NEO.pdf,2019,,,7,2829,True,neoscapesmaldives.com,dmc-agency,https://www.neoscapesmaldives.com/wp-content/uploads/12291_Soneva-Jani-Resort-Factesheet-NEO.pdf,https://www.neoscapesmaldives.com/wp-content/uploads/12291_Soneva-Jani-Resort-Factesheet-NEO.pdf,84cace796d3df921a612ed1b10bc0383d461b3571a85d7d6a727fdf3a7c22fd3,library/143_soneva-jani/factsheet/2019_12291_Soneva-Jani-Resort-Factesheet-NEO.pdf,,outdated,False,matched,2026-10-04,
143,Soneva Jani,map,2019_12096_Soneva-Jani-Resort-Map-1.pdf,2019,,,1,292,True,neoscapesmaldives.com,dmc-agency,https://www.neoscapesmaldives.com/wp-content/uploads/12096_Soneva-Jani-Resort-Map-1.pdf,https://www.neoscapesmaldives.com/wp-content/uploads/12096_Soneva-Jani-Resort-Map-1.pdf,229239703f8996ad0554a9df5201f8f69ea4e5364b81cac55f770eb3fb815fc0,library/143_soneva-jani/map/2019_12096_Soneva-Jani-Resort-Map-1.pdf,,outdated,True,matched,2026-10-04,
145,Anantara Resort and Spa Maldives,factsheet,2023_Anantara_Dhigu_Maldives_Factsheet_January_2023.pdf,2023,,,12,2618,True,neoscapesmaldives.com,dmc-agency,https://www.neoscapesmaldives.com/wp-content/uploads/Anantara_Dhigu_Maldives_Factsheet_January_2023.pdf,https://www.neoscapesmaldives.com/wp-content/uploads/Anantara_Dhigu_Maldives_Factsheet_January_2023.pdf,517249b58dd75812e0e056bf0102ead43622f07fecfd45897d17c3d8dc4e118d,library/145_anantara-resort-and-spa-maldives/factsheet/2023_Anantara_Dhigu_Maldives_Factsheet_January_2023.pdf,,outdated,True,matched,2026-10-04,
145,Anantara Resort and Spa Maldives,map,2021_Anantara_Dhigu_Maldives_Island_Map_December_2021.pdf,2021,,,1,2400,True,neoscapesmaldives.com,dmc-agency,https://www.neoscapesmaldives.com/wp-content/uploads/Anantara_Dhigu_Maldives_Island_Map_December_2021.pdf,https://www.neoscapesmaldives.com/wp-content/uploads/Anantara_Dhigu_Maldives_Island_Map_December_2021.pdf,d3a4041ba26236e0b12371a6253274b830f937115573c64be98c7e8009dbb45c,library/145_anantara-resort-and-spa-maldives/map/2021_Anantara_Dhigu_Maldives_Island_Map_December_2021.pdf,,outdated,True,matched,2026-10-04,
146,Anantara Veli and Naladhu,factsheet,2023_Anantara_Veli_Maldives_Factsheet_January_2023.pdf,2023,,,12,2723,True,neoscapesmaldives.com,dmc-agency,https://www.neoscapesmaldives.com/wp-content/uploads/Anantara_Veli_Maldives_Factsheet_January_2023.pdf,https://www.neoscapesmaldives.com/wp-content/uploads/Anantara_Veli_Maldives_Factsheet_January_2023.pdf,612aa3fe2e0168c9a115ef485a3cd0938bacf1afe20f251ae8c7123a235826cd,library/146_anantara-veli-and-naladhu/factsheet/2023_Anantara_Veli_Maldives_Factsheet_January_2023.pdf,,outdated,True,matched,2026-10-04,
146,Anantara Veli and Naladhu,map,2023_Anantara_Veli_Maldives_Siteplan_January_2023.pdf,2023,,,1,872,True,neoscapesmaldives.com,dmc-agency,https://www.neoscapesmaldives.com/wp-content/uploads/Anantara_Veli_Maldives_Siteplan_January_2023.pdf,https://www.neoscapesmaldives.com/wp-content/uploads/Anantara_Veli_Maldives_Siteplan_January_2023.pdf,f04d4fab6af6b6810d8564b87544b7fef5026fd01bedcb2ad95f7e04cfec3fb3,library/146_anantara-veli-and-naladhu/map/2023_Anantara_Veli_Maldives_Siteplan_January_2023.pdf,,outdated,True,matched,2026-10-04,
147,Sun Siyam Vilu Reef Maldives,factsheet,2019_Fact-Sheet-2019.pdf,2019,,,6,3000,True,neoscapesmaldives.com,dmc-agency,https://www.neoscapesmaldives.com/wp-content/uploads/Fact-Sheet-2019.pdf,https://www.neoscapesmaldives.com/wp-content/uploads/Fact-Sheet-2019.pdf,2aca940ba91a9e21b72841aa510d4a2283b4caf422e30ee46954b6a9a1c24322,library/147_sun-siyam-vilu-reef-maldives/factsheet/2019_Fact-Sheet-2019.pdf,,outdated,True,matched,2026-10-04,
147,Sun Siyam Vilu Reef Maldives,map,2019_MAP.pdf,2019,,,1,4228,False,neoscapesmaldives.com,dmc-agency,https://www.neoscapesmaldives.com/wp-content/uploads/MAP.pdf,https://www.neoscapesmaldives.com/wp-content/uploads/MAP.pdf,e888e4e5991eddac91c1b4bc69d2d17edfaf950952dbaf6a43b10d9d10a07d92,library/147_sun-siyam-vilu-reef-maldives/map/2019_MAP.pdf,,outdated,True,needs-review,2026-10-04,ambiguous match [147]
148,Sun Siyam Iru Fushi Maldives,factsheet,2019_TSSI-Factsheet.pdf,2019,,,8,3258,True,neoscapesmaldives.com,dmc-agency,https://www.neoscapesmaldives.com/wp-content/uploads/TSSI-Factsheet.pdf,https://www.neoscapesmaldives.com/wp-content/uploads/TSSI-Factsheet.pdf,68fdbde2d08d5c31fabd0334f45ed3fa375f9b02bfdd1177348393a19b5be867,library/148_sun-siyam-iru-fushi-maldives/factsheet/2019_TSSI-Factsheet.pdf,,outdated,True,matched,2026-10-04,
148,Sun Siyam Iru Fushi Maldives,map,2019_TSSI-Island-Map.pdf,2019,,,1,1828,True,neoscapesmaldives.com,dmc-agency,https://www.neoscapesmaldives.com/wp-content/uploads/TSSI-Island-Map.pdf,https://www.neoscapesmaldives.com/wp-content/uploads/TSSI-Island-Map.pdf,6f5e4f25df19555ccfee60449a2c564a5d791ad64882b7c843eddd072014c80c,library/148_sun-siyam-iru-fushi-maldives/map/2019_TSSI-Island-Map.pdf,,outdated,True,matched,2026-10-04,
148,Sun Siyam Iru Fushi Maldives,other,2015_Proce_dure-de-re_servation.pdf,2015,,,2,689,True,planhotel.com,official,https://d1vp8nomjxwyf1.cloudfront.net/wp-content/uploads/sites/212/2017/08/08083505/Proce%CC%81dure-de-re%CC%81servation.pdf,https://d1vp8nomjxwyf1.cloudfront.net/wp-content/uploads/sites/212/2017/08/08083505/Proce%CC%81dure-de-re%CC%81servation.pdf,084855f3650af2b902fd46a79375910ad721a3ca7fe505204a88c9a71b986100,library/148_sun-siyam-iru-fushi-maldives/other/2015_Proce_dure-de-re_servation.pdf,,outdated,True,matched,2026-10-04,
150,Coco Bodu Hithi,factsheet,2020_02.-Coco-Bodu-Hithi-Factsheet.pdf,2020,,,9,1706,True,neoscapesmaldives.com,dmc-agency,https://www.neoscapesmaldives.com/wp-content/uploads/02.-Coco-Bodu-Hithi-Factsheet.pdf,https://www.neoscapesmaldives.com/wp-content/uploads/02.-Coco-Bodu-Hithi-Factsheet.pdf,191aa17012bc07d1117d94febd7ef68ced0e690ee9ee584a4d37cdb060e22c89,library/150_coco-bodu-hithi/factsheet/2020_02.-Coco-Bodu-Hithi-Factsheet.pdf,,outdated,True,matched,2026-10-04,
150,Coco Bodu Hithi,map,2025_03.-Coco-Bodu-Hithi-Map.pdf,2025,,,1,1662,True,neoscapesmaldives.com,dmc-agency,https://www.neoscapesmaldives.com/wp-content/uploads/03.-Coco-Bodu-Hithi-Map.pdf,https://www.neoscapesmaldives.com/wp-content/uploads/03.-Coco-Bodu-Hithi-Map.pdf,27143fd20a3a8e5ac36b6521edaf522725b9883a6b794e38577485600e5dc87b,library/150_coco-bodu-hithi/map/2025_03.-Coco-Bodu-Hithi-Map.pdf,,current,True,matched,2026-10-04,
153,Taj Coral Reef Resort and Spa,factsheet,2021_FactSheet-Taj-Coral-Reef-Maldives-NEO.pdf,2021,,,7,2675,False,neoscapesmaldives.com,dmc-agency,https://www.neoscapesmaldives.com/wp-content/uploads/FactSheet-Taj-Coral-Reef-Maldives-NEO.pdf,https://www.neoscapesmaldives.com/wp-content/uploads/FactSheet-Taj-Coral-Reef-Maldives-NEO.pdf,b6a72fa0bec576dd8feaf3f1e9e59ccfd62315858c0325c3a679a3f9bf1457b6,library/153_taj-coral-reef-resort-and-spa/factsheet/2021_FactSheet-Taj-Coral-Reef-Maldives-NEO.pdf,,outdated,True,matched,2026-10-04,
153,Taj Coral Reef Resort and Spa,map,2021_Resort-Map-Taj-Coral-Reef-Resort-and-Spa-Maldives.pdf,2021,,,1,390,False,neoscapesmaldives.com,dmc-agency,https://www.neoscapesmaldives.com/wp-content/uploads/Resort-Map-Taj-Coral-Reef-Resort-and-Spa-Maldives.pdf,https://www.neoscapesmaldives.com/wp-content/uploads/Resort-Map-Taj-Coral-Reef-Resort-and-Spa-Maldives.pdf,0d24980534e7851b96e1c6ab9802e8218af3a746778a2e75c5d91e6837bf9083,library/153_taj-coral-reef-resort-and-spa/map/2021_Resort-Map-Taj-Coral-Reef-Resort-and-Spa-Maldives.pdf,,outdated,True,matched,2026-10-04,
154,Taj Exotica Resort & Spa Maldives,factsheet,2021_Factsheet-Taj-Exotica-Resort-Spa-_Maldives-NEO.pdf,2021,,,7,1961,False,neoscapesmaldives.com,dmc-agency,https://www.neoscapesmaldives.com/wp-content/uploads/Factsheet-Taj-Exotica-Resort-Spa-_Maldives-NEO.pdf,https://www.neoscapesmaldives.com/wp-content/uploads/Factsheet-Taj-Exotica-Resort-Spa-_Maldives-NEO.pdf,61d840d9f7314e92a97615697f4b448248ca640e0af235058671d1ded9406c5b,library/154_taj-exotica-resort-spa-maldives/factsheet/2021_Factsheet-Taj-Exotica-Resort-Spa-_Maldives-NEO.pdf,,outdated,True,matched,2026-10-04,
154,Taj Exotica Resort & Spa Maldives,map,2021_Taj-Exotica-Resort-Spa-Map.pdf,2021,,,1,309,False,neoscapesmaldives.com,dmc-agency,https://www.neoscapesmaldives.com/wp-content/uploads/Taj-Exotica-Resort-Spa-Map.pdf,https://www.neoscapesmaldives.com/wp-content/uploads/Taj-Exotica-Resort-Spa-Map.pdf,99ee16c340dbfa6d663e957bcd6a10ac04d69a9aeb23a4fe5f58ea0c190f5fe7,library/154_taj-exotica-resort-spa-maldives/map/2021_Taj-Exotica-Resort-Spa-Map.pdf,,outdated,True,matched,2026-10-04,
155,Constance Halaveli Resort,factsheet,2023_halaveli-factsheet-en-24april2023.pdf,2023,,,12,2941,True,neoscapesmaldives.com,dmc-agency,https://www.neoscapesmaldives.com/wp-content/uploads/halaveli-factsheet-en-24april2023.pdf,https://www.neoscapesmaldives.com/wp-content/uploads/halaveli-factsheet-en-24april2023.pdf,a1c865b185d2a4b57b33ac0d4f10de89d20eff2f930d77fbcce123a885188ea7,library/155_constance-halaveli-resort/factsheet/2023_halaveli-factsheet-en-24april2023.pdf,,outdated,True,matched,2026-10-04,
155,Constance Halaveli Resort,map,2019_constance-halaveli-location-map.pdf,2019,,,1,59,False,neoscapesmaldives.com,dmc-agency,https://www.neoscapesmaldives.com/wp-content/uploads/constance-halaveli-location-map.pdf,https://www.neoscapesmaldives.com/wp-content/uploads/constance-halaveli-location-map.pdf,9bb148c31e995e4d38846624cd6d80b62a38eef654643a29658e19b0efd5e297,library/155_constance-halaveli-resort/map/2019_constance-halaveli-location-map.pdf,,outdated,True,matched,2026-10-04,
158,"Patina Maldives, Fari Islands",factsheet,2025_PAM_FACTSHEET_2025.pdf,2025,,,2,1131,True,neoscapesmaldives.com,dmc-agency,https://www.neoscapesmaldives.com/wp-content/uploads/PAM_FACTSHEET_2025.pdf,https://www.neoscapesmaldives.com/wp-content/uploads/PAM_FACTSHEET_2025.pdf,a062c799005cfe80776baa56e390c74f64a80983dd3c9dc661f96073e6057aeb,library/158_patina-maldives-fari-islands/factsheet/2025_PAM_FACTSHEET_2025.pdf,,current,True,matched,2026-10-04,
158,"Patina Maldives, Fari Islands",map,2021_Patina-Maldives-Fari-Islands_-Resort_Map.pdf,2021,,,1,1472,False,neoscapesmaldives.com,dmc-agency,https://www.neoscapesmaldives.com/wp-content/uploads/Patina-Maldives-Fari-Islands_-Resort_Map.pdf,https://www.neoscapesmaldives.com/wp-content/uploads/Patina-Maldives-Fari-Islands_-Resort_Map.pdf,6df387c12704fcfcf5734c6e26dce40519aa52ce063ddd42a3229504e39cb4ba,library/158_patina-maldives-fari-islands/map/2021_Patina-Maldives-Fari-Islands_-Resort_Map.pdf,,outdated,True,matched,2026-10-04,
159,Cinnamon Dhonveli Maldives,factsheet,2023_Fact-sheet-Dhonveli.pdf,2023,,,9,6526,True,neoscapesmaldives.com,dmc-agency,https://www.neoscapesmaldives.com/wp-content/uploads/Fact-sheet-Dhonveli.pdf,https://www.neoscapesmaldives.com/wp-content/uploads/Fact-sheet-Dhonveli.pdf,ad81e04892dd1c982557189db18d42b78d69ced7b733f574d77063055b890be5,library/159_cinnamon-dhonveli-maldives/factsheet/2023_Fact-sheet-Dhonveli.pdf,,outdated,True,matched,2026-10-04,
159,Cinnamon Dhonveli Maldives,map,2025_Resort-Map_English.pdf,2025,,,1,680,False,neoscapesmaldives.com,dmc-agency,https://www.neoscapesmaldives.com/wp-content/uploads/Resort-Map_English.pdf,https://www.neoscapesmaldives.com/wp-content/uploads/Resort-Map_English.pdf,3438a6f4d446f465c0e74ac436e585ab079790bff7265aefec03c9c43506e416,library/159_cinnamon-dhonveli-maldives/map/2025_Resort-Map_English.pdf,,current,True,needs-review,2026-10-04,ambiguous match [159]
160,Cinnamon Velifushi Maldives,factsheet,2023_Fact-sheet-Velifushi.pdf,2023,,,9,4253,True,neoscapesmaldives.com,dmc-agency,https://www.neoscapesmaldives.com/wp-content/uploads/Fact-sheet-Velifushi.pdf,https://www.neoscapesmaldives.com/wp-content/uploads/Fact-sheet-Velifushi.pdf,11eb0b8a2629b413371f35dedd359d0ad669e83b5dfa691619e70f88905e3388,library/160_cinnamon-velifushi-maldives/factsheet/2023_Fact-sheet-Velifushi.pdf,,outdated,True,matched,2026-10-04,
160,Cinnamon Velifushi Maldives,map,2025_English_Hotel-Map_.Velifushi.pdf,2025,,,1,2393,False,neoscapesmaldives.com,dmc-agency,https://www.neoscapesmaldives.com/wp-content/uploads/English_Hotel-Map_.Velifushi.pdf,https://www.neoscapesmaldives.com/wp-content/uploads/English_Hotel-Map_.Velifushi.pdf,e606031ce3f0b7e0914a39c517cf43661bb97ba3190b60529413868aab45cb43,library/160_cinnamon-velifushi-maldives/map/2025_English_Hotel-Map_.Velifushi.pdf,,current,True,matched,2026-10-04,
162,The Marina at Crossroads Maldives,map,2023_Hard-Rock-Hotel-Resort-Map-2023.pdf,2023,,,1,4950,True,neoscapesmaldives.com,dmc-agency,https://www.neoscapesmaldives.com/wp-content/uploads/Hard-Rock-Hotel-Resort-Map-2023.pdf,https://www.neoscapesmaldives.com/wp-content/uploads/Hard-Rock-Hotel-Resort-Map-2023.pdf,61ddb7b5a8c09338981be92f4512ee7f957c22b6727095a9a680452fe6d5441f,library/162_the-marina-at-crossroads-maldives/map/2023_Hard-Rock-Hotel-Resort-Map-2023.pdf,,outdated,True,matched,2026-10-04,
163,Adaaran Prestige Vadoo,factsheet,2023_Fact-Sheet-Adaara-Prestige-Vadoo.pdf,2023,,,5,1517,True,neoscapesmaldives.com,dmc-agency,https://www.neoscapesmaldives.com/wp-content/uploads/Fact-Sheet-Adaara-Prestige-Vadoo.pdf,https://www.neoscapesmaldives.com/wp-content/uploads/Fact-Sheet-Adaara-Prestige-Vadoo.pdf,b01f2b07821b4c316c0bbd7d9f36bc17c88477bcdcc1020a9ecc9bfcef53fa1e,library/163_adaaran-prestige-vadoo/factsheet/2023_Fact-Sheet-Adaara-Prestige-Vadoo.pdf,,outdated,True,matched,2026-10-04,
163,Adaaran Prestige Vadoo,map,2023_Resort-Map-Adaara-Prestige-Vadoo.pdf,2023,,,1,2012,False,neoscapesmaldives.com,dmc-agency,https://www.neoscapesmaldives.com/wp-content/uploads/Resort-Map-Adaara-Prestige-Vadoo.pdf,https://www.neoscapesmaldives.com/wp-content/uploads/Resort-Map-Adaara-Prestige-Vadoo.pdf,dc6798236195c4bd885bf35481d88b4cbf1c2c27d312d7b00fe6f0e99b81d77d,library/163_adaaran-prestige-vadoo/map/2023_Resort-Map-Adaara-Prestige-Vadoo.pdf,,outdated,True,matched,2026-10-04,
163,Adaaran Prestige Vadoo,sustainability,2025_Sustainabilty-Report-APV-2025-26_compressed.pdf,2025,,,21,2057,True,adaaran.com,official,https://adaaran.eme-devops.com/2026/05/Sustainabilty-Report-APV-2025-26_compressed.pdf,https://adaaran.eme-devops.com/2026/05/Sustainabilty-Report-APV-2025-26_compressed.pdf,d3bfd9878e80ae4c8ee5ae57401863aaac2bd4d35ad3f45d5f799928d5fbbf3b,library/163_adaaran-prestige-vadoo/sustainability/2025_Sustainabilty-Report-APV-2025-26_compressed.pdf,,current,True,matched,2026-10-04,
163,Adaaran Prestige Vadoo,sustainability,2024_Adaaran-Prestige-Vadoo-_-Sustainability-Report-20242025.pdf,2024,,,19,2980,True,adaaran.com,official,https://adaaran.eme-devops.com/2025/08/Adaaran-Prestige-Vadoo-%E2%80%93-Sustainability-Report-20242025.pdf,https://adaaran.eme-devops.com/2025/08/Adaaran-Prestige-Vadoo-%E2%80%93-Sustainability-Report-20242025.pdf,42f2348038408ebed202c6e362ade2125747d3ecdcf48c91078b0204b7e8a473,library/163_adaaran-prestige-vadoo/sustainability/2024_Adaaran-Prestige-Vadoo-_-Sustainability-Report-20242025.pdf,,outdated,False,matched,2026-10-04,
163,Adaaran Prestige Vadoo,sustainability,2023_Adaaran-Prestige-Vadoo-Sustainability-Report-2023-24.pdf,2023,,,16,2292,True,adaaran.com,official,https://adaaran.eme-devops.com/2025/08/Adaaran-Prestige-Vadoo-Sustainability-Report-2023-24.pdf,https://adaaran.eme-devops.com/2025/08/Adaaran-Prestige-Vadoo-Sustainability-Report-2023-24.pdf,1a3591724065ff4b8b83d8e6e234e3c5eae21855cc060991d4abd3d9a548af8b,library/163_adaaran-prestige-vadoo/sustainability/2023_Adaaran-Prestige-Vadoo-Sustainability-Report-2023-24.pdf,,outdated,False,matched,2026-10-04,
163,Adaaran Prestige Vadoo,sustainability,2022_Adaaran-Prestige-Vadoo-Sustainability-Report-2022-23.pdf,2022,,,16,4062,True,adaaran.com,official,https://adaaran.eme-devops.com/2025/08/Adaaran-Prestige-Vadoo-Sustainability-Report-2022-23.pdf,https://adaaran.eme-devops.com/2025/08/Adaaran-Prestige-Vadoo-Sustainability-Report-2022-23.pdf,ca950cf98e698ec2e180670be0a31e71be3545a650f89489ea14962ca7fd0f98,library/163_adaaran-prestige-vadoo/sustainability/2022_Adaaran-Prestige-Vadoo-Sustainability-Report-2022-23.pdf,,outdated,False,matched,2026-10-04,
163,Adaaran Prestige Vadoo,sustainability,2021_Adaaran-Prestige-Vadoo-Sustainability-Report-2021-22.pdf,2021,,,18,4923,True,adaaran.com,official,https://adaaran.eme-devops.com/2025/08/Adaaran-Prestige-Vadoo-Sustainability-Report-2021-22.pdf,https://adaaran.eme-devops.com/2025/08/Adaaran-Prestige-Vadoo-Sustainability-Report-2021-22.pdf,9936a7b21e8bd9fcf264a8e22b6a0b2e2c949f82c2fa7e68ac3669e92771ffae,library/163_adaaran-prestige-vadoo/sustainability/2021_Adaaran-Prestige-Vadoo-Sustainability-Report-2021-22.pdf,,outdated,False,matched,2026-10-04,
163,Adaaran Prestige Vadoo,sustainability,2019_Adaaran-Prestige-Vadoo-Sustainability-Report-2019-20-21.pdf,2019,,,16,3724,False,adaaran.com,official,https://adaaran.eme-devops.com/2025/08/Adaaran-Prestige-Vadoo-Sustainability-Report-2019-20-21.pdf,https://adaaran.eme-devops.com/2025/08/Adaaran-Prestige-Vadoo-Sustainability-Report-2019-20-21.pdf,592507131e46d8412ae8194301ceb311e91ff1006ad1d80cc9ded64a9a113cce,library/163_adaaran-prestige-vadoo/sustainability/2019_Adaaran-Prestige-Vadoo-Sustainability-Report-2019-20-21.pdf,,outdated,False,matched,2026-10-04,
164,Baros Maldives,factsheet,2022_Factsheet-Baros-Maldives.pdf,2022,,,8,1757,True,neoscapesmaldives.com,dmc-agency,https://www.neoscapesmaldives.com/wp-content/uploads/Factsheet-Baros-Maldives.pdf,https://www.neoscapesmaldives.com/wp-content/uploads/Factsheet-Baros-Maldives.pdf,edb0616684f53c50c3a2ea0b72a1651aaf12e0047b97609807ef40e8faeaf82d,library/164_baros-maldives/factsheet/2022_Factsheet-Baros-Maldives.pdf,,outdated,True,matched,2026-10-04,
164,Baros Maldives,map,2022_Resort-Map-Baros-Maldives.pdf,2022,,,1,127,False,neoscapesmaldives.com,dmc-agency,https://www.neoscapesmaldives.com/wp-content/uploads/Resort-Map-Baros-Maldives.pdf,https://www.neoscapesmaldives.com/wp-content/uploads/Resort-Map-Baros-Maldives.pdf,9be45d273b3f1b76847b108a463a995384009a63eff1951c3b963d9b4c7108a8,library/164_baros-maldives/map/2022_Resort-Map-Baros-Maldives.pdf,,outdated,True,matched,2026-10-04,
165,Velassaru Maldives,factsheet,2020_velasaru_resort_factsheet_rdc.pdf,2020,,,6,2193,True,neoscapesmaldives.com,dmc-agency,https://www.neoscapesmaldives.com/wp-content/uploads/velasaru_resort_factsheet_rdc.pdf,https://www.neoscapesmaldives.com/wp-content/uploads/velasaru_resort_factsheet_rdc.pdf,8c947b6e3b36b70b092fc63906fca51ddeb8c2d2b10d91b6d9665b4e5d5a140d,library/165_velassaru-maldives/factsheet/2020_velasaru_resort_factsheet_rdc.pdf,,outdated,True,matched,2026-10-04,
165,Velassaru Maldives,dive_map,2019_Velassaru_Resort__Snorkeling_Map.pdf,2019,,,1,490,True,neoscapesmaldives.com,dmc-agency,https://www.neoscapesmaldives.com/wp-content/uploads/Velassaru_Resort__Snorkeling_Map.pdf,https://www.neoscapesmaldives.com/wp-content/uploads/Velassaru_Resort__Snorkeling_Map.pdf,b405f99de864afdc3bdc1d203ad43439aee582913c321220b78107bbe585b1b8,library/165_velassaru-maldives/dive_map/2019_Velassaru_Resort__Snorkeling_Map.pdf,,outdated,True,matched,2026-10-04,
166,Kuramathi Maldives,factsheet,2019_Factsheet-Kuramathi-Maldives.pdf,2019,,,8,2913,True,neoscapesmaldives.com,dmc-agency,https://www.neoscapesmaldives.com/wp-content/uploads/Factsheet-Kuramathi-Maldives.pdf,https://www.neoscapesmaldives.com/wp-content/uploads/Factsheet-Kuramathi-Maldives.pdf,cb548e25cfc841f705da5aa845f504735cad56a0c1d3137f5697a9528524fcc8,library/166_kuramathi-maldives/factsheet/2019_Factsheet-Kuramathi-Maldives.pdf,,outdated,True,matched,2026-10-04,
166,Kuramathi Maldives,map,2019_Map-Kuramathi-Maldives.pdf,2019,,,1,616,False,neoscapesmaldives.com,dmc-agency,https://www.neoscapesmaldives.com/wp-content/uploads/Map-Kuramathi-Maldives.pdf,https://www.neoscapesmaldives.com/wp-content/uploads/Map-Kuramathi-Maldives.pdf,481838ccc965131ac463060448738934f72592299a286298a050c5f35cf63896,library/166_kuramathi-maldives/map/2019_Map-Kuramathi-Maldives.pdf,,outdated,True,matched,2026-10-04,
167,Milaidhoo Island Maldives,map,2020_Island-Map-Milaidhoo-Island-Maldives.pdf,2020,,,1,844,False,neoscapesmaldives.com,dmc-agency,https://www.neoscapesmaldives.com/wp-content/uploads/Island-Map-Milaidhoo-Island-Maldives.pdf,https://www.neoscapesmaldives.com/wp-content/uploads/Island-Map-Milaidhoo-Island-Maldives.pdf,9af009a0bf4da4605392629f6a9e3d8f0398fd722bda81b57204692b97117590,library/167_milaidhoo-island-maldives/map/2020_Island-Map-Milaidhoo-Island-Maldives.pdf,,outdated,True,matched,2026-10-04,
168,You & Me Maldives,factsheet,2026_GB-_-You-_-Me-Maldives-_-Fact-Sheet-2026.pdf,2026,,,7,4764,True,neoscapesmaldives.com,dmc-agency,https://www.neoscapesmaldives.com/wp-content/uploads/GB-_-You-_-Me-Maldives-_-Fact-Sheet-2026.pdf,https://www.neoscapesmaldives.com/wp-content/uploads/GB-_-You-_-Me-Maldives-_-Fact-Sheet-2026.pdf,ffd0c1d5ffb2e5fad5bc5044660e00f1a5b9abe24419a846b08da917ca008de6,library/168_you-me-maldives/factsheet/2026_GB-_-You-_-Me-Maldives-_-Fact-Sheet-2026.pdf,,current,True,matched,2026-10-04,
168,You & Me Maldives,map,2025_You-Me-Maldives-_-Resort-Map.pdf,2025,,,1,470,False,neoscapesmaldives.com,dmc-agency,https://www.neoscapesmaldives.com/wp-content/uploads/You-Me-Maldives-_-Resort-Map.pdf,https://www.neoscapesmaldives.com/wp-content/uploads/You-Me-Maldives-_-Resort-Map.pdf,a1c75c48502080bf5798a40bdb0d3625490f665de6f9654439c96355dd742b18,library/168_you-me-maldives/map/2025_You-Me-Maldives-_-Resort-Map.pdf,,current,True,matched,2026-10-04,
169,Banyan Tree Maldives Vabbinfaru,factsheet,2025_Factsheet-Banyan-Tree-Vabbinfaru-compressed.pdf,2025,,,6,1340,True,neoscapesmaldives.com,dmc-agency,https://www.neoscapesmaldives.com/wp-content/uploads/Factsheet-Banyan-Tree-Vabbinfaru-compressed.pdf,https://www.neoscapesmaldives.com/wp-content/uploads/Factsheet-Banyan-Tree-Vabbinfaru-compressed.pdf,47522d2729a0bbbe284ee5a4b60ec6a3160a342e1627d0bafdf3cac2c822246f,library/169_banyan-tree-maldives-vabbinfaru/factsheet/2025_Factsheet-Banyan-Tree-Vabbinfaru-compressed.pdf,,current,True,matched,2026-10-04,
169,Banyan Tree Maldives Vabbinfaru,map,2024_BTMVMV-Resort-Map-5.0-1.pdf,2024,,,1,2206,True,neoscapesmaldives.com,dmc-agency,https://www.neoscapesmaldives.com/wp-content/uploads/BTMVMV-Resort-Map-5.0-1.pdf,https://www.neoscapesmaldives.com/wp-content/uploads/BTMVMV-Resort-Map-5.0-1.pdf,cbea9f658b85c9dae64824dee9b00fde80f64e60b697e16cdafdb3119cf2cc16,library/169_banyan-tree-maldives-vabbinfaru/map/2024_BTMVMV-Resort-Map-5.0-1.pdf,,outdated,True,needs-review,2026-10-04,ambiguous match [169]
171,Velaa Private Island Maldives,factsheet,2019_Velaa-Private-Island-Fact-Sheet.pdf,2019,,,11,436,True,neoscapesmaldives.com,dmc-agency,https://neoscapesmaldives.com/wp-content/uploads/Velaa-Private-Island-Fact-Sheet.pdf,https://neoscapesmaldives.com/wp-content/uploads/Velaa-Private-Island-Fact-Sheet.pdf,ca58c0f475b7b8b5f4214d6b18d1a7cbe184e3bd8aba390bcf459cbf1f75d5d3,library/171_velaa-private-island-maldives/factsheet/2019_Velaa-Private-Island-Fact-Sheet.pdf,,outdated,True,matched,2026-10-04,
171,Velaa Private Island Maldives,map,2024_Dhawa-Resort-Map.pdf,2024,,,1,3735,True,neoscapesmaldives.com,dmc-agency,https://www.neoscapesmaldives.com/wp-content/uploads/Dhawa-Resort-Map.pdf,https://www.neoscapesmaldives.com/wp-content/uploads/Dhawa-Resort-Map.pdf,8389d98df4d35066d3973adc70a7192e673ca04047951196320b9636388820d5,library/171_velaa-private-island-maldives/map/2024_Dhawa-Resort-Map.pdf,,outdated,True,matched,2026-10-04,
171,Velaa Private Island Maldives,map,2020_Velaa-Private-Island-Map.pdf,2020,,,1,69,False,neoscapesmaldives.com,dmc-agency,https://www.neoscapesmaldives.com/wp-content/uploads/Velaa-Private-Island-Map.pdf,https://www.neoscapesmaldives.com/wp-content/uploads/Velaa-Private-Island-Map.pdf,5065bde0c30f252cd386004e79bf7e1ad1f6babed8e1efa4a16f80af01cc7c44,library/171_velaa-private-island-maldives/map/2020_Velaa-Private-Island-Map.pdf,,outdated,False,matched,2026-10-04,
172,Mirihi Island Resort,factsheet,2017_mirihi_fact_sheet.pdf,2017,,,4,1320,False,sales.crownandchamparesorts.com,brand-cdn,https://sales.crownandchamparesorts.com/wp-content/uploads/2018/04/mirihi_fact_sheet.pdf,https://sales.crownandchamparesorts.com/wp-content/uploads/2018/04/mirihi_fact_sheet.pdf,184f3245eb4f5c4b81499add073d2dbdaed0953b6004163974f25ef6653a2e18,library/172_mirihi-island-resort/factsheet/2017_mirihi_fact_sheet.pdf,,outdated,True,matched,2026-10-04,
172,Mirihi Island Resort,factsheet,2014_MirihiFactSheet_EnglishRev170818-NEW.pdf,2014,,,4,626,True,sales.crownandchamparesorts.com,brand-cdn,https://sales.crownandchamparesorts.com/wp-content/uploads/2018/10/MirihiFactSheet_EnglishRev170818-NEW.pdf,https://sales.crownandchamparesorts.com/wp-content/uploads/2018/10/MirihiFactSheet_EnglishRev170818-NEW.pdf,94e636ed5ba881f34ff402d9f40094a00c58ce3911096e30ad4566974d7d7811,library/172_mirihi-island-resort/factsheet/2014_MirihiFactSheet_EnglishRev170818-NEW.pdf,,outdated,False,matched,2026-10-04,
173,Kurumba Maldives,factsheet,2019_Factsheet-Kurumba-Maldives.pdf,2019,,,2,907,True,neoscapesmaldives.com,dmc-agency,https://www.neoscapesmaldives.com/wp-content/uploads/Factsheet-Kurumba-Maldives.pdf,https://www.neoscapesmaldives.com/wp-content/uploads/Factsheet-Kurumba-Maldives.pdf,8e3fc4068e31f0aa86241f995fc7457c435294b457b44dd574fb7dc2b869b98f,library/173_kurumba-maldives/factsheet/2019_Factsheet-Kurumba-Maldives.pdf,,outdated,True,matched,2026-10-04,
173,Kurumba Maldives,map,2019_Map-Kurumba-Maldives.pdf,2019,,,1,1128,True,neoscapesmaldives.com,dmc-agency,https://www.neoscapesmaldives.com/wp-content/uploads/Map-Kurumba-Maldives.pdf,https://www.neoscapesmaldives.com/wp-content/uploads/Map-Kurumba-Maldives.pdf,d3b0bd5f663f7049f3dff951dde2fcef467a332538e29ce6dab09393cd14eb6e,library/173_kurumba-maldives/map/2019_Map-Kurumba-Maldives.pdf,,outdated,True,matched,2026-10-04,
174,Vilamendhoo Island Resort,factsheet,2025_FactSheetVilamendhoo110125103126Ver260425.pdf,2025,2025-11-01,2026-10-31,3,400,True,sales.crownandchamparesorts.com,brand-cdn,https://sales.crownandchamparesorts.com/wp-content/uploads/2025/12/FactSheetVilamendhoo110125103126Ver260425.pdf,https://sales.crownandchamparesorts.com/wp-content/uploads/2025/12/FactSheetVilamendhoo110125103126Ver260425.pdf,315c4ecaa34cef3212a795ca7c40dd540afa001f94b0b99c3253f080c83bde76,library/174_vilamendhoo-island-resort/factsheet/2025_FactSheetVilamendhoo110125103126Ver260425.pdf,,current,True,matched,2026-10-04,
174,Vilamendhoo Island Resort,factsheet,2021_FactSheetVilamendhoo110121103122Ver110121.pdf,2021,2021-11-01,2022-10-31,3,1095,True,sales.crownandchamparesorts.com,brand-cdn,https://sales.crownandchamparesorts.com/wp-content/uploads/2023/08/FactSheetVilamendhoo110121103122Ver110121.pdf,https://sales.crownandchamparesorts.com/wp-content/uploads/2023/08/FactSheetVilamendhoo110121103122Ver110121.pdf,6671ba49d7716e12338b5e8703952f262059aefd7a7ee463e66c948b5ead1e99,library/174_vilamendhoo-island-resort/factsheet/2021_FactSheetVilamendhoo110121103122Ver110121.pdf,,outdated,False,matched,2026-10-04,
174,Vilamendhoo Island Resort,factsheet,2020_FactSheetVilamendhoo110120103121Ver092220.pdf,2020,2020-11-01,2021-10-31,3,1042,True,sales.crownandchamparesorts.com,brand-cdn,https://sales.crownandchamparesorts.com/wp-content/uploads/2018/10/FactSheetVilamendhoo110120103121Ver092220.pdf,https://sales.crownandchamparesorts.com/wp-content/uploads/2018/10/FactSheetVilamendhoo110120103121Ver092220.pdf,090d77f017ea3fe26f4fc55fc63f43139c041d85bbe5dc520b359f4943e34e6f,library/174_vilamendhoo-island-resort/factsheet/2020_FactSheetVilamendhoo110120103121Ver092220.pdf,,outdated,False,matched,2026-10-04,
174,Vilamendhoo Island Resort,map,2025_Vilamendhoo_IslandMapExitSigns-Apr25.pdf,2025,,,1,1295,False,sales.crownandchamparesorts.com,brand-cdn,https://sales.crownandchamparesorts.com/wp-content/uploads/2025/08/Vilamendhoo_IslandMapExitSigns-Apr25.pdf,https://sales.crownandchamparesorts.com/wp-content/uploads/2025/08/Vilamendhoo_IslandMapExitSigns-Apr25.pdf,814ebed6dce4b6cab096745a7f427ff0428898c7545124cb1ce705db7d0c1f98,library/174_vilamendhoo-island-resort/map/2025_Vilamendhoo_IslandMapExitSigns-Apr25.pdf,,current,True,matched,2026-10-04,
174,Vilamendhoo Island Resort,map,2018_MapVilamendhoo120418ColorEnglish.pdf,2018,,,1,520,True,sales.crownandchamparesorts.com,brand-cdn,https://sales.crownandchamparesorts.com/wp-content/uploads/2019/05/MapVilamendhoo120418ColorEnglish.pdf,https://sales.crownandchamparesorts.com/wp-content/uploads/2019/05/MapVilamendhoo120418ColorEnglish.pdf | https://sales.crownandchamparesorts.com/wp-content/uploads/2018/04/MapVilamendhoo120418ColorEnglish.pdf,058ab616db8d5fde05398b011bbcb70ec2ca1596422e8ad1dcd704fdf38d6643,library/174_vilamendhoo-island-resort/map/2018_MapVilamendhoo120418ColorEnglish.pdf,,outdated,False,matched,2026-10-04,
175,Villa Nautica Paradise Island,factsheet,2025_Villa-Nautica-Factsheet-August.pdf,2025,,,6,6677,True,neoscapesmaldives.com,dmc-agency,https://www.neoscapesmaldives.com/wp-content/uploads/Villa-Nautica-Factsheet-August.pdf,https://www.neoscapesmaldives.com/wp-content/uploads/Villa-Nautica-Factsheet-August.pdf,c680db52a337bd2638ab0d4274d18853575435277c9dec86c7ded1168ec3be0f,library/175_villa-nautica-paradise-island/factsheet/2025_Villa-Nautica-Factsheet-August.pdf,,current,True,matched,2026-10-04,
175,Villa Nautica Paradise Island,map,2025_Villa-Nautica-Map-Feb-2025.pdf,2025,,,1,1646,True,neoscapesmaldives.com,dmc-agency,https://www.neoscapesmaldives.com/wp-content/uploads/Villa-Nautica-Map-Feb-2025.pdf,https://www.neoscapesmaldives.com/wp-content/uploads/Villa-Nautica-Map-Feb-2025.pdf,8235be68b75b5eb5e3b6856cc6fd68d0b40d841d7e34f423b75b11b34ad4520a,library/175_villa-nautica-paradise-island/map/2025_Villa-Nautica-Map-Feb-2025.pdf,,current,True,matched,2026-10-04,
178,Diamonds Athuruga Beach & Water Villas,factsheet,2019_Diamonds-Athuruga-Fact-Sheet-2019.pdf,2019,,,5,823,True,neoscapesmaldives.com,dmc-agency,https://neoscapesmaldives.com/wp-content/uploads/Diamonds-Athuruga-Fact-Sheet-2019.pdf,https://neoscapesmaldives.com/wp-content/uploads/Diamonds-Athuruga-Fact-Sheet-2019.pdf,9eb37a3f4c7b4d3470fc83d51d7e20e717c8077d23d9d64daeee5496391acf44,library/178_diamonds-athuruga-beach-water-villas/factsheet/2019_Diamonds-Athuruga-Fact-Sheet-2019.pdf,,outdated,True,matched,2026-10-04,
178,Diamonds Athuruga Beach & Water Villas,map,2020_Diamonds-Athuruga_map.pdf,2020,,,1,98,False,neoscapesmaldives.com,dmc-agency,https://www.neoscapesmaldives.com/wp-content/uploads/Diamonds-Athuruga_map.pdf,https://www.neoscapesmaldives.com/wp-content/uploads/Diamonds-Athuruga_map.pdf,2c203ac7713b79f8def9019ba3d85ab48c9a861a899a98c38a62dfc61902c9f5,library/178_diamonds-athuruga-beach-water-villas/map/2020_Diamonds-Athuruga_map.pdf,,outdated,True,matched,2026-10-04,
178,Diamonds Athuruga Beach & Water Villas,spa_menu,2018_mc05-maldive.pdf,2018,,,4,847,True,planhotel.com,official,https://d1vp8nomjxwyf1.cloudfront.net/wp-content/uploads/sites/109/2017/03/03070503/mc05-maldive.pdf,https://d1vp8nomjxwyf1.cloudfront.net/wp-content/uploads/sites/109/2017/03/03070503/mc05-maldive.pdf,b7967146877bf23ba6c55d09f4651d9f79220b77716342b7dd61fa873dfe3afa,library/178_diamonds-athuruga-beach-water-villas/spa_menu/2018_mc05-maldive.pdf,,outdated,True,matched,2026-10-04,
178,Diamonds Athuruga Beach & Water Villas,dining_menu,2019_Diamonds-Resorts_Gastronomie-e-Turisme_MarchApril-2019.pdf,2019,,,4,1958,True,planhotel.com,official,https://d1vp8nomjxwyf1.cloudfront.net/wp-content/uploads/sites/109/2017/03/29131429/Diamonds-Resorts_Gastronomie-e-Turisme_MarchApril-2019.pdf,https://d1vp8nomjxwyf1.cloudfront.net/wp-content/uploads/sites/109/2017/03/29131429/Diamonds-Resorts_Gastronomie-e-Turisme_MarchApril-2019.pdf,01fa404b6ef0aa66cb8d9d1dd6b65f0a8cae65bc1dc078e767adbe010b324cb2,library/178_diamonds-athuruga-beach-water-villas/dining_menu/2019_Diamonds-Resorts_Gastronomie-e-Turisme_MarchApril-2019.pdf,,outdated,True,needs-review,2026-10-04,"ambiguous match [178, 135]"
135,Diamonds Thudufushi Beach and Water Villas,dining_menu,2019_Diamonds-Resorts_Gastronomie-e-Turisme_MarchApril-2019.pdf,2019,,,4,1958,True,planhotel.com,official,https://d1vp8nomjxwyf1.cloudfront.net/wp-content/uploads/sites/109/2017/03/29131429/Diamonds-Resorts_Gastronomie-e-Turisme_MarchApril-2019.pdf,https://d1vp8nomjxwyf1.cloudfront.net/wp-content/uploads/sites/109/2017/03/29131429/Diamonds-Resorts_Gastronomie-e-Turisme_MarchApril-2019.pdf,01fa404b6ef0aa66cb8d9d1dd6b65f0a8cae65bc1dc078e767adbe010b324cb2,library/178_diamonds-athuruga-beach-water-villas/dining_menu/2019_Diamonds-Resorts_Gastronomie-e-Turisme_MarchApril-2019.pdf,,outdated,True,needs-review,2026-10-04,"ambiguous match [178, 135]"
178,Diamonds Athuruga Beach & Water Villas,other,2019_Diamonds-Athuruga.pdf,2019,,,13,5770,True,planhotel.com,official,https://d1vp8nomjxwyf1.cloudfront.net/wp-content/uploads/sites/212/2023/03/17094933/Diamonds-Athuruga.pdf,https://d1vp8nomjxwyf1.cloudfront.net/wp-content/uploads/sites/212/2023/03/17094933/Diamonds-Athuruga.pdf,451bef3be72dffd7248c020cef69959199902a98f505dfc1be90d495e34e25fa,library/178_diamonds-athuruga-beach-water-villas/other/2019_Diamonds-Athuruga.pdf,,outdated,True,matched,2026-10-04,
178,Diamonds Athuruga Beach & Water Villas,other,2015_DiamondsMaldives_TMA-Inflight_01_2015.pdf,2015,,,2,947,True,planhotel.com,official,https://d1vp8nomjxwyf1.cloudfront.net/wp-content/uploads/sites/110/2017/03/10145405/DiamondsMaldives_TMA-Inflight_01_2015.pdf,https://d1vp8nomjxwyf1.cloudfront.net/wp-content/uploads/sites/110/2017/03/10145405/DiamondsMaldives_TMA-Inflight_01_2015.pdf | https://d1vp8nomjxwyf1.cloudfront.net/wp-content/uploads/sites/109/2017/03/10144945/DiamondsMaldives_TMA-Inflight_01_2015.pdf,360d9d045a7f7c87369f123896b66839bea1a2d0a70f2b74156ef29d886a0216,library/178_diamonds-athuruga-beach-water-villas/other/2015_DiamondsMaldives_TMA-Inflight_01_2015.pdf,,outdated,False,needs-review,2026-10-04,"ambiguous match [178, 135]"
135,Diamonds Thudufushi Beach and Water Villas,other,2015_DiamondsMaldives_TMA-Inflight_01_2015.pdf,2015,,,2,947,True,planhotel.com,official,https://d1vp8nomjxwyf1.cloudfront.net/wp-content/uploads/sites/110/2017/03/10145405/DiamondsMaldives_TMA-Inflight_01_2015.pdf,https://d1vp8nomjxwyf1.cloudfront.net/wp-content/uploads/sites/110/2017/03/10145405/DiamondsMaldives_TMA-Inflight_01_2015.pdf | https://d1vp8nomjxwyf1.cloudfront.net/wp-content/uploads/sites/109/2017/03/10144945/DiamondsMaldives_TMA-Inflight_01_2015.pdf,360d9d045a7f7c87369f123896b66839bea1a2d0a70f2b74156ef29d886a0216,library/178_diamonds-athuruga-beach-water-villas/other/2015_DiamondsMaldives_TMA-Inflight_01_2015.pdf,,outdated,False,needs-review,2026-10-04,"ambiguous match [178, 135]"
178,Diamonds Athuruga Beach & Water Villas,other,2015_DiamondsAthuruga_Aurum-9999_Winter-2015.pdf,2015,,,2,1518,False,planhotel.com,official,https://d1vp8nomjxwyf1.cloudfront.net/wp-content/uploads/sites/109/2017/03/10144057/DiamondsAthuruga_Aurum-9999_Winter-2015.pdf,https://d1vp8nomjxwyf1.cloudfront.net/wp-content/uploads/sites/109/2017/03/10144057/DiamondsAthuruga_Aurum-9999_Winter-2015.pdf,3f981060770603408bb1db8baf1e0376cf087e802358e76f0dfb71c04a32aa07,library/178_diamonds-athuruga-beach-water-villas/other/2015_DiamondsAthuruga_Aurum-9999_Winter-2015.pdf,,outdated,False,matched,2026-10-04,
179,Siyam World Maldives,factsheet,2024_Siyam-World-Factsheet_02-Nov-2024-31-Oct-25.pdf,2024,,,17,21214,True,neoscapesmaldives.com,dmc-agency,https://www.neoscapesmaldives.com/wp-content/uploads/Siyam-World-Factsheet_02-Nov-2024-31-Oct-25.pdf,https://www.neoscapesmaldives.com/wp-content/uploads/Siyam-World-Factsheet_02-Nov-2024-31-Oct-25.pdf,032865e409dd84d74d33523489a8d14b68f4c796884310c93381b150c1682de1,library/179_siyam-world-maldives/factsheet/2024_Siyam-World-Factsheet_02-Nov-2024-31-Oct-25.pdf,,outdated,True,matched,2026-10-04,
179,Siyam World Maldives,map,2025_SW-main-map-with-categories.pdf,2025,,,1,5715,True,neoscapesmaldives.com,dmc-agency,https://www.neoscapesmaldives.com/wp-content/uploads/SW-main-map-with-categories.pdf,https://www.neoscapesmaldives.com/wp-content/uploads/SW-main-map-with-categories.pdf,e29f89009e8370a7f0ca53d67c026a1d459aeac7935ad4a1f74f429c1f3edaf6,library/179_siyam-world-maldives/map/2025_SW-main-map-with-categories.pdf,,current,True,needs-review,2026-10-04,ambiguous match [179]
180,"Lux* South Ari Atoll, Maldives",factsheet,2025_LUX_-South-Ari-Atoll-Factsheet-ENG.pdf,2025,,,19,2054,True,neoscapesmaldives.com,dmc-agency,https://www.neoscapesmaldives.com/wp-content/uploads/LUX_-South-Ari-Atoll-Factsheet-ENG.pdf,https://www.neoscapesmaldives.com/wp-content/uploads/LUX_-South-Ari-Atoll-Factsheet-ENG.pdf,d2ce1f2aed0e1be425211fa5e31e99de185b81e658c5bbb0223f6ed6cb71dc34,library/180_lux-south-ari-atoll-maldives/factsheet/2025_LUX_-South-Ari-Atoll-Factsheet-ENG.pdf,,current,True,matched,2026-10-04,
180,"Lux* South Ari Atoll, Maldives",map,2019_Map-LUX-South-Ari-Atoll.pdf,2019,,,1,217,False,neoscapesmaldives.com,dmc-agency,https://www.neoscapesmaldives.com/wp-content/uploads/Map-LUX-South-Ari-Atoll.pdf,https://www.neoscapesmaldives.com/wp-content/uploads/Map-LUX-South-Ari-Atoll.pdf,fdf5bf4ad3319a00ee9286119aef61e143abdc1ab44ff5c0d0572cc4fbdc1612,library/180_lux-south-ari-atoll-maldives/map/2019_Map-LUX-South-Ari-Atoll.pdf,,outdated,True,matched,2026-10-04,
182,Kuredhivaru Resort and Spa,factsheet,2025_Kuredhivaru-Resort-And-Spa-Factsheet-ENG.pdf,2025,,,2,9554,False,neoscapesmaldives.com,dmc-agency,https://www.neoscapesmaldives.com/wp-content/uploads/Kuredhivaru-Resort-And-Spa-Factsheet-ENG.pdf,https://www.neoscapesmaldives.com/wp-content/uploads/Kuredhivaru-Resort-And-Spa-Factsheet-ENG.pdf,83f5a3d498950bd18837fa3976c7f3ed7bb56de6396e31f122ec55b137768b62,library/182_kuredhivaru-resort-and-spa/factsheet/2025_Kuredhivaru-Resort-And-Spa-Factsheet-ENG.pdf,,current,True,matched,2026-10-04,
