resort_id,name,current_name,official_url,site_status,brand,atoll,island,opened_or_renovated,star_rating,transfer_modes,seaplane_min,speedboat_min,island_size,villas_total,villa_categories,restaurants_bars,meal_plans,spa,dive_operator,kids_club,weddings,vow_renewal,wedding_packages,destination_dining,dd_packages,sandbank_events,dd_doc,mice_capacity,buyout,reservations_email,weddings_email,phone,factsheet,wedding_doc,events_doc,docs,gaps
1,Six Senses Laamu,,https://www.sixsenses.com/en/resorts/laamu,blocked,Six Senses,Laamu Atoll,Fonadhoo Island,,5-star,"seaplane, yacht, speedboat, domestic flight",65,,,,8,0,,"ACTIVITIES
Six Senses Spa",Secret Paradise,The Den Kids Club,True,,0,in-villa barbecue; wine dinner; in-villa dining; private dining; candlelit dinner; sunset cruise; sunset dinner,0,,,30,,,,+960 680 0800,,,,3,factsheet; wedding brochure; events/MICE document; fact: villas.total; fact: dining; fact: contacts
2,Filitheyo Island Resort,,https://www.filitheyo.com/,blocked-partial,,Faafu Atoll,,,,,,,,125,0,1,AI,Spa,Werner Lau,,,,0,romantic dinner,0,,,,,,,+960 674 0025,,,,0,factsheet; wedding brochure; events/MICE document; fact: villa categories; fact: transfer; fact: kids club; fact: weddings; fact: contacts
3,Adaaran Select Hudhuranfushi,,https://www.adaaran.com/selecthudhuranfushi/,ok,Adaaran,North Malé Atoll,Meedhupparu,,4-star,"speedboat, yacht, domestic flight, seaplane",45,25,45 m x 12 m,,10,30,"AI, Dine Around, Premium AI, HB",Mandara Spa,Dive Centre,"More Details
Koamas Kids Club",True,True,5,sunset cruise; beach bbq; floating breakfast; romantic dinner; beach dinner; anniversary celebration; romantic candlelit dinner; sand bank picnic; candlelit dinner; sandbank picnic; private dining; wine dinner; in-villa dining; romantic beach dinner; jetty dinner; underwater restaurant,1,True,,350,,info@divepoint-maldives.com,,+960 664 1930,https://www.adaaran.com/selecthudhuranfushi/view-download/?id=menu-16,https://www.adaaran.com/selecthudhuranfushi/view-download/?id=ASHW,https://www.adaaran.com/selecthudhuranfushi/view-download/?id=hrf-mice,23,fact: villas.total
4,Ayada Maldives,,https://www.ayadamaldives.com/,ok,Ayada,Kaafu Atoll,Ayada,,5-star,"speedboat, domestic flight",,25,670 m x 333 m,120,22,15,"BB, AI, HB",Banyan Tree Spa,Dive Centre,Kids Club,True,True,1,in-villa dining; sunset cruise; wine pairing; in villa dining; destination dining; romantic private dinner; beach bbq; floating breakfast; sandbank picnic; romantic dinner; candlelit dinner; private dining; teppanyaki dinner; beach barbecue; in-villa dinner; sandbank dinner; beach dinner; romantic dining; romantic beach dinner; private chef; sandbank experience,2,True,https://www.ayadamaldives.com/s/Private-Dining-Menu-ca8b.pdf,450,,inquiry@reethifaru.com,,+960 3313256,https://www.neoscapesmaldives.com/wp-content/uploads/Ayada-Maldives-Factsheet.pdf,https://www.ayadamaldives.com/s/Ayada-Maldives-Wedding-Package-2024.pdf,,33,events/MICE document
5,Bolifushi Island Resort,OZEN Reserve Bolifushi (confirm),https://www.ozenreservebolifushi.com/,blocked,OZEN,South Malé Atoll,,,5-star,yacht,,,390 m x 80 m,31,9,11,Dine Around,Spa,Best Dives,Kids Club,True,,0,in-villa dining; wine pairing; sandbank picnic,0,True,,,,info@neoscapesmaldives.com,,+960 736 5425,https://www.neoscapesmaldives.com/wp-content/uploads/OZEN-RESERVE-BOLIFUSHI-Fact-Sheet.pdf,,,2,wedding brochure; events/MICE document
6,Joali Being Bodufushi,,https://www.joalibeing.com/,unreachable,Joali,Raa Atoll,Bodufushi,,,"seaplane, yacht",45,,292 m x 510 m,,10,5,,Spa,,Kids Club,True,,0,private dining; destination dining,0,,,,,info@neoscapesmaldives.com,,+960 736 5425,https://www.neoscapesmaldives.com/wp-content/uploads/JoaliBeing_Factsheet_V13.pdf,,,2,wedding brochure; events/MICE document; fact: villas.total; fact: dive operator
7,Joali Muravandhoo,,https://www.joali.com/,unreachable,Joali,Raa Atoll,,,,"seaplane, yacht, speedboat",40,,,73,9,9,,"Fitness
JOALI Spa",,At Muramas Kids Club,True,,0,destination dining; in-villa dining; candlelit dinner,0,,,,,info@neoscapesmaldives.com,,+960 736 5425,https://www.neoscapesmaldives.com/wp-content/uploads/JOALI-Maldives-Factsheet.pdf,,,5,wedding brochure; events/MICE document; fact: dive operator
8,Hilton Maldives Amingiri Resort & Spa,,https://www.hilton.com/en/hotels/mleamhi-hilton-maldives-amingiri-resort-and-spa/,unverified,Hilton,North Malé Atoll,,,,speedboat,,20,280 m x 628 m,,0,3,,Spa,,Kids Club,True,,0,sandbank picnic; floating breakfast,0,True,,,,info@neoscapesmaldives.com,,+960 736 5425,https://www.neoscapesmaldives.com/wp-content/uploads/MLEAI_Factsheet-March-2025.pdf,,,5,wedding brochure; events/MICE document; fact: villas.total; fact: villa categories; fact: dive operator
9,Amilla Fushi,,https://amilla.com/,ok,Amilla,Baa Atoll,,opened 2014,5-star,"seaplane, speedboat, yacht, domestic flight",15,10,23.5 ha,67,9,9,"Dine Around, HB, FB, AI",Overwater Spa,Dive Butler,Kids Club,True,True,3,private dining; in-villa dining; sandbank picnic; sunset cruise; romantic dinner; floating breakfast; romantic beach dinner; beach dinner; sandbank dinner; romantic candlelit dinner; beach bbq; romantic sunset dinner,0,True,,,,reserve@amilla.com,,+960 6606444,https://amilla.com/wp-content/uploads/Amilla-Maldives_Fact-Sheet_2026.pdf,https://cdnm.heyzine.com/files/uploaded/v3/04df2b6e63a93cb41205ebd6ed21d4ba4359dce4-1.pdf,,100,events/MICE document
10,Dreamland - The Unique Sea & Lake Resort/Spa,,https://dreamland.com.mv/,ok,,Baa Atoll,Baa Atoll,opened 2018,,"seaplane, speedboat, domestic flight",20,10,,90,0,7,AI,Spa,Dive Centre,,True,,1,honeymoon dinner; lobster dinner; romantic dinner; wine pairing; romantic candlelit dinner; sunset cruise,0,,https://dreamland.com.mv/wp-content/uploads/2024/08/DreamLand-Private-BBQ-Seafood-Menu-2023.pdf,,,,,+960 770 4554,https://dreamland.com.mv/wp-content/uploads/2024/08/DREAMLAND-GENERAL-INFORMATION-GERMAN-2023.pdf,https://dreamland.com.mv/wp-content/uploads/2024/08/DREAMLAND-VOW-CEREMONY-2023.pdf,,22,events/MICE document; fact: villa categories; fact: kids club; fact: contacts
11,Angaga Island Resort and Spa,,https://www.angaga.com.mv/,ok,,Ari Atoll,,opened 2025,,seaplane,25,,,70,0,10,"AI, FB","Excursions
Water Sports
Spa",,,True,,1,sunset cruise; romantic dinner,0,,,,,,,,https://www.angaga.com.mv/wp-content/uploads/2018/12/GENERAL-INFORMATION.pdf,https://www.angaga.com.mv/wp-content/uploads/2018/12/Angaga-Wedding-Package.pdf,,27,events/MICE document; fact: villa categories; fact: dive operator; fact: kids club; fact: contacts
12,Thulhagiri Island Resort & Spa,,https://www.thulhagiri.com.mv/,ok,,Kaafu Atoll,,,,"speedboat, seaplane",20,20,,69,2,7,"HB, AI, FB","Water Sports
Excursions
Spa",,,True,,1,romantic beach dinner; sunset cruise; beach dinner,0,,https://www.thulhagiri.com.mv/wp-content/uploads/2025/10/Romantic-Beach-Dinner.pdf,,,info@thulhagiri.com.mv,,+960 6645930,,,,19,factsheet; wedding brochure; events/MICE document; fact: dive operator; fact: kids club
13,Sandies Bathala,,https://www.planhotel.com/en/hotel/sandies-bathala-maldives,ok,Sandies,Ari Atoll,Kuramathi,,5-star,"seaplane, yacht",35,,,18,1,4,"Dine Around, AI, FB",Mvua African Rain Spa,Dive Centre,,True,,0,romantic dinner; lobster dinner; underwater restaurant,0,,,60,,sales@planhotel.ch,,,,,https://d1vp8nomjxwyf1.cloudfront.net/wp-content/uploads/sites/212/2017/07/03081145/DIAMONDS-Malindi-MICE-Booklet-2026.pdf,32,factsheet; wedding brochure; fact: kids club
14,Baglioni Resort Maldives,,https://www.baglionihotels.com/maldives/,blocked,Baglioni,Dhaalu Atoll,Maagau Island,,,"seaplane, yacht",40,,,96,0,5,AI,Aura Spa,Dive Centre,"For Families
Baglioni Kids Club",True,,0,private chef; in-villa dining; private dining; beach dinner; floating breakfast,0,,,,,,,,,,,0,factsheet; wedding brochure; events/MICE document; fact: villa categories; fact: contacts
15,Alila Kothaifaru Maldives,,https://www.alilahotels.com/kothaifaru,blocked,Alila,Baa Atoll,,,,"seaplane, speedboat",45,,203 m x 642 m,,7,4,,Spa,Euro Divers,Kids Club,True,True,0,private chef; sunset cruise; romantic dinner; private dining,0,,,,,info@neoscapesmaldives.com,,+960 736 5425,https://www.neoscapesmaldives.com/wp-content/uploads/Alila-Kothaifaru-Maldives-Factsheet-2022.pdf,,,2,wedding brochure; events/MICE document; fact: villas.total
16,JW Marriott Kaafu Atoll Island Resort,,https://www.marriott.com/en-us/hotels/mlejk-jw-marriott-kaafu-atoll-island-resort/overview/,blocked,JW Marriott,North Malé Atoll,,,,speedboat,,15,170 m x 575 m,42,14,0,,Spa,,Kids Club,True,,0,underwater restaurant,0,,,,,info@neoscapesmaldives.com,,+960 736 5425,,,,2,factsheet; wedding brochure; events/MICE document; fact: dining; fact: dive operator
17,Rihiveli Maldives Resort,,https://www.rihiveli-maldives.com/,blocked-partial,,,,,,,,,,,0,0,AI,,,,,,0,,0,,,,,,,,,,,0,factsheet; wedding brochure; events/MICE document; destination dining (romantic/sandbank dinners); fact: villas.total; fact: villa categories; fact: dining; fact: transfer; fact: atoll; fact: spa; fact: dive operator; fact: kids club; fact: weddings; fact: contacts
18,JW Marriott Maldives Resort & Spa,,https://www.marriott.com/en-us/hotels/mlejw-jw-marriott-maldives-resort-and-spa/overview/,blocked,JW Marriott,Shaviyani Atoll,,,,seaplane,55,,5 ha,86,4,6,,Spa,,Little Griffins Kids Club,True,True,0,destination dining; floating breakfast; candle lit dinner; in-villa dining; romantic candlelit dinner; wine pairing; beach bbq,0,,,,,info@neoscapesmaldives.com,,+960 736 5425,https://www.neoscapesmaldives.com/wp-content/uploads/JW-Marriott-Maldives-Resort-Spa-Factsheet-2023.pdf,,,2,wedding brochure; events/MICE document; fact: dive operator
19,The Residence Maldives,,https://www.cenizaro.com/theresidence/maldives-fm,ok,,Gaafu Alifu Atoll,Unguja,opened 1998,5-star,"speedboat, domestic flight, seaplane",90,7,2 ha,94,2,12,"BB, AI, FB, HB, Premium AI",The Residence Bintan Spa,Dive Centre,Kids Club,True,True,8,beach dinner; romantic dinner; private dining; castaway picnic; floating breakfast; dine under the stars; in-villa dining; candlelit dinner; romantic candlelit dinner; sandbank escape; dinner under the stars; sand bank trip; romantic beach dinner; destination dining; private chef; in-villa bbq,1,True,https://www.cenizaro.com/docs/bintan/Private_Dinner_-_Island_Inspired_Menu.pdf,50,,sales-maldives@theresidence.com,,+960 682 0088,,https://www.cenizaro.com/docs/maldives-fm/Maldives_Wedding_Ceremony_Packages-2026.pdf,https://www.cenizaro.com//docs/maldives-fm/2024_TR_MALDIVES_MICE_FACTSHEET_FA_v3_PAGEBYPAGE.pdf,37,factsheet
20,The Residence Maldives At Dhigurah,,https://www.cenizaro.com/theresidence/maldives-dg,ok,,Gaafu Alifu Atoll,Falhumaafushi,opened 1998,5-star,"domestic flight, speedboat",,5,2 ha,135,2,11,"AI, FB, HB, BB, Premium AI",The Residence Bintan Spa,Dive Centre,Turtle Kids Club,True,,6,floating breakfast; private dining; dine under the stars; romantic dinner; in-villa dining; candlelit dinner; romantic candlelit dinner; sandbank escape; dinner under the stars; sand bank trip; romantic beach dinner; destination dining; private chef; in-villa bbq,1,True,,240,,reservation-bintan@theresidence.com,,+960 682 0089,,https://www.cenizaro.com/docs/maldives-dg/Maldives_Wedding_Ceremony_Packages.pdf,,27,factsheet; events/MICE document
21,Brennia Kottefaru,,https://brennia.com/,ok,Brennia,North Malé Atoll,,,5-star,seaplane,45,,350 m x 660 m,187,3,2,,Beauty Spa,Ocean Dimensions,,True,,0,private dining,0,,,,,info@neoscapesmaldives.com,,+960 736 5425,https://www.neoscapesmaldives.com/wp-content/uploads/English-Fact-Sheet-Resort-Map.pdf,,,10,wedding brochure; events/MICE document; fact: kids club
22,Barceló Whale Lagoon Maldives,Meliá Whale Lagoon Maldives,https://www.barcelo.com/en-ww/hotels/maldives/,unverified,,Ari Atoll,Bali,,,seaplane,30,,630 m x 265 m,100,1,3,,Spa,Dive Centre,Kids Club,True,,0,romantic dinner; sandbank experience,0,True,,,,info@neoscapesmaldives.com,,+960 736 5425,https://www.neoscapesmaldives.com/wp-content/uploads/Factsheet_MWLM_March2026_Digital-updated.pdf,,,2,wedding brochure; events/MICE document
23,Nooe Maldives Kunavashi,,https://nooemaldives.com/,ok,Nooe,Vaavu Atoll,,,,"seaplane, speedboat",20,75,87 m x 190 m,,10,3,,"Fitness Centre
Th-ari Spa",,Kids Club,True,,0,private dining,0,,,,,info@neoscapesmaldives.com,,+960 736 5425,https://www.neoscapesmaldives.com/wp-content/uploads/NOOE-Maldives-Kunaavashi_Fact-Sheet-2024.pdf,,,3,wedding brochure; events/MICE document; fact: villas.total; fact: dive operator
24,Canareef Resort Maldives,,https://canareef.com/,ok,Canareef,Addu Atoll,Herathera,opened 1993,5-star,"speedboat, domestic flight",,10,,271,1,14,"HB, FB, AI",Spa,Diverland,Kids Club,True,True,0,romantic dinner; in-villa dining; sunset cruise; dinner under the stars; beach barbecue; beach dinner; private dining; floating breakfast; romantic beach dinner,1,,,30,,info@canareef.com,,+960 689-6677,,,,5,factsheet; wedding brochure; events/MICE document
25,Raffles Maldives Meradhoo Resort,Halcyon Maldives,https://www.raffles.com/maldives/,blocked,Raffles,Gaafu Alifu Atoll,,,,"seaplane, speedboat, domestic flight",90,15,,38,18,2,"BB, HB, FB, AI",Halcyon Spa,Dive Centre,Kids Club,True,,0,destination dining; private chef; floating breakfast; beach dinner; private dining,0,,,,,ak.mlehp.reservations@marriott.com,,+960 682 8800,https://www.neoscapesmaldives.com/wp-content/uploads/Halcyon-Maldives-Factsheet-2026.pdf,,,3,wedding brochure; events/MICE document
26,Centara Ras Fushi Resort & Spa,,https://www.centarahotelsresorts.com/centara/crf,ok,VARU,North Male Atoll,Machchafushi,opened 2020,5-star,"speedboat, yacht, seaplane, domestic flight",,15,,140,2,20,"AI, Dine Around, HB, FB",Spa,Dive Centre,Kids Club,True,True,2,in-villa dining; sunset cruise; private dining; beach dinner; romantic candlelit dinner; dinner under the stars; candlelit dinner; romantic dinner; anniversary celebration; in-villa bbq; chef's table; wine dinner; romantic beach dinner; romantic dining; underwater restaurant,1,,,20,,info@neoscapesmaldives.com,,+960 664 3880,https://www.centarahotelsresorts.com/centara/sites/centara-centara/files/2025-12/609_CRF_Factsheet_Y251203.pdf,https://www.centarahotelsresorts.com/sites/centara-global/files/2026-09/13339_CHR_Wedding_Brochure_Y260921_withEdited.pdf,,25,events/MICE document
27,Grand Park Kodhipparu Maldives,,https://www.parkhotelgroup.com/grand-park-kodhipparu-maldives,ok,Grand Park,North Male Atoll,,,,"speedboat, yacht",,20,260 m x 130 m,120,30,2,"Dine Around, BB",Spa,Fun Azul,Kids Club,True,,0,dinner under the stars; in-villa dining; private dining; sunset dinner; private chef; dine under the stars; romantic dinner,0,,,,,hello@tablescape.sg,,+960 736 5425,https://maldives.ru/doc/GrandPark-Kodiparru-Resort-Factsheet-2023.pdf,,https://document-tc.galaxy.tf/wdpdf-e3qcqstd984ityrjewx07jy6/corporate-social-events_cms-document.pdf,21,wedding brochure
28,Kudadoo Maldives Private island,,https://www.kudadoo.com/,ok,Kudadoo,Lhaviyani Atoll,Meerufenfushi,opened 2000,5-star,"seaplane, speedboat, domestic flight, yacht",40,55,,15,3,1,"AI, Dine Around",Spa,Euro Divers,,True,True,0,sunset dinner; underwater restaurant; underwater dining; floating breakfast; sunset cruise; destination dining; beach dinner; sandbank dinner,0,True,,30,True,reservations@hurawalhi.com,,+960 664 3157,https://sales.crownandchamparesorts.com/wp-content/uploads/2025/12/KudadooFactsheet110125103126Ver0526255.pdf,,,28,wedding brochure; events/MICE document; fact: kids club
29,Dheruhfinolhu by Jawakara Islands Maldives,Jawakara Islands (shared documents),https://www.jawakaraislands.com/,ok,Finolhu,Noonu Atoll,,,,,,,,,0,0,,Spa,,,,,0,,0,,,,,,,,,,,6,factsheet; wedding brochure; events/MICE document; destination dining (romantic/sandbank dinners); fact: villas.total; fact: villa categories; fact: dining; fact: transfer; fact: dive operator; fact: kids club; fact: weddings; fact: contacts
30,Hurawalhi Island Resort,,https://www.hurawalhi.com/,ok,Hurawalhi,Lhaviyani Atoll,Meerufenfushi,opened 2000,5-star,"seaplane, speedboat, domestic flight, yacht",40,55,6.5 ha,15,7,2,"AI, Dine Around",Spa,Euro Divers,Kids Club,True,True,0,in-villa dining; beach dinner; romantic beach dinner; sunset dinner; underwater restaurant; underwater dining; floating breakfast; sunset cruise; destination dining,0,,,,True,reservations@hurawalhi.com,,+960 664 3157,https://sales.crownandchamparesorts.com/wp-content/uploads/2023/08/FactSheetHurawalhi110123103124Ver030123.pdf,https://sales.crownandchamparesorts.com/wp-content/uploads/2020/01/HurawalhiCeremoniesPackagesVer110719.pdf,,15,events/MICE document
31,Innahura Maldives Resort,,https://www.innahura.com/,ok,,Lhaviyani Atoll,Innahura,,,seaplane,40,,2 ha,,0,1,AI,,,,True,True,0,beach dinner; sunset cruise,0,,,,,,,,https://sales.crownandchamparesorts.com/wp-content/uploads/2023/08/FactSheetInnahura110121103122Ver110121.pdf,,,6,wedding brochure; events/MICE document; fact: villas.total; fact: villa categories; fact: spa; fact: dive operator; fact: kids club; fact: contacts
32,Cocoon Maldives,,https://www.cocoonmaldives.com/,ok,Coco,North Malé Atoll,,,5-star,"seaplane, speedboat, domestic flight, yacht",30,40,30 ha,150,2,10,"AI, Dine Around",The Cube Spa,Dive Centre,"Kids Village
Kids Club",True,,0,sandbank picnic; beach bbq; anniversary dinner; wine dinner; candlelit dinner; sandbank dinner; floating breakfast; romantic dinner; destination dining; sunset dinner; beach dinner; romantic candlelit dining; sandbank party; sunset cruise; in-villa dining; sandbank escape; underwater restaurant; romantic dining,0,True,,,,info@neoscapesmaldives.com,,+960 736 5425,https://www.neoscapesmaldives.com/wp-content/uploads/Cocoon-Maldives-_-Fact-Sheet.pdf,,,8,wedding brochure; events/MICE document
33,Dhigali Maldives,NIVA Dhigali,https://www.nivadhigali.com/,ok,NIVA,Raa Atoll,Dhigali,,5-star,"seaplane, speedboat, domestic flight",40,70,,180,14,17,"AI, Premium AI",Lime Spa,Euro Divers,PLAY Kids Club,True,True,0,destination dining; sandbank picnic; beach dinner; floating breakfast; sandbank trip; in-villa dining; private dining; sandbank escape; sunset cruise,0,True,https://www.nivadhigali.com/wp-content/uploads/2026/02/Floating-Breakfast-NIVA-LR-1.pdf,,,reservations@nivadhigali.com,,+960 658 6060,https://www.nivadhigali.com/wp-content/uploads/2026/01/DHIGALI_Factsheet.pdf,https://www.nivahotelsandresorts.com/wp-content/uploads/2026/05/Wedding-Brochure-NIVA-LR-1.pdf,,107,events/MICE document
34,Adaaran Select Meedhupparu,,https://www.adaaran.com/selectmeedhupparu/,ok,Adaaran,Raa Atoll,Meedhupparu,,5-star,"seaplane, speedboat, domestic flight",20,45,,235,7,30,"Dine Around, AI, Premium AI",Mandara Spa,Dive Centre,"Request
Facilities
Komas Kids Club",True,True,2,sandbank picnic; beach dinner; sunset cruise; romantic beach dinner; private dining; candlelit dinner; romantic candlelit dinner; floating breakfast; in-villa dining; anniversary celebration; wine dinner; beach bbq; romantic dinner; sand bank picnic; jetty dinner,0,True,,10,,,,+960) 664 0375,https://www.adaaran.com/selectmeedhupparu/view-download/?id=asm-factsheet,https://www.adaaran.com/selectmeedhupparu/view-download/?id=ASMW,,13,events/MICE document; fact: contacts
35,Heritance Aarah,,https://www.heritancehotels.com/aarah/,ok,Heritance,Raa Atoll,Aarah,,5-star,"seaplane, speedboat, domestic flight",40,60,520 m x 260 m,124,14,21,"AI, Premium AI, Dine Around, BB, HB, FB",Medi Spa,Dive Centre,Koka Kids Club,True,,2,in-villa dining; romantic dinner; sunset cruise; wine pairing; wine dinner; floating breakfast; private dining; candlelit dinner; romantic candlelit dinner; lobster dinner; destination dining; anniversary celebration; sandbank picnic,2,True,,,,info@neoscapesmaldives.com,,+960 6580222,https://heritancehotels.eme-devops.com/sites/2/2026/09/Heritance-Aarah-Fact-Sheet.pdf,https://heritancehotels.eme-devops.com/2026/09/Heritance-Aarah-Wedding-Document.pdf,,189,events/MICE document
36,Coastline Residences,,https://www.hugedomains.com/domain_profile.cfm?d=coastlineresidences.com,unverified,,,,,,,,,,,0,0,,,,,,,0,,0,,,,,,,,,,,0,factsheet; wedding brochure; events/MICE document; destination dining (romantic/sandbank dinners); fact: villas.total; fact: villa categories; fact: dining; fact: transfer; fact: atoll; fact: spa; fact: dive operator; fact: kids club; fact: weddings; fact: contacts; no documents or pages collected
37,The Ritz Carlton Maldives Fari Islands,,https://www.ritzcarlton.com/en/hotels/mlerz-the-ritz-carlton-maldives-fari-islands/overview/,unreachable,Ritz-Carlton,North Malé Atoll,,,,"seaplane, speedboat, yacht",10,10,,100,10,2,,"Facilities
The Ritz-Carlton Spa",Dive Centre,Ritz Kids Club,True,,0,lobster dinner,0,,,,,info@neoscapesmaldives.com,,+960 736 5425,https://www.neoscapesmaldives.com/wp-content/uploads/The-Ritz-Carlton-Maldives-Factsheet.pdf,,,2,wedding brochure; events/MICE document
38,Veligandu Maldives Resort Island,'Veli' in Crown & Champa filenames,https://veligandu.com/,ok,,Kaafu Atoll,,,,"seaplane, speedboat, yacht",20,60,9 ha,74,6,7,"Dine Around, BB, FB, AI",Himeyn Spa,Ocean Watersports,,True,True,0,in-villa dining; in villa dining; destination dining; beach dinner; romantic dinner; romantic beach dinner; sunset cruise; floating breakfast; in-villa dinner; wine pairing; beach bbq; sandbank picnic; anniversary celebration; lagoon lunch; sandbank experience; wine dinner,0,True,,,,reservations@veligandu.com,,+960 666 0519,https://veligandu.com/wp-content/uploads/2025/06/Factsheet-W25-26S26Ver17062025.pdf,https://veligandu.com/wp-content/uploads/2024/09/Veli-HoneymoonGuestInfoRenewalsOfVows_110124-103125_Rev081524-240924.pdf,,54,events/MICE document; fact: kids club
39,NH Collection Maldives Havodda Resort,Amari Havodda (older name),https://www.nh-hotels.com/en/hotel/nh-collection-maldives-havodda-resort,blocked,NH,Dhaalu Atoll,Amari Havodda,,5-star,"speedboat, domestic flight",,10,,,1,4,,Breeze Spa,Dive Centre,Kids Club,True,,0,destination dining; romantic dinner,0,,,,,info@neoscapesmaldives.com,,+960 736 5425,https://neoscapesmaldives.com/wp-content/uploads/Amari-Havodda-Factsheet.pdf,,,2,wedding brochure; events/MICE document; fact: villas.total
40,Le Méridien Maldives Resort and Spa,,https://www.marriott.com/en-us/hotels/mlemd-le-meridien-maldives-resort-and-spa/overview/,blocked,Le Méridien,Lhaviyani Atoll,Thilamaafushi,,,seaplane,35,,,,6,4,,Spa,,Kids Club,True,,0,,0,,,,,info@neoscapesmaldives.com,,+960 736 5425,https://www.neoscapesmaldives.com/wp-content/uploads/Resort-Factsheet-Le-Meridien-Maldives.pdf,,,2,wedding brochure; events/MICE document; destination dining (romantic/sandbank dinners); fact: villas.total; fact: dive operator
41,Ozen By Atmosphere At Maadhoo,OZEN Life Maadhoo,https://www.theozencollection.com/ozenlife-maadhoo/,unverified,OZEN,South Malé Atoll,Maadhoo,,,"yacht, speedboat",,45,650 m x 110 m,121,30,5,AI,ELENA Spa,Fun Azul,Kids Club,True,,0,underwater restaurant; floating breakfast; wine pairing; sandbank picnic; private dining,0,True,,,,info@neoscapesmaldives.com,,+960 736 5425,https://www.neoscapesmaldives.com/wp-content/uploads/OZEN-LIFE-MAADHOO-Fact-Sheet-2025.pdf,,,11,wedding brochure; events/MICE document
42,Dhiggiri Tourist Resort,,https://www.dhiggiri.com/,ok,,Vaavu Atoll,,,,speedboat,,90,,45,0,0,AI,Spa,,,,,0,,0,,,,,,,,,,,0,factsheet; wedding brochure; events/MICE document; destination dining (romantic/sandbank dinners); fact: villa categories; fact: dining; fact: dive operator; fact: kids club; fact: weddings; fact: contacts
43,Dhigufaru Island Resort,,https://dhigufaru.com/,ok,,Baa Atoll,,,,"speedboat, domestic flight",,,,,0,10,,"Photo Gallery
Funa Spa",Ocean Dimensions,"Recreation Center
Baraveli Kids Club",True,,0,sunset cruise; sand bank picnic; dinner under the stars; in-villa dining,0,True,,,,inquiry@dhigufaru.com,,+960-660-2656,https://dhigufaru.com/app/wp-content/uploads/2026/06/Dhigufaru-Fact-Sheet-English.pdf,https://dhigufaru.com/app/wp-content/uploads/2024/12/Dhigufaru-Wedding-Proposal-Packages-2024.pdf,,10,events/MICE document; fact: villas.total; fact: villa categories
44,Hard Rock Hotel Maldives,,https://hotel.hardrock.com/maldives/,ok,Hard Rock,South Male Atoll,,,5-star,"speedboat, yacht",,20,470 m x 250 m,178,30,14,"AI, HB, FB, Dine Around",Rock Spa,Ocean Watersports,Kids Club,True,True,2,in-villa dining; floating breakfast; private chef; private dining; romantic dinner; destination dining; beach dinner; sunset cruise; in villa dining; honeymoon dinner,0,,https://hotel.hardrock.com/los-cabos/files/6148/Romantic-Dinner-Hard-Rock-Hotel-Los-Cabos.pdf,190,,info.cafe@hrhmaldives.com,,+960 665-1400,,https://hotel.hardrock.com/maldives/files/6016/HRH_Wedding_Brochure_2026.pdf,,45,factsheet; events/MICE document
45,Saii Lagoon Maldives,,https://www.saiihotels.com/lagoon-maldives/,ok,SAii,South Malé Atoll,,opened 2019,,"speedboat, yacht",,15,160 m x 440 m,600,3,9,"AI, HB, FB",SAii Signature Spa,Ocean Group,Kids Club,True,True,0,private dining; dinner under the stars; floating breakfast; beach dinner; in-villa dining; candlelit dinner; romantic dining; beach bbq; romantic dinner; sunset cruise,0,,https://www.saiihotels.com/wp-content/uploads/2025/10/Dinner-on-the-beach.pdf,308,True,info@neoscapesmaldives.com,,+960 7356525,https://www.saiihotels.com/wp-content/uploads/2025/10/SAii-Lagoon-Maldives-Factsheet-2025.pdf,,,73,wedding brochure; events/MICE document
46,SO/ Maldives,,https://www.so-hotels.com/en/maldives/,ok,SO/,South Male Atoll,,,5-star,speedboat,,15,184 m x 576 m,,2,1,,,Ocean Group,Kids Club,True,,0,in-villa dining; beach dinner; sand bank picnic; sunset cruise; floating breakfast; candlelit dinner; private dining; sunset dinner,0,True,https://so-hotels.com/wp-content/uploads/sites/19/2024/08/so_maldives_destination-dining_1225.pdf,,,hello@encoreglobal.com,wien@eventwide.com,+960 736 5425,https://www.neoscapesmaldives.com/wp-content/uploads/SO-Maldives-Factsheet_Eng.pdf,https://so-hotels.com/wp-content/uploads/sites/19/2026/03/SOWedding_Brochure.pdf,https://so-hotels.com/wp-content/uploads/sites/19/2026/04/so_vienna_meetings-and-celebrations_brochure_DE-2026.pdf,58,fact: villas.total; fact: spa
47,"Park Hyatt Maldives, Hadahaa",,https://www.hyatt.com/en-US/hotel/maldives/park-hyatt-maldives-hadahaa/mlemh,unverified,Park Hyatt,Gaafu Alifu Atoll,,opened 2009,5-star,,,,,50,0,0,,Spa,PADI 5 Star,,True,,0,in-villa dining; sunset cruise,0,,,,,,,,,,,0,factsheet; wedding brochure; events/MICE document; fact: villa categories; fact: dining; fact: transfer; fact: kids club; fact: contacts
48,Dusit Thani Maldives,,https://www.dusit.com/dusitthani-maldives/,unverified,Dusit Thani,Baa Atoll,Mudhdhoo Island,,5-star,"seaplane, speedboat, domestic flight",35,10,630 m x 280 m,94,19,8,,"Kids Club
Devarana Spa",Dive Centre,Kids Club,True,,0,in-villa dining; sunset cruise; private chef; floating breakfast; sandbank trip,0,True,,,,info@neoscapesmaldives.com,,+960 660 8888,https://www.neoscapesmaldives.com/wp-content/uploads/New-Dusit-Thani-Maldives-Property-Fact-Sheet-1.pdf,,,6,wedding brochure; events/MICE document
49,Vakkaru Maldives,,https://www.vakkarumaldives.com/,ok,Vakkaru,Baa Atoll,,,,"seaplane, speedboat, domestic flight, yacht",30,30,,125,28,6,"AI, HB, Dine Around",Merana Spa,Dive Centre,"Yes
Kids Club",True,,0,destination dining; wine dinner; castaway picnic; sunset cruise; private chef; private dining; beach barbecue; candlelit dinner; wine pairing; sandbank escape; romantic dining; beach bbq; floating breakfast; dinner under the stars; castaway dinner; beach dinner; sandbank picnic,0,True,,,,info@neoscapesmaldives.com,,+960 660 7404,https://www.vakkarumaldives.com/pdfs/vakkaru-maldives-fact-sheet-2025.pdf,https://www.vakkarumaldives.com/pdfs/vakkaru-maldives-awarded-favorite-romantic-getaway.pdf,,34,events/MICE document
50,Sun Siyam Olhuveli Maldives,"Olhuveli Beach & Spa, file code SSO",https://www.sunsiyam.com/sun-siyam-olhuveli/,ok,Sun Siyam,South Malé Atoll,"Romance
Island",,5-star,"speedboat, seaplane, yacht",,45,670 m x 100 m,888,30,17,,Beach Suite BLUE Spa,Dive Centre,Kids Club,True,True,2,romantic beach dinner; floating breakfast; sunset cruise; private dining; destination dining; beach bbq; beach dinner; in-villa dining; romantic dinner,1,,,375,True,info.olhuveli@sunsiyam.com,,+960 664 2788,https://www.sunsiyam.com/media/21sbkbn1/factsheet-olhuveli-2026-aug.pdf,https://www.sunsiyam.com/media/g0lnezdr/wedding-package-ssom-2024-2025-direct.pdf,https://www.sunsiyam.com/media/gkhhf31k/ssr-mice-digital-book-2026.pdf,24,
51,Emerald Maldives Resort & Spa Fasmendho,,https://www.emerald-maldives.com/,ok,Emerald,Raa Atoll,Fasmendhoo Island,opened 2019,5-star,"seaplane, speedboat, domestic flight",40,30,100 ha,120,14,14,AI,Spa,TGI Maldives,Dolphin Kids Club,True,,0,sunset cruise; in-villa dining; wine dinner; private chef; romantic dining; romantic dinner; romantic sunset dinner; floating breakfast; romantic beach dinner; sandbank lunch,0,True,,,,reservations@emerald-maldives.com,,+ 9606582100,,,,18,factsheet; wedding brochure; events/MICE document
52,Eri Maldives,,https://erimaldives.com/,ok,,Malé Atoll,,,5-star,"seaplane, speedboat",15,15,730 m x 390 m,44,7,8,"AI, Dine Around",Spa,Euro-Divers,Kids Club,True,True,1,beach dinner; destination dining; candlelit dinner; romantic dinner; floating breakfast; sunset cruise; in-villa dining; romantic dining; wine dinner; beach bbq; dinner under the stars; sunset dinner,0,True,https://d7h9v39iheghu.cloudfront.net/previews/7837a234-9635-4da8-b132-476aacd9b4c1/f4c17a44-1a32-4877-b4dc-3acda996dc1b/f4c17a44-1a32-4877-b4dc-3acda996dc1b?Policy=eyJTdGF0ZW1lbnQiOiBbeyJSZXNvdXJjZSI6Imh0dHBzOi8vZDdoOXYzOWloZWdodS5jbG91ZGZyb250Lm5ldC9wcmV2aWV3cy83ODM3YTIzNC05NjM1LTRkYTgtYjEzMi00NzZhYWNkOWI0YzEqIiwiQ29uZGl0aW9uIjp7IkRhdGVMZXNzVGhhbiI6eyJBV1M6RXBvY2hUaW1lIjoxNzkzNjg0MDEwfX19XX0_&Signature=0NCrDHEtg~3Ag4tUAPQa6ilJ6cyZ~w4zVuMSD7cG~r-mqETwrHjP~ymbFvuB7vZlbnPnlWCA1ED5pRAzfLnrljg2GzmBKzehdZ5pgyEdg2DhUh1PdoH9P3mOCEtIvAjK8OJMABLlrsk9l-sKHGYMa1a1Cwv28E-vbs9wjG1faMxEGG67VKe8YrbKJea-zq31p-n-SwDxEgYcBaFhSoyAOtk-LQQh4YnbO4e3Mh1O3qhd1CUPoi~QB1~gR8sul5CK0VJQczSIV5ZAIetLpT6YzKJjTsyOlpvwM1Ndaf6IhiW6ocfSJj45JPk5h8YsmO05fa9p1P7DalJRXVD6AH0o6g__&Key-Pair-Id=APKAJXJN6VNR3OLZJXJA,,,reservations@erimaldives.com,,+960 7292820,https://d7h9v39iheghu.cloudfront.net/previews/7837a234-9635-4da8-b132-476aacd9b4c1/d6f35137-6068-41a9-96c1-bb25264b80c9/8ee78a05-4865-4cc5-9e4c-09fb2b6ca406?Policy=eyJTdGF0ZW1lbnQiOiBbeyJSZXNvdXJjZSI6Imh0dHBzOi8vZDdoOXYzOWloZWdodS5jbG91ZGZyb250Lm5ldC9wcmV2aWV3cy83ODM3YTIzNC05NjM1LTRkYTgtYjEzMi00NzZhYWNkOWI0YzEqIiwiQ29uZGl0aW9uIjp7IkRhdGVMZXNzVGhhbiI6eyJBV1M6RXBvY2hUaW1lIjoxNzkzNjg0MDEwfX19XX0_&Signature=0NCrDHEtg~3Ag4tUAPQa6ilJ6cyZ~w4zVuMSD7cG~r-mqETwrHjP~ymbFvuB7vZlbnPnlWCA1ED5pRAzfLnrljg2GzmBKzehdZ5pgyEdg2DhUh1PdoH9P3mOCEtIvAjK8OJMABLlrsk9l-sKHGYMa1a1Cwv28E-vbs9wjG1faMxEGG67VKe8YrbKJea-zq31p-n-SwDxEgYcBaFhSoyAOtk-LQQh4YnbO4e3Mh1O3qhd1CUPoi~QB1~gR8sul5CK0VJQczSIV5ZAIetLpT6YzKJjTsyOlpvwM1Ndaf6IhiW6ocfSJj45JPk5h8YsmO05fa9p1P7DalJRXVD6AH0o6g__&Key-Pair-Id=APKAJXJN6VNR3OLZJXJA,https://d7h9v39iheghu.cloudfront.net/previews/7837a234-9635-4da8-b132-476aacd9b4c1/d10617e8-ce68-4acc-8fc4-e29b9ab61393/d10617e8-ce68-4acc-8fc4-e29b9ab61393?Policy=eyJTdGF0ZW1lbnQiOiBbeyJSZXNvdXJjZSI6Imh0dHBzOi8vZDdoOXYzOWloZWdodS5jbG91ZGZyb250Lm5ldC9wcmV2aWV3cy83ODM3YTIzNC05NjM1LTRkYTgtYjEzMi00NzZhYWNkOWI0YzEqIiwiQ29uZGl0aW9uIjp7IkRhdGVMZXNzVGhhbiI6eyJBV1M6RXBvY2hUaW1lIjoxNzkzNjg0MDEwfX19XX0_&Signature=0NCrDHEtg~3Ag4tUAPQa6ilJ6cyZ~w4zVuMSD7cG~r-mqETwrHjP~ymbFvuB7vZlbnPnlWCA1ED5pRAzfLnrljg2GzmBKzehdZ5pgyEdg2DhUh1PdoH9P3mOCEtIvAjK8OJMABLlrsk9l-sKHGYMa1a1Cwv28E-vbs9wjG1faMxEGG67VKe8YrbKJea-zq31p-n-SwDxEgYcBaFhSoyAOtk-LQQh4YnbO4e3Mh1O3qhd1CUPoi~QB1~gR8sul5CK0VJQczSIV5ZAIetLpT6YzKJjTsyOlpvwM1Ndaf6IhiW6ocfSJj45JPk5h8YsmO05fa9p1P7DalJRXVD6AH0o6g__&Key-Pair-Id=APKAJXJN6VNR3OLZJXJA,,21,events/MICE document
53,Cinnamon Hakuraa Huraa Maldives,,https://www.cinnamonhotels.com/,ok,Cinnamon,Ari Atoll,Hakuraa Huraa,opened 2024,,"seaplane, speedboat, domestic flight",45,,,80,7,5,"BB, HB, FB, AI",Sanctuary Spa,,,True,,0,private dining; wine pairing; romantic dining; dine under the stars,0,,,,,htlres@keells.com,,+9603336000,,,,19,factsheet; wedding brochure; events/MICE document; fact: dive operator; fact: kids club
54,Emerald Faarufushi Resort & Spa,,https://www.emerald-faarufushi.com/,ok,Emerald,Raa Atoll,,,5-star,"seaplane, speedboat, domestic flight",40,5,430 m x 200 m,80,11,22,AI,Spa,Dive Centre,Dolphin Kids Club,True,,0,sunset dinner; sunset cruise; in-villa dining; romantic sunset dinner; romantic dinner; private dining,0,,,,,reservations@emerald-faarufushi.com,,+960-6588000,,,,15,factsheet; wedding brochure; events/MICE document
55,Fihaalhohi Maldives,,https://fihalhohi.com/,unreachable,,,,,,,,,,,0,0,AI,,,,,,0,,0,,,,,,,,,,,0,factsheet; wedding brochure; events/MICE document; destination dining (romantic/sandbank dinners); fact: villas.total; fact: villa categories; fact: dining; fact: transfer; fact: atoll; fact: spa; fact: dive operator; fact: kids club; fact: weddings; fact: contacts
56,Four Seasons Resort Maldives at Kuda Huraa,,https://www.fourseasons.com/maldiveskh/,blocked,Four Seasons,Kaafu Atoll,Bodu Huraa,opened 1998,,"seaplane, speedboat, yacht",,35,,106,0,7,AI,The Island Spa,,Kids Club,True,,0,sandbank picnic; private dining; romantic dining; sunset cruise; sandbank dinner,0,True,,,,info@neoscapesmaldives.com,,+960 736 5425,,,,2,factsheet; wedding brochure; events/MICE document; fact: villa categories; fact: dive operator
57,Fushifaru Maldives,,https://www.fushifaru.com/,blocked-partial,,Lhaviyani Atoll,,opened 2021,,"seaplane, speedboat, domestic flight",35,15,,63,9,8,"AI, Premium AI",Heylhi Spa,Dive Centre,"Recreation
Kokko Kids Club",True,,0,sandbank experience; in-villa dining; destination dining; floating breakfast; sandbank picnic; sunset cruise; romantic beach dinner; candlelit dinner; anniversary celebration; romantic dinner; sunset dinner; beach dinner; sandbank dinner; sandbank escape; underwater dining; castaway picnic; dinner under the stars; romantic dining,0,True,,,,reservations@fushifaru.com,,,,,,2,factsheet; wedding brochure; events/MICE document
58,Sirru Fen Fushi,Fairmont Maldives Sirru Fen Fushi,https://www.fairmont-maldives.com/,ok,Fairmont,Shaviyani Atoll,Sirru Fen,,,"seaplane, yacht",55,,,120,0,2,,Willow Stream Spa,Dive Centre,Kids Club,True,True,0,in-villa dining; destination dining; candlelit dinner; beach barbecue,0,,,,,info@sirrufenfushi.com,,+960 654 8888,https://www.neoscapesmaldives.com/wp-content/uploads/Fairmont-Maldives-Fact-Sheet-2023.pdf,,,4,wedding brochure; events/MICE document; fact: villa categories
59,Jumeirah Maldives Olhahali Island,,https://www.jumeirah.com/en/stay/maldives/jumeirah-olhahali-island,ok,Jumeirah,North Male Atoll,,,,"seaplane, speedboat, yacht",15,15,650 m x 100 m,,30,2,,Talise Spa,Dive Centre,Teens Club,True,True,0,private dining; romantic dinner; sunset cruise; in-villa dining; sandbank experience; beach barbecue,0,True,,850,,jetinfo@jumeirah.com,,+960 736 5425,https://www.neoscapesmaldives.com/wp-content/uploads/Jumeirah-Olhahali-Island-Resort-Factsheet-2025.pdf,,,6,wedding brochure; events/MICE document; fact: villas.total
60,Reethi Beach Resort,,https://world.nh-hotels.com/en/nh-collection-maldives-reethi,unverified,Reethi,Baa Atoll,,,,,,,,,0,0,,Spa,,,,,0,,0,,,,,,,,,,,0,factsheet; wedding brochure; events/MICE document; destination dining (romantic/sandbank dinners); fact: villas.total; fact: villa categories; fact: dining; fact: transfer; fact: dive operator; fact: kids club; fact: weddings; fact: contacts
61,Equator Village,,https://www.equatorvillage.com/,ok,Villa,Addu Atoll,Gan Island,,5-star,domestic flight,,,,,0,2,"AI, HB, FB",Serena Spa,Diverland,,True,,0,private dining; beach bbq,0,,,20,,reservations@equatorvillage.com,,+960 332 2212,https://www.equatorvillage.com/wp-content/uploads/2023/12/Equator-factsheet-2023-1.pdf,,,6,wedding brochure; events/MICE document; fact: villas.total; fact: villa categories; fact: kids club
62,Cora Cora Maldives,,https://coracoraresorts.com/,ok,,Raa Atoll,,opened 2021,5-star,"seaplane, speedboat, domestic flight",30,20,,,7,3,"AI, Dine Around, Premium AI","Area
Jetski Tour
Spa",TGI,"Seaplane
Kids Club",True,,0,romantic dinner; sunset cruise; private dining; anniversary celebration,1,,,,,info@neoscapesmaldives.com,,+960 736 5425,https://www.neoscapesmaldives.com/wp-content/uploads/CCM-Factsheet.pdf,https://coracoraresorts.com/wp-content/uploads/2026/01/CCM_Wedding-Package_2026.pdf,,67,events/MICE document; fact: villas.total
63,Hondaafushi Island Resort,,https://www.hondaafushi.com/,ok,,,,,,,,,,,0,0,,Veli Spa,,,,,0,,0,,,,,,,,,,,1,factsheet; wedding brochure; events/MICE document; destination dining (romantic/sandbank dinners); fact: villas.total; fact: villa categories; fact: dining; fact: transfer; fact: atoll; fact: dive operator; fact: kids club; fact: weddings; fact: contacts
64,Radisson Blu Resort Maldives,,https://www.radissonhotels.com/en-us/hotels/radisson-blu-resort-maldives,unverified,Radisson Blu,Ari Atoll,,,,"seaplane, speedboat, domestic flight",20,15,208 m x 534 m,,6,2,"FB, BB",Blu Spa,Dive Centre,"FOR KIDS
Kids Club",True,,0,floating breakfast,0,,,,,reservations.maldives@radisson.com,,+960 736 5425,,,,3,factsheet; wedding brochure; events/MICE document; fact: villas.total
65,Cheval Blanc Randheli,,https://www.chevalblanc.com/en/maison/randheli/,ok,Cheval Blanc,Noonu Atoll,Maakurandhoo,opened 1936,,"seaplane, yacht",40,,,46,14,8,,Cheval Blanc Spa,Dive Centre,Kids Club,True,True,1,private dining; beach barbecue; in-villa dining; sandbank picnic; dinner under the stars; sandbank experience,0,True,,40,,info.randheli@chevalblanc.com,events.stbarth@chevalblanc.com,+ 960 656 15 15 2,https://awesomegetawaymaldives.com/wp-content/uploads/2026/04/Cheval-Blanc-Randheli.pdf,,,14,wedding brochure; events/MICE document
66,Como Maalifushi,,https://www.comohotels.com/maldives/como-maalifushi,ok,COMO,Thaa Atoll,Lavadhoo,,,"seaplane, yacht, speedboat",60,40,,32,2,1,"AI, FB",Das Spa,,COMO Kids Club,True,True,1,in-villa dining; sunset cruise; castaway picnic; romantic beach dinner; private dining; candlelit dinner; beach dinner; beach barbecue; floating breakfast; wine dinner,0,,https://de87ve0y4m3tc.cloudfront.net/comohotels.com-2459770069/cms/pressroom/como_maalifushi_private_dining_brochure.pdf,150,True,info@neoscapesmaldives.com,,+960 678 0008,https://de87ve0y4m3tc.cloudfront.net/comohotels.com-2459770069/cms/pressroom/cmf_all_inclusive_factsheet.pdf,https://de87ve0y4m3tc.cloudfront.net/comohotels.dev.cendynecommerce.com-2459770069/cms/pressroom/cmf_wedding_brochure.pdf,https://de87ve0y4m3tc.cloudfront.net/comohotels.com-2459770069/cms/pressroom/como_maalifushi_brochure_privateislandbuyout.pdf,50,fact: dive operator
67,Waldorf Astoria Maldives Ithaafushi,,https://www.waldorfastoriamaldives.com/,ok,Waldorf Astoria,South Malé Atoll,Male,,5-star,"yacht, speedboat, seaplane",5,,500 m x 400 m,117,9,4,Dine Around,Waldorf Astoria Spa,Dive Centre,Kids Club,True,,0,treetop dining; destination dining; sandbank dinner; floating breakfast; romantic dinner; beach dinner; lagoon lunch; private chef; sunset cruise; sunset dinner; sandbank picnic; private dining; wine pairing; wine dinner,0,True,https://www.waldorfastoriamaldives.com/wp-content/uploads/2025/07/Destination-Dining-Brochure-V2.pdf,,,info@neoscapesmaldives.com,,+960 736 5425,https://www.neoscapesmaldives.com/wp-content/uploads/Fact-Sheet.pdf,https://www.waldorfastoriamaldives.com/wp-content/uploads/2025/07/Unforgettable-Honeymoon-and-Romantic-Anniversaries-TC-.pdf,,44,events/MICE document
68,JA Manafaru,,https://www.jaresortshotels.com/maldives/ja-manafaru,ok,JA,Haa Alifu Atoll,Utheemu,,,"speedboat, domestic flight",,35,,,8,20,,Spa,,"Classes
Reef Diving
Kids Club",True,True,0,destination dining; in-villa dining; private dining; candlelit dinner,0,,https://jaweb2019cdn.azureedge.net/assets/docs/default-source/jarh/siteredesign-docs/ja-mar-hall-menu/sample-private-dinner-menu.pdf?sfvrsn=2488d2a6_9,125,,reservations.manafaru@jaresorts.com,events@marhall.com,+960 6500 456,https://www.neoscapesmaldives.com/wp-content/uploads/ja-jam-factsheet-digital.pdf,,,5,wedding brochure; events/MICE document; fact: villas.total; fact: dive operator
69,Adaaran Club Rannalhi,,https://www.adaaran.com/clubrannalhi/,ok,Adaaran,South Malé Atoll,Meedhupparu,,,"speedboat, seaplane, domestic flight",,45,400 m x 150 m,116,0,7,AI,Spa,Dive Centre,,True,True,2,destination dining; romantic dining; romantic dinner; lobster dinner; candlelit dinner; anniversary celebration; romantic candlelit dinner; beach dinner; sunset cruise; floating breakfast; jetty dinner; romantic beach dinner,0,,,,,info@divepoint-maldives.com,,+960 664 2688,https://www.adaaran.com/clubrannalhi/view-download/?id=acr-factsheet,https://www.adaaran.com/clubrannalhi/view-download/?id=acrweddingpack,,16,events/MICE document; fact: villa categories; fact: kids club
70,Joy Island,,https://www.joyisland.com/,ok,,North Malé Atoll,North,,,"speedboat, seaplane",10,40,251 m x 808 m,151,2,2,AI,Oasis Spa,,"Kiddie Cove
Kids Club",True,True,0,floating breakfast; sunset cruise; beach dinner; underwater dining; romantic dinner; destination dining; sandbank picnic; lagoon lunch; romantic candlelit dinner; in villa dining; in-villa dining; lagoon dinner; romantic beach dinner; anniversary celebration; romantic dining; romantic candle lit dinner,0,True,https://cdnm.heyzine.com/files/uploaded/d7e764db3df5c310bca8c74afb4f92061e17c4bc.pdf,120,,booking@joyisland.com,,+960 664 9966,https://d7h9v39iheghu.cloudfront.net/previews/42de57ca-7efe-4d5a-8d86-d9172148eacf/712f206d-41a8-4b34-9995-3943d4414af0/712f206d-41a8-4b34-9995-3943d4414af0?Policy=eyJTdGF0ZW1lbnQiOiBbeyJSZXNvdXJjZSI6Imh0dHBzOi8vZDdoOXYzOWloZWdodS5jbG91ZGZyb250Lm5ldC9wcmV2aWV3cy80MmRlNTdjYS03ZWZlLTRkNWEtOGQ4Ni1kOTE3MjE0OGVhY2YqIiwiQ29uZGl0aW9uIjp7IkRhdGVMZXNzVGhhbiI6eyJBV1M6RXBvY2hUaW1lIjoxNzkzNjk2OTU2fX19XX0_&Signature=Vzs-zJl8tl5ac3bWITSsHUZQxqBbKumCntqITMi707QlgNawp35AYETVu1lHU6NlchvstDJ4ejGVpVOhrU-oyvcxqwRXcMBCp7gUdjvEIB7VYeYEz4xQfg2V14KAKWS4NIz4SlHdXWdqmlhoi2S0VtUKbJPqjYa95uNR2ltFKIDtBc5oDkrafWTKW4gIvesGI-rVf79HGAyP4qx871btzz2MdWwRRFNK5Od7jBPE25tRZSgCkrdsNMC6h0PaRFrpAUN4WSxvO4b93M2vvjFy-By6Rw27FQAVU3YHu~jhZ0RH0m-gTjcs4SVkM2Dd6IZ8K0g4UkB5mZwvYClMwvtn1Q__&Key-Pair-Id=APKAJXJN6VNR3OLZJXJA,https://cdnm.heyzine.com/flip-book/pdf/b1f0f96ff265d012f55d6fbd78eac7ce1d69c094.pdf,https://cdnm.heyzine.com/flip-book/pdf/561203caf7c34ac7410e440e2fb87685515def06-2.pdf,14,fact: dive operator
71,Kagi Maldives Resort and Spa,,https://kagimaldives.com/,ok,,North Male Atoll,,,5-star,"seaplane, speedboat, yacht, domestic flight",15,15,4.24 ha,50,6,9,Dine Around,Baani Spa,Dive Centre,,True,True,4,sunset cruise; floating breakfast; destination dining; sandbank picnic; romantic private dinner; romantic dinner,2,True,,12,,reservations@kagimaldives.com,,+960 6640123,https://kagimaldives.com/wp-content/uploads/2026/07/FactSheetKagi110126103127Ver120726.pdf,https://kagimaldives.com/wp-content/uploads/2021/01/Kagi_PureRomanceWeddings2021.pdf,,130,events/MICE document; fact: kids club
72,Embudhu Village,,https://www.embuduvillage.com/,ok,Villa,South Malé Atoll,,opened 1979,5-star,"speedboat, seaplane, domestic flight",,25,,118,1,2,"FB, AI",Spa,Diverland,,True,True,0,romantic dinner; private dining; sunset cruise; lobster dinner,0,,,,,sales@embuduvillage.com,,+960 664 4776,https://embuduvillage.eme-devops.com/2023/12/Embudu-Village-Fact-Sheet-2023.pdf,https://embuduvillage.eme-devops.com/2026/04/Simple-Wedding-Package.pdf,,15,events/MICE document; fact: kids club
73,Summer Island Maldives,,https://www.summerislandmaldives.com/,ok,,North Malé Atoll,Complimentary Wifi,,,"seaplane, speedboat",15,15,,30,5,1,AI,Spa,Diverland,,True,True,0,sunset cruise; in villa dining; romantic beach dinner; in-villa dining; sandbank picnic; beach bbq,0,True,,,,info@summerislandmaldives.com,,+960 664 1949,https://www.summerislandmaldives.com/wp-content/uploads/2026/04/Summer-Island-Maldives-Fact-Sheet-2026-04.pdf,,,20,wedding brochure; events/MICE document; fact: kids club
74,Kandolhu Island Maldives,,https://www.kandolhu.com/,ok,,Ari Atoll,,,,seaplane,25,,200 m x 150 m,30,8,6,"BB, FB, AI",Varu Spa,,Kids Club,True,True,1,in-villa dining; beach dinner; sunset cruise; candlelit dinner; floating breakfast; private dining; sandbank trip; wine pairing,1,True,https://www.kandolhu.com/wp-content/uploads/2026/10/Kandolhu-Private-Dining-Poster.pdf,,,info@kandolhu.com,,+960 668 0790,https://www.neoscapesmaldives.com/wp-content/uploads/kandolhu-maldives-factsheet.pdf,https://www.kandolhu.com/wp-content/uploads/2026/08/Kandolhu-Renewal-of-Vows.pdf,https://www.kandolhu.com/wp-content/uploads/2026/09/Kandolhu-Corporate-social-responsibility-policy-updated.pdf,78,fact: dive operator
75,Kandima Maldives,,https://kandima.com/en/,ok,Kandima,Dhaalu Atoll,,,5-star,"seaplane, domestic flight, yacht, speedboat",30,20,,23,10,6,"AI, Dine Around, HB",Spa,,Kids Club,True,,1,destination dining; sunset cruise; floating breakfast; private dining; candlelit dinner; dinner under the stars; private chef; beach bbq; romantic dinner,2,,,,,info@neoscapesmaldives.com,,+960 736 5425,https://d7h9v39iheghu.cloudfront.net/previews/7837a234-9635-4da8-b132-476aacd9b4c1/08d5fb4a-3c75-4f03-9593-362d00c15bcf/e2bbc463-d094-42fa-b480-fd9cdbb53f46?Policy=eyJTdGF0ZW1lbnQiOiBbeyJSZXNvdXJjZSI6Imh0dHBzOi8vZDdoOXYzOWloZWdodS5jbG91ZGZyb250Lm5ldC9wcmV2aWV3cy83ODM3YTIzNC05NjM1LTRkYTgtYjEzMi00NzZhYWNkOWI0YzEqIiwiQ29uZGl0aW9uIjp7IkRhdGVMZXNzVGhhbiI6eyJBV1M6RXBvY2hUaW1lIjoxNzkzNjg0MDEwfX19XX0_&Signature=0NCrDHEtg~3Ag4tUAPQa6ilJ6cyZ~w4zVuMSD7cG~r-mqETwrHjP~ymbFvuB7vZlbnPnlWCA1ED5pRAzfLnrljg2GzmBKzehdZ5pgyEdg2DhUh1PdoH9P3mOCEtIvAjK8OJMABLlrsk9l-sKHGYMa1a1Cwv28E-vbs9wjG1faMxEGG67VKe8YrbKJea-zq31p-n-SwDxEgYcBaFhSoyAOtk-LQQh4YnbO4e3Mh1O3qhd1CUPoi~QB1~gR8sul5CK0VJQczSIV5ZAIetLpT6YzKJjTsyOlpvwM1Ndaf6IhiW6ocfSJj45JPk5h8YsmO05fa9p1P7DalJRXVD6AH0o6g__&Key-Pair-Id=APKAJXJN6VNR3OLZJXJA,https://d7h9v39iheghu.cloudfront.net/previews/7837a234-9635-4da8-b132-476aacd9b4c1/31206170-5ea3-465a-a437-631202d5a54d/31206170-5ea3-465a-a437-631202d5a54d?Policy=eyJTdGF0ZW1lbnQiOiBbeyJSZXNvdXJjZSI6Imh0dHBzOi8vZDdoOXYzOWloZWdodS5jbG91ZGZyb250Lm5ldC9wcmV2aWV3cy83ODM3YTIzNC05NjM1LTRkYTgtYjEzMi00NzZhYWNkOWI0YzEqIiwiQ29uZGl0aW9uIjp7IkRhdGVMZXNzVGhhbiI6eyJBV1M6RXBvY2hUaW1lIjoxNzkzNjg0MDEwfX19XX0_&Signature=0NCrDHEtg~3Ag4tUAPQa6ilJ6cyZ~w4zVuMSD7cG~r-mqETwrHjP~ymbFvuB7vZlbnPnlWCA1ED5pRAzfLnrljg2GzmBKzehdZ5pgyEdg2DhUh1PdoH9P3mOCEtIvAjK8OJMABLlrsk9l-sKHGYMa1a1Cwv28E-vbs9wjG1faMxEGG67VKe8YrbKJea-zq31p-n-SwDxEgYcBaFhSoyAOtk-LQQh4YnbO4e3Mh1O3qhd1CUPoi~QB1~gR8sul5CK0VJQczSIV5ZAIetLpT6YzKJjTsyOlpvwM1Ndaf6IhiW6ocfSJj45JPk5h8YsmO05fa9p1P7DalJRXVD6AH0o6g__&Key-Pair-Id=APKAJXJN6VNR3OLZJXJA,,43,events/MICE document; fact: dive operator
76,Hideaway Beach Resort and Spa at Dhonakulhi Island Maldives,,https://www.hideawaybeachmaldives.com/,ok,Hideaway,Haa Alifu Atoll,Dhonakulhi,,,"seaplane, speedboat, yacht",40,20,,43,11,2,AI,Spa,,Kids Club,True,True,0,in villa dining; sunset cruise; in-villa dining; private dining; romantic candlelit dinner,0,True,,,,info@neoscapesmaldives.com,,+960 736 5425,https://www.neoscapesmaldives.com/wp-content/uploads/Factsheet-Hideaway-Beach-Maldives-NEO.pdf,,,2,wedding brochure; events/MICE document; fact: dive operator
77,Atmosphere Kanifushi Maldives,,https://www.atmospherekanifushi.com/,ok,Atmosphere,Lhaviyani Atoll,,opened 2013,5-star,seaplane,35,,2240 m x 130 m,150,10,6,"AI, Premium AI",Spa,Dive & Sail,Kids Club,True,True,0,beach bbq; sunset cruise; floating breakfast,0,,,,,info@neoscapesmaldives.com,,+960 736 5425,,,,3,factsheet; wedding brochure; events/MICE document
78,Meeru Maldives Resort Island,,https://www.meeru.com/,ok,,Kaafu Atoll,Meerufenfushi,,4-star,"speedboat, seaplane",,50,32 ha,285,10,2,,Duniye Spa,Ocean Pro,,True,True,0,floating breakfast; destination dining; sunset cruise; sandbank experience,0,True,,,,reservations@meeru.com,,+960 664 0219,https://www.meeru.com/wp-content/uploads/2025/11/FactSheetMeeru110125103126Ver01022025.pdf,,,62,wedding brochure; events/MICE document; fact: kids club
79,Komandoo Island Resort,,https://www.komandoo.com/,ok,,Lhaviyani Atoll,Komandoo,,5-star,"seaplane, speedboat, domestic flight",40,,10 ha,65,6,0,,Spa,Prodivers,,True,,0,in-villa dining; destination dining; sunset cruise,0,,,,,reservations@komandoo.com,,+960 662 1010,https://sales.crownandchamparesorts.com/wp-content/uploads/2025/12/KomandooFactsheet110125103126Ver170824.pdf,,,9,wedding brochure; events/MICE document; fact: dining; fact: kids club
80,Raaya by Atmosphere,,https://www.raayamaldives.com/,ok,Atmosphere,Raa Atoll,,,5-star,"seaplane, domestic flight, speedboat",30,25,,167,17,2,,NA Spa,Dive Centre,Kids Club,True,,0,sunset cruise; dine under the stars; beach dinner,0,,,,,info@neoscapesmaldives.com,,+960 736 5425,,,,2,factsheet; wedding brochure; events/MICE document
81,Kuredu Island Resort,,https://www.kuredu.com/,ok,,,,,,,,,,,0,0,,,Prodivers,,,,0,,0,,,,,,,,https://sales.crownandchamparesorts.com/wp-content/uploads/2025/12/KureduFactsheet110125103126Rev301025.pdf,,,9,wedding brochure; events/MICE document; destination dining (romantic/sandbank dinners); fact: villas.total; fact: villa categories; fact: dining; fact: transfer; fact: atoll; fact: spa; fact: kids club; fact: weddings; fact: contacts
82,Ifuru Island Maldives,,https://www.ifuruisland.com/,ok,,Raa Atoll,Ifuru Island,,,"yacht, seaplane, domestic flight",30,,,32,8,7,"Dine Around, AI, Premium AI",Xanadu Spa,Dive Butler,"More
The Coconut Kids Club",True,,1,sunset cruise; floating breakfast; destination dining; romantic dinner; romantic candlelit dinner,0,,,,,bookingmagic@ifuruisland.com,,+960 6582 800,https://www.neoscapesmaldives.com/wp-content/uploads/IFURU-ISLAND-MALDIVES-Fact-Sheet.pdf,,,6,wedding brochure; events/MICE document
83,Mabinhura by Jawakara Islands Maldives,Jawakara Islands (shared documents),https://www.jawakaraislands.com/,ok,NH,,,,,,,,,,0,0,,,,,,,0,,0,,,,,,,,,,,6,factsheet; wedding brochure; events/MICE document; destination dining (romantic/sandbank dinners); fact: villas.total; fact: villa categories; fact: dining; fact: transfer; fact: atoll; fact: spa; fact: dive operator; fact: kids club; fact: weddings; fact: contacts
84,Alimatha Aquatic Resort,,https://www.alimatha.com/,blocked-partial,,Vaavu Atoll,,,,"yacht, seaplane, speedboat",90,90,,130,0,1,AI,"TV
Resort Facilities
Spa",,,,,0,,0,,,,,,,,,,,0,factsheet; wedding brochure; events/MICE document; destination dining (romantic/sandbank dinners); fact: villa categories; fact: dive operator; fact: kids club; fact: weddings; fact: contacts
85,Centara Mirage Lagoon Maldives & Centara Grand Lagoon Maldives,two resorts sharing one entry,https://www.centarahotelsresorts.com/centara/cmlm,ok,Centara,North Male Atoll,Machchafushi,opened 2020,5-star,"speedboat, seaplane, domestic flight",,30,244 m x 482 m,120,3,16,"AI, HB, FB",Spa,,Kids Club,True,True,0,floating breakfast; in-villa dining; private dining; sunset cruise; anniversary celebration; in-villa bbq; chef's table; candlelit dinner; wine dinner; romantic beach dinner; romantic dining; romantic dinner,0,,https://www.centarahotelsresorts.com/centara/sites/centara-centara/files/2025-09/cmlm-floating-breakfast.pdf,200,,info@neoscapesmaldives.com,,+960- 401-5573,https://www.neoscapesmaldives.com/wp-content/uploads/Centara-Mirage-Lagoon-Factsheet-October-2025.pdf,,,29,wedding brochure; events/MICE document; fact: dive operator
86,Four Seasons Private Island Maldives at Voavah,,https://www.fourseasons.com/maldivesvoavah/,blocked,Four Seasons,Baa Atoll,,,,,,,,,0,0,,Spa,,,,,0,,0,,,,,,,,,,,0,factsheet; wedding brochure; events/MICE document; destination dining (romantic/sandbank dinners); fact: villas.total; fact: villa categories; fact: dining; fact: transfer; fact: dive operator; fact: kids club; fact: weddings; fact: contacts
87,Four Seasons Resort Maldives at Landaa Giraavaru,,https://www.fourseasons.com/maldiveslg/,blocked,VARU,Baa Atoll,Finolhas,,,seaplane,35,,,103,2,4,,,,Kids Club,True,,0,in-villa dining; romantic dinner; sandbank dinner,0,True,,,,info@neoscapesmaldives.com,,+960 736 5425,,,,4,factsheet; wedding brochure; events/MICE document; fact: spa; fact: dive operator
88,Holiday Inn Resort Kandooma Maldives,,https://www.ihg.com/holidayinnresorts/hotels/us/en/kandooma-maldives/mlemv/hoteldetail,blocked,Holiday Inn,South Malé Atoll,,,,speedboat,,,,161,0,0,,Kandooma Spa,,,,,0,sunset cruise,0,,,,,,,,,,,0,factsheet; wedding brochure; events/MICE document; fact: villa categories; fact: dining; fact: dive operator; fact: kids club; fact: weddings; fact: contacts
89,Inter Continental Maldives Maamunagau,,https://maldives.intercontinental.com/,blocked-partial,InterContinental,Raa Atoll,Maamunagau,,,"seaplane, yacht",35,,,,14,3,"AI, Dine Around",AVI Spa,,Unser Kids Club,True,,0,sunset cruise; romantic dinner; floating breakfast; in-villa dining; wine dinner; private dining; wine pairing; candlelit dinner; beach dinner; romantic dining,0,,,,True,,,+960 730 9300,https://www.neoscapesmaldives.com/wp-content/uploads/InterContinental-Maldives-Maamunagau-Resort-Factsheet-NEO.pdf,,,1,wedding brochure; events/MICE document; fact: villas.total; fact: dive operator; fact: contacts
90,Six Senses Kanuhura,,https://www.sixsenses.com/en/resorts/kanuhura,blocked,Six Senses,Lhaviyani Atoll,Kanuhura,,5-star,"seaplane, speedboat, domestic flight",40,15,,80,12,8,,Six Senses Spa,,Kids Club,True,,0,castaway lunch; romantic candlelit dinner; private dining; sunset cruise; candlelit dinner; castaway picnic,0,,,,,info@neoscapesmaldives.com,,+960 736 5425,https://www.neoscapesmaldives.com/wp-content/uploads/Factsheet_2018_NEW.pdf,,,2,wedding brochure; events/MICE document; fact: dive operator
91,Lily Beach Resort,,https://www.lilybeachmaldives.com/,ok,Lily,Ari Atoll,Huvahendhoo,renovated 2019,5-star,"seaplane, speedboat",25,,,125,2,8,AI,Spa,Prodivers,Kids Club,True,True,0,sunset cruise; sandbank picnic; beach bbq; private dining,0,True,,,,info@neoscapesmaldives.com,,+960 736 5425,https://www.neoscapesmaldives.com/wp-content/uploads/LilyBeach-Factsheet-Resort-NEO.pdf,,,2,wedding brochure; events/MICE document
92,Amaya Kuda Rah Maldives,NH Maldives Kuda Rah,https://www.amayaresorts.com/,unverified,NH,Ari Atoll,,opened 1995,5-star,"seaplane, yacht",25,,,30,0,0,,Spa,,Kids Club,True,,0,private dining; in-villa dining; sunset cruise; in villa dining; destination dining; romantic dining; candlelit dinner,0,,,,,info@neoscapesmaldives.com,,+960 736 5425,https://www.neoscapesmaldives.com/wp-content/uploads/NH-Maldives-Kuda-Rah-Fact-Sheet.pdf,,,2,wedding brochure; events/MICE document; fact: villa categories; fact: dining; fact: dive operator
93,Maayafushi Tourist Resort,,https://maayafushi.com/,unreachable,,,,,,,,,,,0,0,AI,,,,,,0,,0,,,,,,,,,,,0,factsheet; wedding brochure; events/MICE document; destination dining (romantic/sandbank dinners); fact: villas.total; fact: villa categories; fact: dining; fact: transfer; fact: atoll; fact: spa; fact: dive operator; fact: kids club; fact: weddings; fact: contacts
94,Reethi Faru Resort,,https://www.reethifaru.com/,ok,Reethi,Raa Atoll,Filaidhoo,,5-star,"seaplane, speedboat, domestic flight",45,40,600 m x 350 m,145,7,30,"FB, AI",Spa,Dive Centre,,True,True,1,beach dinner; floating breakfast; sunset cruise; private dining; romantic dinner; sandbank trip; romantic private dinner; beach bbq; anniversary celebration; romantic dining,0,True,,,,inquiry@reethifaru.com,,+960 400 4000,https://www.reethifaru.com/pdf/fact-sheets-english.pdf,https://www.reethifaru.com/pdf/renewal-of-vows.pdf,,19,events/MICE document; fact: kids club
95,Malahini Kuda Bandos,,https://malahini.mv/,ok,,Ari Atoll,Malahini Kuda,,5-star,speedboat,,12,,,15,4,AI,Spa,Dive Centre,Kids Club,True,,0,sand bank trip; beach dinner; floating breakfast; treetop dining; destination dining; in villa dining; dinner under the stars; private dining,0,True,,,,info@neoscapesmaldives.com,,+960 736 5425,https://www.neoscapesmaldives.com/wp-content/uploads/Malahini-Kuda-Bandos-E-factsheet_2017.pdf,,,9,wedding brochure; events/MICE document; fact: villas.total
96,Dhawa Ihuru,"Angsana Ihuru (older name), file code DHMVIH",https://www.dhawa.com/maldives/ihuru,unreachable,Angsana,North Malé Atoll,,opened 1991,5-star,"speedboat, domestic flight, yacht",,25,210 m x 170 m,52,5,18,"AI, Dine Around, FB",Spa,Dive Centre,"Golf
In-Room Dining
Kids Club",True,,0,destination dining; sunset cruise; in-villa dining; beach bbq; in-villa bbq; anniversary celebration; romantic dinner; in-villa barbecue; private dining; candlelit dinner; beach barbecue; floating breakfast; beach dinner; private chef; in villa dining; sandbank dinner,0,True,,600,,reservationsbt@mayakobaexperiences.com,,+960 664 3147,https://www.neoscapesmaldives.com/wp-content/uploads/DHMVIH-Fact-Sheet.pdf,,https://www.banyantree.com/assets/2022-06/mice-bt-shanghai.pdf,22,wedding brochure
97,Angsana Resort & Spa Maldives - Velavaru,,https://www.angsana.com/maldives/velavaru,ok,VARU,Dhaalu Atoll,,opened 2008,5-star,"seaplane, speedboat",5,5,440 m x 140 m,113,5,13,"BB, HB, FB, AI, Premium AI",Spa,Dive Centre,Terra Kids Club,True,True,1,floating breakfast; destination dining; sunset cruise; beach bbq; private chef; in-villa bbq; anniversary celebration; private dining; lobster dinner; beach dinner; romantic dinner; romantic beach dinner; beach barbecue; romantic dining,0,,,,,reservations-velavaru@angsana.com,,+960 676 0028,https://www.neoscapesmaldives.com/wp-content/uploads/Fact-Sheet-Angsana-Velavaru.pdf,,https://www.banyantree.com/assets/2022-06/mice-bt-shanghai.pdf,34,wedding brochure
98,Madifushi Private Island,,https://www.madifushiprivateisland.com/,ok,,Meemu Atoll,,,5-star,seaplane,35,,,,0,3,,Me Spa,Dive Centre,,True,True,0,in villa dining; floating breakfast; sunset cruise; in-villa dining,0,,,,,,,+960 672 0000,,,,6,factsheet; wedding brochure; events/MICE document; fact: villas.total; fact: villa categories; fact: kids club; fact: contacts
99,Conrad Maldives Rangali Island,,https://www.conradmaldives.com/,ok,Conrad,Raa Atoll,Rangali,,5-star,"speedboat, seaplane, yacht, domestic flight",30,30,480 m x 240 m,150,16,27,"HB, FB",Over Water Spa,Ocean Watersports,Teens Club,True,True,3,private dining; beach dinner; beach bbq; sandbank dinner; floating breakfast; underwater dining; underwater restaurant; in-villa dining; romantic dinner; destination dining; sunset cruise; romantic dining; candlelit dinner,3,True,https://www.conradmaldives.com/wp-content/uploads/2025/12/Island-Destination-Dining-Conrad-Maldives-Rangali-Island.pdf,10,,info@conradhotels.com,,+960 668 0629,https://www.conradmaldives.com/wp-content/uploads/2025/12/CMRI-Villa-Factsheet-1.pdf,https://www.conradmaldives.com/wp-content/uploads/2025/12/CMRI_Wedding-Brochure_July2025-2.pdf,,70,events/MICE document
100,Club Med Kanifinolhu,,https://www.clubmed.us/r/kani/y,ok,Club Med,North Malé Atoll,San Salvador,opened 2024,,"domestic flight, speedboat",,25,60 ha,,1,5,"AI, FB",Club Med Spa,,Teens Club,True,,0,anniversary celebration; sunset dinner; romantic dinner; dinner under the stars; underwater restaurant,0,,,,,,,+9607776038,https://factsheets.clubmed/en-us/factsheet_kanc.pdf,,,3,wedding brochure; events/MICE document; fact: villas.total; fact: dive operator; fact: contacts
101,Club Med Finolhu Villas,,https://www.clubmed.co.uk/r/finolhu-villas/y,unreachable,Villa,,,,,,,,,,0,1,BB,,,,,,0,,0,,,,,,,,,,,0,factsheet; wedding brochure; events/MICE document; destination dining (romantic/sandbank dinners); fact: villas.total; fact: villa categories; fact: transfer; fact: atoll; fact: spa; fact: dive operator; fact: kids club; fact: weddings; fact: contacts
102,W Maldives,,https://www.marriott.com/en-us/hotels/mlewh-w-maldives/overview/,blocked,W Maldives,Ari Atoll,Kuramathi,,4-star,"seaplane, speedboat, yacht",25,25,,82,1,3,"AI, HB",Spa,Dive Centre,,True,,0,private dining; romantic dinner; wine pairing; private chef; underwater restaurant; floating breakfast,0,,,10,,info@neoscapesmaldives.com,,+960 736 5425,https://neoscapesmaldives.com/wp-content/uploads/W_Retreat-Maldives-Factsheet.pdf,,,10,wedding brochure; events/MICE document; fact: kids club
103,Sheraton Maldives Full Moon Resort & Spa,,https://www.marriott.com/en-us/hotels/mlesi-sheraton-maldives-full-moon-resort-and-spa/overview/,blocked,Sheraton,North Malé Atoll,,,,speedboat,,15,800 m x 300 m,176,6,1,"HB, FB, AI",Spa,Dive Centre,Kids Club,True,,0,romantic dinner; beach dinner; destination dining; lagoon lunch; sunset dinner; dine under the stars; romantic beach dinner; sandbank picnic; floating breakfast,0,True,,,,info@neoscapesmaldives.com,,+960 736 5425,https://www.neoscapesmaldives.com/wp-content/uploads/Fact-Sheet_EN.pdf,,,5,wedding brochure; events/MICE document
104,Medhufushi Island Resort,,https://www.medhufushi.com/,blocked-partial,,,,,,seaplane,,,,,5,1,,Medhufushi Resort Spa,Werner Lau,,,,0,,0,,,,,,,+ 960 672 0026,,,,0,factsheet; wedding brochure; events/MICE document; destination dining (romantic/sandbank dinners); fact: villas.total; fact: atoll; fact: kids club; fact: weddings; fact: contacts
105,Kuda Villingili Resort Maldives,,https://www.kudavillingili.com/,ok,,North Malé Atoll,,,,"speedboat, yacht",,30,313 m x 830 m,75,4,13,"BB, HB, FB, AI",Spa,Dive Centre,At Kuda Fiyo Kids Club,True,True,0,in villa dining; destination dining; beach dinner; floating breakfast; sunset cruise; wine pairing; romantic beach dinner; candlelit dinner; teppanyaki dinner; romantic dinner; in-villa dining; beach bbq,0,,,,,reservations@kudavillingili.com,,+960 400 0900,https://www.neoscapesmaldives.com/wp-content/uploads/241220_-_Factsheet.pdf,https://dhshr15av118h.cloudfront.net/2026/03/Wedding-Brochure-2026-Kuda-Villingili-1.pdf,,23,events/MICE document
106,Anantara Kihavah Villas,,https://www.anantara.com/en/kihavah-maldives,blocked-partial,Anantara,Baa Atoll,,renovated 2021,,"seaplane, yacht, domestic flight",35,,560 m x 270 m,89,2,3,AI,"Facilities
Anantara Spa",,Kids Club,True,,0,private chef; private dining; wine pairing; sunset cruise; underwater restaurant; underwater dining; sandbank picnic,0,True,,,,info@neoscapesmaldives.com,,+960 660 1020,https://www.neoscapesmaldives.com/wp-content/uploads/Anantara_Kihavah_Maldives_Villas_Factsheet_Resort.pdf,,,2,wedding brochure; events/MICE document; fact: dive operator
107,The Westin Maldives Miriandhoo Resort,,https://www.marriott.com/en-us/hotels/mlewi-the-westin-maldives-miriandhoo-resort/overview/,blocked,Westin,Baa Atoll,,,,,,,,,0,1,,,,,,,0,destination dining; sandbank dinner,0,True,,,,,,,,,,1,factsheet; wedding brochure; events/MICE document; fact: villas.total; fact: villa categories; fact: transfer; fact: spa; fact: dive operator; fact: kids club; fact: weddings; fact: contacts
108,Rahaa Resort,,https://rahaaresort.com/,ok,,Laamu Atoll,,,4-star,speedboat,,,,,1,2,,Rahaa Spa,Dive Centre,,True,,0,dinner under the stars; sunset cruise; candlelit dinner; private dining; romantic dinner,0,,,,,reservations@rahaaresort.com,,+ 960 680-0044,,,,1,factsheet; wedding brochure; events/MICE document; fact: villas.total; fact: kids club
109,Constance Moofushi Resort,,https://www.constancehotels.com/en/hotels-resorts/maldives/moofushi/,blocked-partial,Constance,Ari Atoll,,opened 2010,5-star,"seaplane, speedboat",25,30,,130,3,6,AI,Spa,PADI 5 Star,Kids Club,True,,0,sunset cruise; sandbank experience; lagoon lunch,0,True,,,,info@neoscapesmaldives.com,,+960 736 5425,https://www.neoscapesmaldives.com/wp-content/uploads/moofushi-factsheet-en-24april2023.pdf,,,3,wedding brochure; events/MICE document
110,Furaveri Island Resort & Spa,,https://furaveri.com/,ok,Furaveri,Raa Atoll,,,,"speedboat, seaplane",,15,,,0,0,Dine Around,Spa,Dive Club,Kids Club,True,,0,lagoon lunch; wine pairing; in-villa dining; sunset cruise,0,,,,,,,,,https://furaveri.com/wp-content/uploads/2022/05/FM_Website_SignatureWeddingPackage-min.pdf,,32,factsheet; events/MICE document; fact: villas.total; fact: villa categories; fact: dining; fact: contacts
111,Huvafenfushi Maldives,,https://www.huvafenfushi.com/,ok,,North Malé Atoll,,,3-star,"speedboat, seaplane, yacht",,30,47 ha,50,16,8,FB,Every Huvafen Spa,,"Great House Reef
Kids Club",True,True,0,sunset cruise; sandbank experience; sandbank dinner; beach dinner; sandbank lunch; private chef; romantic dining; floating breakfast; private dining; underwater dining; candlelit dinner; romantic dinner; destination dining; sandbank picnic,0,True,https://www.huvafenfushi.com/wp-content/uploads/2026/06/Sandbank-dinner.pdf,,,info@neoscapesmaldives.com,,+960 664 4222,https://www.huvafenfushi.com/wp-content/uploads/2026/04/Huvafen-Factsheet-2026.pdf,https://www.huvafenfushi.com/wp-content/uploads/2026/06/Sand-and-Romance.pdf,https://www.huvafenfushi.com/wp-content/uploads/2026/06/HF-Corporate-Social-Responsibility.pdf,91,fact: dive operator
112,Nika Island Resort and Spa,,https://www.nikamaldives.com/,unreachable,,Ari Atoll,,,,seaplane,25,,,38,13,7,"HB, FB, AI",Spa,Dive Centre,Kids Club,True,,0,candlelit dinner; romantic candlelit dinner,0,,,,,info@neoscapesmaldives.com,,+960 736 5425,https://www.neoscapesmaldives.com/wp-content/uploads/NIKA-FACT-SHEET-Nika-Island-Resort.pdf,,,3,wedding brochure; events/MICE document
113,Mercure Maldives Kooddoo,,https://www.mercure-maldives-kooddoo.com/,unreachable,Mercure,,,,,,,,,,0,0,,,,,,,0,,0,,,,,,,,,,,0,factsheet; wedding brochure; events/MICE document; destination dining (romantic/sandbank dinners); fact: villas.total; fact: villa categories; fact: dining; fact: transfer; fact: atoll; fact: spa; fact: dive operator; fact: kids club; fact: weddings; fact: contacts
114,Gangehi Island Resort,,https://www.gangehi.com/,unreachable,,Ari Atoll,,opened 2008,5-star,,,,,36,9,4,AI,The Ginger Spa,,,,,0,,0,,,,,,,,,,,2,factsheet; wedding brochure; events/MICE document; destination dining (romantic/sandbank dinners); fact: transfer; fact: dive operator; fact: kids club; fact: weddings; fact: contacts
115,Oblu Select by Atmosphere at Sangeli,,https://www.coloursofoblu.com/oblu-select-sangeli,ok,OBLU,North Malé Atoll,Sangeli,opened 2018,5-star,speedboat,,50,456 m x 150 m,137,10,16,"Dine Around, AI, Premium AI",Additional Spa,TGI,Kids Club,True,True,0,floating breakfast; sunset dinner; romantic dining; candlelit dinner; underwater restaurant; sunset cruise; romantic beach dinner; romantic dinner; private dining,0,,,,,sales.sangeli@coloursofoblu.com,,+960) 400 45 01,,,,5,factsheet; wedding brochure; events/MICE document
116,Nova Maldives,,https://nova-maldives.com/,ok,Nova,Ari Atoll,Nova Maldives,,,"seaplane, speedboat, yacht",25,,,75,30,10,"AI, FB",Eskape Spa,,,True,,2,private dining; romantic dinner; floating breakfast; sunset cruise; sandbank escape; romantic dining; destination dining; romantic candlelit dinner; castaway dinner; beach dinner; dine under the stars; dinner under the stars; candlelit dinner; sandbank party; sandbank experience,0,True,https://d7h9v39iheghu.cloudfront.net/previews/7837a234-9635-4da8-b132-476aacd9b4c1/82e5e5f7-46b7-4f71-b7c1-ade9221cae32/82e5e5f7-46b7-4f71-b7c1-ade9221cae32?Policy=eyJTdGF0ZW1lbnQiOiBbeyJSZXNvdXJjZSI6Imh0dHBzOi8vZDdoOXYzOWloZWdodS5jbG91ZGZyb250Lm5ldC9wcmV2aWV3cy83ODM3YTIzNC05NjM1LTRkYTgtYjEzMi00NzZhYWNkOWI0YzEqIiwiQ29uZGl0aW9uIjp7IkRhdGVMZXNzVGhhbiI6eyJBV1M6RXBvY2hUaW1lIjoxNzkzNjg0MDEwfX19XX0_&Signature=0NCrDHEtg~3Ag4tUAPQa6ilJ6cyZ~w4zVuMSD7cG~r-mqETwrHjP~ymbFvuB7vZlbnPnlWCA1ED5pRAzfLnrljg2GzmBKzehdZ5pgyEdg2DhUh1PdoH9P3mOCEtIvAjK8OJMABLlrsk9l-sKHGYMa1a1Cwv28E-vbs9wjG1faMxEGG67VKe8YrbKJea-zq31p-n-SwDxEgYcBaFhSoyAOtk-LQQh4YnbO4e3Mh1O3qhd1CUPoi~QB1~gR8sul5CK0VJQczSIV5ZAIetLpT6YzKJjTsyOlpvwM1Ndaf6IhiW6ocfSJj45JPk5h8YsmO05fa9p1P7DalJRXVD6AH0o6g__&Key-Pair-Id=APKAJXJN6VNR3OLZJXJA,,,info@neoscapesmaldives.com,,+960 66 88 777,https://www.neoscapesmaldives.com/wp-content/uploads/Factsheet-Nova-Maldives-NEO.pdf,https://d7h9v39iheghu.cloudfront.net/previews/7837a234-9635-4da8-b132-476aacd9b4c1/3f5ac883-372b-4221-8214-04fc6f0a4991/3f5ac883-372b-4221-8214-04fc6f0a4991?Policy=eyJTdGF0ZW1lbnQiOiBbeyJSZXNvdXJjZSI6Imh0dHBzOi8vZDdoOXYzOWloZWdodS5jbG91ZGZyb250Lm5ldC9wcmV2aWV3cy83ODM3YTIzNC05NjM1LTRkYTgtYjEzMi00NzZhYWNkOWI0YzEqIiwiQ29uZGl0aW9uIjp7IkRhdGVMZXNzVGhhbiI6eyJBV1M6RXBvY2hUaW1lIjoxNzkzNjg0MDEwfX19XX0_&Signature=0NCrDHEtg~3Ag4tUAPQa6ilJ6cyZ~w4zVuMSD7cG~r-mqETwrHjP~ymbFvuB7vZlbnPnlWCA1ED5pRAzfLnrljg2GzmBKzehdZ5pgyEdg2DhUh1PdoH9P3mOCEtIvAjK8OJMABLlrsk9l-sKHGYMa1a1Cwv28E-vbs9wjG1faMxEGG67VKe8YrbKJea-zq31p-n-SwDxEgYcBaFhSoyAOtk-LQQh4YnbO4e3Mh1O3qhd1CUPoi~QB1~gR8sul5CK0VJQczSIV5ZAIetLpT6YzKJjTsyOlpvwM1Ndaf6IhiW6ocfSJj45JPk5h8YsmO05fa9p1P7DalJRXVD6AH0o6g__&Key-Pair-Id=APKAJXJN6VNR3OLZJXJA,,69,events/MICE document; fact: dive operator; fact: kids club
117,Niyama Maldives,,https://www.niyama.com/,blocked-partial,Niyama,Dhaalu Atoll,Play Island,opened 2012,5-star,"seaplane, speedboat, domestic flight",35,10,820 m x 60 m,,14,4,HB,"Diving
Spa",,Kids Club,True,True,0,in-villa dining; floating breakfast; destination dining; underwater restaurant; underwater dining; treetop dining; romantic dinner; private chef,0,,,,,info.pniy@niyama.com,,+960 676 2828,https://www.neoscapesmaldives.com/wp-content/uploads/Niyama-Private-Islands-Maldives-Factsheet-2025.pdf,,,3,wedding brochure; events/MICE document; fact: villas.total; fact: dive operator
118,Sun Siyam Iru Veli Maldives,,https://www.sunsiyam.com/sun-siyam-iru-veli/,ok,Sun Siyam,Malé Atoll,,,5-star,seaplane,45,,,125,10,14,"AI, Dine Around",Ocean Spa,Dive Centre,Kids Club,True,,0,wine pairing; private dining; romantic beach dinner; floating breakfast; beach bbq; sunset cruise; sand bank picnic; romantic dinner; dinner under the stars; destination dining,0,True,,,,info.iruveli@sunsiyam.com,,+960 676 0100,https://www.sunsiyam.com/media/z0yluoa4/factsheet-iru-veli-2026.pdf,https://www.sunsiyam.com/media/tbdbylep/ultimate-honeymoon-ssiv.pdf,,11,events/MICE document
119,Outrigger Maldives Maafushivaru Resort,Lti Maafushivaru (older name),https://www.outrigger.com/hotels-resorts/maldives/outrigger-maldives-maafushivaru-resort,blocked,VARU,Ari Atoll,,opened 2010,,seaplane,25,,,81,3,4,,Spa,,,True,True,0,private dining; destination dining; lobster dinner,0,,,,,info@neoscapesmaldives.com,,+960 736 5425,,,,3,factsheet; wedding brochure; events/MICE document; fact: dive operator; fact: kids club
120,Bandos Maldives,,https://bandosmaldives.com/,ok,,North Male Atoll,Bandos,opened 1972,,"speedboat, seaplane",,10,18 ha,80,3,14,AI,Orchid Spa,Dive Centre,Kids Club,True,True,1,in-villa dining; private dining; candlelit dinner; romantic private dinner; candle lit dinner; sunset cruise; beach dinner; floating breakfast; sand bank picnic; sandbank picnic; lobster dinner; private chef; beach bbq,0,True,,350,,sales@bandos.com.mv,,+960 664 0088,https://www.neoscapesmaldives.com/wp-content/uploads/BM_Factsheet-2026.pdf,https://bandosmaldives.com/wp-content/uploads/2024/02/Wedding-Packages.pdf,https://bandosmaldives.com/wp-content/uploads/2026/01/Festive-Event-Brochure-19.12.25.pdf,78,
121,Cocoa Island,,https://www.comohotels.com/maldives/como-cocoa-island,ok,COMO,South Malé Atoll,Guraidhoo,,,"speedboat, yacht, seaplane",40,40,,33,3,7,"HB, FB",Medical Spa,,"Great House Reef
Kids Club",True,,1,sunset cruise; private dining; candlelit dinner; floating breakfast; sandbank dinner; sandbank picnic; jetty dinner; sandbank breakfast; private chef; sandbank experience; romantic dining; romantic dinner,2,True,https://de87ve0y4m3tc.cloudfront.net/comohotels.com-2459770069/cms/pressroom/como_cocoa_island_dining_privatediningbrochure.pdf,72,True,info@neoscapesmaldives.com,,+960 664 1818,https://de87ve0y4m3tc.cloudfront.net/comohotels.dev.cendynecommerce.com-2459770069/cms/pressroom/cci_groups_and_events_fact_sheet.pdf,https://de87ve0y4m3tc.cloudfront.net/comohotels.dev.cendynecommerce.com-2459770069/cms/pressroom/cci_wedding_brochure.pdf,https://de87ve0y4m3tc.cloudfront.net/comohotels.com-2459770069/cms/pressroom/como_cocoa_island_privateisland_buyout_brochure.pdf,40,fact: dive operator
122,Avani + Fares Maldives,,https://www.avanihotels.com/en/fares-maldives,blocked-partial,Avani,Baa Atoll,,,5-star,"seaplane, speedboat, domestic flight",35,35,,,0,1,"BB, HB, FB, AI",Spa,Dive Centre,,,,0,in-villa dining; floating breakfast; romantic dinner,0,,,,,fares@avanihotels.com,,+960 660 1660,,,,5,factsheet; wedding brochure; events/MICE document; fact: villas.total; fact: villa categories; fact: kids club; fact: weddings
123,Pullman Maldives Maamutaa Resort,,https://www.pullmanmaldivesmaamutaa.com/,blocked-partial,Pullman,Gaafu Alifu Atoll,,,5-star,speedboat,,15,18 ha,122,0,3,AI,Spa,Dive Centre,,True,,0,sunset cruise; floating breakfast; destination dining,0,,,,,,,+960 6820909,https://d2e5ushqwiltxm.cloudfront.net/wp-content/uploads/sites/209/2020/06/23204710/Pullman-Maldives_Aqua-Villa-Factsheet_June-2020.pdf,,,5,wedding brochure; events/MICE document; fact: villa categories; fact: kids club; fact: contacts
124,Aanugandu Island Resort,,https://aanugandu.mv/,unreachable,,,,,,,,,,,0,0,,,,,,,0,,0,,,,,,,,,,,0,factsheet; wedding brochure; events/MICE document; destination dining (romantic/sandbank dinners); fact: villas.total; fact: villa categories; fact: dining; fact: transfer; fact: atoll; fact: spa; fact: dive operator; fact: kids club; fact: weddings; fact: contacts; no documents or pages collected
125,Gili Lankanfushi,,https://gili-lankanfushi.com/,ok,Gili Lankanfushi,North Male Atoll,Himmafushi,opened 2000,5-star,"speedboat, yacht, seaplane",,30,,45,0,4,HB,Meera Spa,Ocean Paradise,,True,,2,castaway picnic; private dining; in-villa dining; dine under the stars; candlelit dinner; private chef; destination dining; sunset cruise; wine pairing; wine dinner,1,,https://gili-lankanfushi.com/wp-content/uploads/2026/01/Destination-Dining-Package-Jan-2025.pdf,,,,,+960 664 0304,,,,73,factsheet; wedding brochure; events/MICE document; fact: villa categories; fact: kids club; fact: contacts
126,Centara Grand Island Resort & Spa Maldives,,https://www.centarahotelsresorts.com/the-centara-collection/cirm,ok,Centara,Ari Atoll,,opened 2021,5-star,"seaplane, speedboat",25,20,,515,3,3,"AI, HB, FB",Spa,Best Dives,Kids Club,True,True,0,in-villa dining; romantic dinner; sunset cruise; dinner under the stars; beach dinner; floating breakfast; anniversary celebration; wine dinner; romantic beach dinner; romantic dining,0,,,,,info@neoscapesmaldives.com,,+960 400 9999,https://www.centarahotelsresorts.com/the-centara-collection/sites/centara-the-centara-collection/files/2025-05/CIRM_FactSheet_2025_05_14.pdf,,,20,wedding brochure; events/MICE document
127,Oaga Art Resort,,https://oagaresorts.com/,ok,Oaga,Raa Atoll,,,,speedboat,,45,5.43 ha,,0,7,AI,Hoba Spa,,Fiyoh Kids Club,True,,0,in-villa dining; destination dining; floating breakfast,0,,,,,,,+960 9339676,https://oagaresorts.com/wp-content/uploads/2026/08/1.-ENG-Oaga-Fact-sheet-2026_compressed.pdf,,,24,wedding brochure; events/MICE document; fact: villas.total; fact: villa categories; fact: dive operator; fact: contacts
128,"One & Only Reethi Rah, Maldives",,https://www.oneandonlyresorts.com/reethi-rah,unreachable,One & Only,Kaafu Atoll,,,5-star,"seaplane, speedboat, yacht",45,45,44 ha,130,3,2,AI,Javvu Spa,Dive Centre,Kids Club,True,,0,private dining; sandbank experience; sunset cruise; in-villa dining,0,True,,30,,info@neoscapesmaldives.com,,+960 736 5425,https://www.neoscapesmaldives.com/wp-content/uploads/Factsheet-OneOnly-Reethi-Rah.pdf,,,4,wedding brochure; events/MICE document
129,Riu Atoll and Riu Palace Maldivas,,https://www.riu.com/en/hotel/maldives/dhaalu-atoll/hotel-riu-palace-maldivas,ok,RIU,Dhaalu Atoll,"Kedhigandu
Spa",opened 2001,5-star,,,,,176,1,2,AI,Spa,,Resorts Kids Club,True,,0,sunset cruise; romantic dinner,0,,,,,,,+960 400 3700,,,,4,factsheet; wedding brochure; events/MICE document; fact: transfer; fact: dive operator; fact: contacts
130,Robinson Noonu,,https://www.robinson.com/de/clubs/robinson-noonu,unreachable,VARU,,,,,,,,,,0,0,,,,,,,0,,0,,,,,,,,,,,0,factsheet; wedding brochure; events/MICE document; destination dining (romantic/sandbank dinners); fact: villas.total; fact: villa categories; fact: dining; fact: transfer; fact: atoll; fact: spa; fact: dive operator; fact: kids club; fact: weddings; fact: contacts
131,Robinson Maldives,,https://www.robinson.com/de/clubs/robinson-maldives,unreachable,Robinson,,,,,,,,,,0,0,AI,,,,,,0,,0,,,,,,,,,,,0,factsheet; wedding brochure; events/MICE document; destination dining (romantic/sandbank dinners); fact: villas.total; fact: villa categories; fact: dining; fact: transfer; fact: atoll; fact: spa; fact: dive operator; fact: kids club; fact: weddings; fact: contacts
132,Noku Maldives,,https://www.nokumaldives.com/,unreachable,Noku,Noonu Atoll,Kuda Funafaru,,5-star,"seaplane, speedboat",40,15,,,9,14,,Noku Spa,,,True,,0,private dining; in villa dining,0,,,,,info@neoscapesmaldives.com,,+960 736 5425,https://www.neoscapesmaldives.com/wp-content/uploads/NM-Factsheet-July2021.pdf,,,3,wedding brochure; events/MICE document; fact: villas.total; fact: dive operator; fact: kids club
133,Oblu By Atmosphere at Helengeli,OBLU Nature Helengeli by Sentido,https://www.coloursofoblu.com/oblu-nature-helengeli,ok,OBLU,North Malé Atoll,,,4-star,"speedboat, yacht",,50,810 m x 80 m,153,30,10,AI,NA Ayur Spa,TGI,Kids Club,True,True,0,candlelit dinner,0,,,,,sales.helengeli@coloursofoblu.com,,+960) 959 6001,,,,11,factsheet; wedding brochure; events/MICE document
134,"The St. Regis Vommuli Resort, Maldives",,https://www.marriott.com/en-us/hotels/mlexr-the-st-regis-maldives-vommuli-resort/overview/,blocked,St. Regis,Dhaalu Atoll,Vommuli,,5-star,"seaplane, yacht",45,,,77,5,6,HB,Iridium Spa,,Children's Club,True,,0,wine pairing; private dining; dine under the stars; sandbank picnic; sunset cruise; in-villa dining,0,True,,,,info@neoscapesmaldives.com,,+960 736 5425,https://www.neoscapesmaldives.com/wp-content/uploads/The-St.-Regis-Maldives-Fact-Sheet.pdf,,,6,wedding brochure; events/MICE document; fact: dive operator
135,Diamonds Thudufushi Beach and Water Villas,,https://www.diamondsresorts.com/en/diamonds-thudufushi,ok,Villa,Dhaalu Atoll,Zanzibar,,,"seaplane, domestic flight, yacht",25,,639 ha,18,6,21,"AI, BB, FB",Mvua Spa,,Teens Club,True,,0,private dining; sunset cruise; teppanyaki dinner; romantic dinner; beach dinner; lobster dinner,0,,,600,,reservations@planhotel.com,,+960 736 5425,https://d1vp8nomjxwyf1.cloudfront.net/wp-content/uploads/sites/544/2022/10/27105422/Diamonds-Leisure-Beach-Golf-Resort-Fact-Sheet-2026.pdf,,,13,wedding brochure; events/MICE document; fact: dive operator
136,Finolhu Baa Atoll Maldives,,https://www.finolhu.com/,ok,Finolhu,Baa Atoll,,opened 2016,,"speedboat, seaplane, domestic flight, yacht",15,20,,,9,6,AI,Fehi Spa,Dive Butler,"The
Oceaneers Kids Club",True,True,5,floating breakfast; sunset cruise; private dining; sandbank picnic; beach dinner; dine under the stars; beach barbecue,1,True,,240,,info@neoscapesmaldives.com,events@finolhu.mv,+960 660 8800,https://www.finolhu.com/wp-content/uploads/2025/10/Art-Lab-Fact-Sheet.pdf,https://www.finolhu.com/wp-content/uploads/2025/02/Wedding-Packages-2025.pdf,https://www.neoscapesmaldives.com/wp-content/uploads/D2MD-MICE-Brochure-2.pdf,53,fact: villas.total
137,Soneva Secret,,https://soneva.com/resorts/soneva-secret/,ok,Soneva,Baa Atoll,Dhipparufushi,,,"yacht, seaplane, speedboat",,18,,13,16,3,FB,Spa,Dive Centre,,True,True,0,floating breakfast; dine under the stars; beach dinner; dinner under the stars; treetop dining; private chef; candlelit dinner; in-villa dining; sunset cruise; castaway picnic,0,,,50,True,reservations@soneva.com,,+960 734-4300,,,,73,factsheet; wedding brochure; events/MICE document; fact: kids club
138,Varu Island Resort,,https://www.varu-atmosphere.com/,blocked-partial,Atmosphere,North Malé Atoll,,,5-star,speedboat,,45,530 m x 220 m,108,10,1,AI,Spa,Dive Centre,"Speedboat
Kids Club",True,True,0,candlelit dinner,0,,,,,info@neoscapesmaldives.com,,+960 736 5425,,,,3,factsheet; wedding brochure; events/MICE document
139,Kudafushi Resort & Spa,,https://kudafushiresort.com/en/,ok,,Raa Atoll,Kudafushi,,,"seaplane, speedboat, domestic flight",30,25,,107,10,5,AI,Spa,,Kids Club,True,,1,sunset cruise; romantic dinner; sandbank experience,0,True,https://kudafushiresort.com/en/wp-content/uploads/2026/08/ROMANTIC-DINNER-MENU.pdf,,,sales@kudafushiresort.com,,+960 736 5425,https://www.neoscapesmaldives.com/wp-content/uploads/KUDAFUSHI_FACTSHEET.pdf,https://kudafushiresort.com/en/wp-content/uploads/2026/08/KUDAFUSHI-WEDDING-PACKAGES.pdf,,36,events/MICE document; fact: dive operator
140,The Standard Huruvalhi Maldives,,https://www.standardhotels.com/maldives/properties/huruvalhi,blocked,Standard,Raa Atoll,,,,"seaplane, speedboat, domestic flight",20,35,,115,19,9,,The Standard Spa,,"Snorkelling
Kids Club",True,,0,destination dining,0,,,,,info@neoscapesmaldives.com,,+960 736 5425,https://www.neoscapesmaldives.com/wp-content/uploads/STMV_Factsheet__Eng-.pdf,,,4,wedding brochure; events/MICE document; fact: dive operator
141,Soneva Fushi Resort,,https://soneva.com/resorts/soneva-fushi/,ok,Soneva,Baa Atoll,Kunfunadhoo,,,"seaplane, speedboat, yacht, domestic flight",30,10,,13,24,8,"FB, HB",Couples Spa,Dive Centre,"Great House Reef
Kids Club",True,True,0,floating breakfast; candlelit dinner; in villa barbecue; in-villa dining; sunset cruise; castaway picnic; destination dining; sandbank experience; dinner under the stars,0,True,,50,True,reservations@soneva.com,,+960 660 4300,https://soneva-offload-media-library.storage.googleapis.com/wp-content/uploads/2021/03/28174156/Soneva-Fushi-Crusoe-with-Pool-Factsheet.pdf,,,42,wedding brochure; events/MICE document
142,Safari Island,,https://safari-island.com/,ok,,,,,,,,,,,0,0,AI,,,,,,0,,0,,,,,,,,,,,1,factsheet; wedding brochure; events/MICE document; destination dining (romantic/sandbank dinners); fact: villas.total; fact: villa categories; fact: dining; fact: transfer; fact: atoll; fact: spa; fact: dive operator; fact: kids club; fact: weddings; fact: contacts
143,Soneva Jani,,https://soneva.com/resorts/soneva-jani/,ok,Soneva,Noonu Atoll,,,,"seaplane, speedboat, domestic flight",30,10,,85,9,10,"HB, FB",Spa,Dive Centre,Children's Den,True,True,0,sandbank dinner; candlelit dinner; in-villa dining; wine dinner; destination dining; beach dinner,0,True,,,,reservations@soneva.com,,+960 736 5425,https://neoscapesmaldives.com/wp-content/uploads/11747_Soneva-Fushi-Factsheet-2019.pdf,,,21,wedding brochure; events/MICE document
144,South Palm Resort Maldives,,https://southpalm.com.mv/,unreachable,,,,,,,,,,,0,0,,,,,,,0,,0,,,,,,,,,,,0,factsheet; wedding brochure; events/MICE document; destination dining (romantic/sandbank dinners); fact: villas.total; fact: villa categories; fact: dining; fact: transfer; fact: atoll; fact: spa; fact: dive operator; fact: kids club; fact: weddings; fact: contacts; no documents or pages collected
145,Anantara Resort and Spa Maldives,,https://www.anantara.com/en/dhigu-maldives,blocked,Anantara,South Malé Atoll,,opened 2006,5-star,"seaplane, speedboat, yacht",,30,460 m x 100 m,110,9,11,"HB, FB, Dine Around, AI",Over Water Anantara Spa,Aquafanatics,Kids Club,True,True,0,candlelit dinner; sunset cruise; romantic dining; private dining; dine under the stars; romantic candlelit dinner,0,,,50,,info@neoscapesmaldives.com,,+960 736 5425,https://www.neoscapesmaldives.com/wp-content/uploads/Anantara_Dhigu_Maldives_Factsheet_January_2023.pdf,,,2,wedding brochure; events/MICE document
146,Anantara Veli and Naladhu,,https://www.naladhu.com/,blocked-partial,Anantara,South Male Atoll,Naladhu,opened 2008,5-star,"seaplane, speedboat, yacht",,30,220 m x 200 m,,8,5,,Spa,Dive Centre,,True,True,0,dine under the stars; wine dinner; romantic dinner; beach dinner; dinner under the stars; sunset cruise; private dining; in-villa dining,0,,,,,stay@naladhu.com,,+960 664 4100,https://www.neoscapesmaldives.com/wp-content/uploads/Anantara_Veli_Maldives_Factsheet_January_2023.pdf,,,2,wedding brochure; events/MICE document; fact: villas.total; fact: kids club
147,Sun Siyam Vilu Reef Maldives,,https://www.sunsiyam.com/sun-siyam-vilu-reef/,ok,Sun Siyam,Dhaalu Atoll,,,5-star,"seaplane, speedboat",35,,,103,9,10,"AI, Premium AI, Dine Around",Spa,Dive Centre,Kids Club,True,True,0,destination dining; private dining; romantic beach dinner; sunset cruise; beach barbecue; in-villa dining; floating breakfast; beach dinner; candlelit dinner; romantic dinner; sunset dinner,0,,,,,info.vilureef@sunsiyam.com,,+960 676 0011,https://www.sunsiyam.com/media/5q0hgbtr/factsheet-vilu-reef-2026-hr.pdf,https://www.sunsiyam.com/media/jv5nmz43/ultimate-honeymoon-ssvr.pdf,,8,events/MICE document
148,Sun Siyam Iru Fushi Maldives,"The Sun Siyam Iru Fushi, file code TSSI",https://www.sunsiyam.com/sun-siyam-iru-fushi/,ok,Sun Siyam,Noonu Atoll,,,5-star,"seaplane, speedboat, domestic flight",45,35,,221,16,25,"AI, Dine Around, Premium AI",Spa,Dive Centre,Kids Club,True,True,0,wine pairing; private dining; in-villa dining; floating breakfast; sunset cruise; romantic dinner; destination dining; candlelit dinner; beach bbq; dinner under the stars,1,,,10,,info.irufushi@sunsiyam.com,,+960 656 0591,https://www.sunsiyam.com/media/kt3el3ns/iru-fushi_factsheet.pdf,https://www.sunsiyam.com/media/dzmlvgtf/ultimate-honeymoon-ssif.pdf,,24,events/MICE document
149,Biyaadhoo Island Resort,,https://www.biyadhoo.com/,unreachable,,,,,,,,,,,0,0,,,,,,,0,,0,,,,,,,,,,,0,factsheet; wedding brochure; events/MICE document; destination dining (romantic/sandbank dinners); fact: villas.total; fact: villa categories; fact: dining; fact: transfer; fact: atoll; fact: spa; fact: dive operator; fact: kids club; fact: weddings; fact: contacts
150,Coco Bodu Hithi,,https://www.cococollection.com/bodu-hithi,ok,Coco,Baa Atoll,Coco Bodu,,,"seaplane, speedboat",30,35,,23,1,2,AI,Palm Dhuni Kolhu Spa,Dive Ocean,Kids Club,True,,0,romantic dinner; sunset cruise; sandbank picnic; in-villa bbq; beach bbq; wine dinner; in-villa dining; beach barbecue; wine pairing,0,True,,,,info@neoscapesmaldives.com,,+960 736 5425,https://www.neoscapesmaldives.com/wp-content/uploads/02.-Coco-Bodu-Hithi-Factsheet.pdf,,,2,wedding brochure; events/MICE document
151,Coco Palm Dhunikolhu,,https://www.cococollection.com/dhuni-kolhu,ok,Coco,Baa Atoll,Coco Palm,,,"seaplane, speedboat",30,35,,100,0,0,,Palm Dhuni Kolhu Spa,,,True,,0,,0,,,,,,,,,,,0,factsheet; wedding brochure; events/MICE document; destination dining (romantic/sandbank dinners); fact: villa categories; fact: dining; fact: dive operator; fact: kids club; fact: contacts
152,Makunudu Island,,https://makunudu.com/,ok,,North Male Atoll,Maldives,,,speedboat,,45,,36,5,5,AI,Aavun Spa,Dive Ocean,,True,True,0,private dining; romantic dining; sandbank dinner; romantic dinner; lobster dinner; romantic beach dinner; in-villa dining; sandbank escape,1,True,,,,reservations@makunudu.com,,+960 664 6464,https://makunudu.com/wp-content/uploads/2024/11/Maknudu-Factsheet.pdf,https://makunudu.com/wp-content/uploads/2024/05/SimplyRomanticPackage.pdf,,15,events/MICE document; fact: kids club
153,Taj Coral Reef Resort and Spa,,https://www.tajhotels.com/en-in/taj/taj-coral-reef-maldives/,blocked,Taj,North Male Atoll,,,,speedboat,,45,,66,4,2,AI,Spa,,,True,True,0,beach barbecue; in-villa dining; private dining; wine dinner; sunset cruise,0,,,,,info@neoscapesmaldives.com,,+960 736 5425,https://www.neoscapesmaldives.com/wp-content/uploads/FactSheet-Taj-Coral-Reef-Maldives-NEO.pdf,,,2,wedding brochure; events/MICE document; fact: dive operator; fact: kids club
154,Taj Exotica Resort & Spa Maldives,,https://www.tajhotels.com/en-in/taj/taj-exotica-maldives/,blocked,Taj,South Malé Atoll,Free,,5-star,speedboat,,15,,,2,3,AI,Spa,,"Speedboat
Taj Kids Club",True,True,0,private dining,0,,,,,info@neoscapesmaldives.com,,+960 736 5425,https://www.neoscapesmaldives.com/wp-content/uploads/Factsheet-Taj-Exotica-Resort-Spa-_Maldives-NEO.pdf,,,2,wedding brochure; events/MICE document; fact: villas.total; fact: dive operator
155,Constance Halaveli Resort,file code CHRG,https://www.constancehotels.com/en/hotels-resorts/maldives/halaveli/,blocked,Constance,Ari Atoll,,,5-star,"seaplane, speedboat",35,30,,86,12,10,AI,Constance Spa,TGI,Kids Club,True,True,0,sunset cruise; dine under the stars; candlelit dinner,0,,,,,info@neoscapesmaldives.com,,+960 736 5425,https://www.neoscapesmaldives.com/wp-content/uploads/halaveli-factsheet-en-24april2023.pdf,,https://maldives.ru/doc/static/Constance-Hotels-Resorts-Corporate-Brochure-En_removed%20(1).pdf,4,wedding brochure
156,Drift Theluveliga Retreat,,https://drift-theluveliga.com/,unreachable,,,,,,,,,,,0,0,AI,,,,,,0,,0,,,,,,,,,,,0,factsheet; wedding brochure; events/MICE document; destination dining (romantic/sandbank dinners); fact: villas.total; fact: villa categories; fact: dining; fact: transfer; fact: atoll; fact: spa; fact: dive operator; fact: kids club; fact: weddings; fact: contacts
157,The Nautilus Maldives,,https://www.thenautilusmaldives.com/,blocked-partial,Nautilus,Baa Atoll,Kudarikilu,,,"seaplane, domestic flight, yacht, speedboat",20,,,50,3,1,BB,Solasta Spa,,Kids Club,True,,0,private dining; private chef; sandbank picnic; sandbank escape,0,True,,35,True,hello@thenautilusmaldives.com,,+960 660 00 00,https://d7h9v39iheghu.cloudfront.net/previews/7837a234-9635-4da8-b132-476aacd9b4c1/397975b9-e453-4fa8-acb7-4ab8dbe8fb8e/397975b9-e453-4fa8-acb7-4ab8dbe8fb8e?Policy=eyJTdGF0ZW1lbnQiOiBbeyJSZXNvdXJjZSI6Imh0dHBzOi8vZDdoOXYzOWloZWdodS5jbG91ZGZyb250Lm5ldC9wcmV2aWV3cy83ODM3YTIzNC05NjM1LTRkYTgtYjEzMi00NzZhYWNkOWI0YzEqIiwiQ29uZGl0aW9uIjp7IkRhdGVMZXNzVGhhbiI6eyJBV1M6RXBvY2hUaW1lIjoxNzkzNjg0MDEwfX19XX0_&Signature=0NCrDHEtg~3Ag4tUAPQa6ilJ6cyZ~w4zVuMSD7cG~r-mqETwrHjP~ymbFvuB7vZlbnPnlWCA1ED5pRAzfLnrljg2GzmBKzehdZ5pgyEdg2DhUh1PdoH9P3mOCEtIvAjK8OJMABLlrsk9l-sKHGYMa1a1Cwv28E-vbs9wjG1faMxEGG67VKe8YrbKJea-zq31p-n-SwDxEgYcBaFhSoyAOtk-LQQh4YnbO4e3Mh1O3qhd1CUPoi~QB1~gR8sul5CK0VJQczSIV5ZAIetLpT6YzKJjTsyOlpvwM1Ndaf6IhiW6ocfSJj45JPk5h8YsmO05fa9p1P7DalJRXVD6AH0o6g__&Key-Pair-Id=APKAJXJN6VNR3OLZJXJA,https://d7h9v39iheghu.cloudfront.net/previews/7837a234-9635-4da8-b132-476aacd9b4c1/150965b8-c378-429f-b86d-b69fa7b7c567/150965b8-c378-429f-b86d-b69fa7b7c567?Policy=eyJTdGF0ZW1lbnQiOiBbeyJSZXNvdXJjZSI6Imh0dHBzOi8vZDdoOXYzOWloZWdodS5jbG91ZGZyb250Lm5ldC9wcmV2aWV3cy83ODM3YTIzNC05NjM1LTRkYTgtYjEzMi00NzZhYWNkOWI0YzEqIiwiQ29uZGl0aW9uIjp7IkRhdGVMZXNzVGhhbiI6eyJBV1M6RXBvY2hUaW1lIjoxNzkzNjg0MDEwfX19XX0_&Signature=0NCrDHEtg~3Ag4tUAPQa6ilJ6cyZ~w4zVuMSD7cG~r-mqETwrHjP~ymbFvuB7vZlbnPnlWCA1ED5pRAzfLnrljg2GzmBKzehdZ5pgyEdg2DhUh1PdoH9P3mOCEtIvAjK8OJMABLlrsk9l-sKHGYMa1a1Cwv28E-vbs9wjG1faMxEGG67VKe8YrbKJea-zq31p-n-SwDxEgYcBaFhSoyAOtk-LQQh4YnbO4e3Mh1O3qhd1CUPoi~QB1~gR8sul5CK0VJQczSIV5ZAIetLpT6YzKJjTsyOlpvwM1Ndaf6IhiW6ocfSJj45JPk5h8YsmO05fa9p1P7DalJRXVD6AH0o6g__&Key-Pair-Id=APKAJXJN6VNR3OLZJXJA,,22,events/MICE document; fact: dive operator
158,"Patina Maldives, Fari Islands",,https://patinahotels.com/maldives,ok,Patina,North Malé Atoll,Patina Osaka,opened 2018,5-star,"speedboat, yacht, seaplane",10,45,180 m x 650 m,90,10,3,"AI, Dine Around",Spa,Dive Centre,Footprints Kids Club,True,,0,private dining; private chef; in-villa dining; destination dining; anniversary celebration; wine pairing; wine dinner; beach dinner; sandbank picnic; floating breakfast,0,True,,,,reservations.maldives@patinahotels.com,,+960 4000 555,https://www.neoscapesmaldives.com/wp-content/uploads/PAM_FACTSHEET_2025.pdf,,,6,wedding brochure; events/MICE document
159,Cinnamon Dhonveli Maldives,,https://www.cinnamonhotels.com/,ok,Cinnamon,Ari Atoll,,opened 2024,4-star,"speedboat, yacht",,20,700 m x 110 m,146,7,9,"BB, HB, FB, AI",Chavana Spa,,Kids Club,True,,0,private dining; sunset cruise,0,,,50,,info@neoscapesmaldives.com,,+960 736 5425,https://www.neoscapesmaldives.com/wp-content/uploads/Fact-sheet-Dhonveli.pdf,,,24,wedding brochure; events/MICE document; fact: dive operator
160,Cinnamon Velifushi Maldives,,https://www.cinnamonhotels.com/,ok,Cinnamon,Ari Atoll,,opened 2024,,"seaplane, speedboat",50,50,350 m x 120 m,237,9,6,"BB, HB, FB, AI","The Resort
Mandara Spa",,Kids Club,True,,0,private dining; romantic dinner; candlelit dinner; sandbank escape; sunset cruise,0,True,,40,,info@neoscapesmaldives.com,,+960 736 5425,https://www.neoscapesmaldives.com/wp-content/uploads/Fact-sheet-Velifushi.pdf,,,22,wedding brochure; events/MICE document; fact: dive operator
161,Ellaidhoo Maldives By Cinnamon,,https://www.cinnamonhotels.com/,ok,Cinnamon,Ari Atoll,,opened 2024,,,,,,237,7,0,"BB, HB, FB, AI",,,,,,0,private dining,0,,,,,htlres@keells.com,,+9603336000,,,,21,factsheet; wedding brochure; events/MICE document; fact: dining; fact: transfer; fact: spa; fact: dive operator; fact: kids club; fact: weddings
162,The Marina at Crossroads Maldives,,https://crossroadsmaldives.com/,ok,,South Male Atoll,Free,,,"speedboat, yacht",,15,,,2,9,AI,SAii Spa,Dive Centre,,True,,0,sunset cruise; romantic dinner; dine under the stars; private dining,0,,,12,,,,+960 665 1200,,,,93,factsheet; wedding brochure; events/MICE document; fact: villas.total; fact: kids club; fact: contacts
163,Adaaran Prestige Vadoo,,https://www.adaaran.com/prestigevadoo/,ok,Adaaran,South Malé Atoll,Meedhupparu,,,"speedboat, seaplane, domestic flight",,15,200 m x 90 m,50,5,13,"AI, Dine Around, Premium AI",Spa,Dive Centre,,True,True,2,sunset cruise; romantic dinner; floating breakfast; beach dinner; private dining; romantic candlelit dinner; candlelit dinner; jetty dinner; romantic beach dinner; sand bank lunch; underwater restaurant; beach bbq,0,True,,,,info@divepoint-maldives.com,,+960 664 3976,https://www.adaaran.com/prestigevadoo/view-download/?id=apv-fact-sheet,https://www.adaaran.com/prestigevadoo/view-download/?id=PVW,,18,events/MICE document; fact: kids club
164,Baros Maldives,,https://www.baros.com/,ok,Baros,Malé Atoll,Male,opened 1979,5-star,"speedboat, yacht, seaplane, domestic flight",,25,,75,10,19,HB,Serenity Spa,Dive Centre,,True,True,4,destination dining; private chef; sunset cruise; wine pairing; in-villa dining; private dining; candlelit dinner; floating breakfast; romantic private dining; in villa dining; romantic dinner; dine under the stars; sunset dinner; sandbank dinner; beach dinner; romantic sunset dinner; romantic dining; dinner under the stars; sandbank picnic; romantic candlelit dinner; sandbank experience,0,True,,,,reservations@baros.com,,+960 664 26 72,https://www.baros.com/wp-content/uploads/2026/06/Baros-Factsheet-June-2026.pdf,https://www.baros.com/wp-content/uploads/2026/04/Renewal-of-Vows-Baros-Maldives-2026.pdf,,91,events/MICE document; fact: kids club
165,Velassaru Maldives,NIVA Velassaru,https://www.nivavelassaru.com/,ok,NIVA,South Malé Atoll,,,5-star,"speedboat, seaplane",,25,,129,15,13,"AI, Premium AI",Spa,Dive Centre,Play Kids Club,True,True,0,in-villa dining; private dining; beach barbecue; sunset cruise; romantic dinner; destination dining; sandbank trip; sandbank escape; wine dinner; romantic dining,0,True,,,,reservations@nivavelassaru.com,,+960 665 6100,https://www.nivavelassaru.com/wp-content/uploads/2026/01/Niva-Velassaru_Factsheet.pdf,https://www.nivavelassaru.com/wp-content/uploads/2026/05/Renewal-of-Vows.pdf,,75,events/MICE document
166,Kuramathi Maldives,,https://www.kuramathi.com/,ok,Kuramathi,Ari Atoll,Rasdhoo Atoll,,,"seaplane, speedboat",20,75,,,10,13,AI,Spa,Dive Centre,Bageecha Kids Club,True,True,1,private dining; candlelit dinner; lobster dinner; sunset cruise,0,,,,,info@nivakuramathi.com,,+960 736 5425,https://www.nivakurumba.com/wp-content/uploads/2026/02/Kuramathi-Fact-Sheet.pdf,https://www.nivahotelsandresorts.com/wp-content/uploads/2026/05/Renewal-of-Vows-Niva-Kuramathi.pdf,,16,events/MICE document; fact: villas.total
167,Milaidhoo Island Maldives,,https://www.milaidhoo.com/,ok,Milaidhoo,Baa Atoll,Kudarikilu,opened 2016,5-star,"seaplane, speedboat, domestic flight, yacht",15,15,300 m x 180 m,50,2,13,"HB, Dine Around, AI",Spa,,Kids Club,True,True,0,in villa dining; sandbank escape; sunset cruise; sandbank dinner; sandbank breakfast; floating breakfast; private dining; destination dining; candlelit dinner; romantic dining; romantic dinner; in-villa dining; beach dinner; romantic beach dinner; anniversary celebration; dinner under the stars; sandbank picnic; sandbank experience; private chef; chefs table; wine pairing,0,True,https://d1l3wviaauwkfu.cloudfront.net/2025/07/Destination-Dining-2025.pdf,,,reservations@milaidhoo.com,,+960 660 77 88,,https://d1l3wviaauwkfu.cloudfront.net/2026/03/Greg-Finck-to-Host-Exclusive-Photography-Workshop-at-Milaidhoo-Maldives.pdf,,91,factsheet; events/MICE document; fact: dive operator
168,You & Me Maldives,You & Me by Cocoon,https://www.youandmemaldives.com/,ok,Coco,Raa Atoll,,,5-star,"seaplane, speedboat, domestic flight",30,20,30 ha,109,0,7,"Dine Around, AI, Premium AI",Elizabeth Arden Spa,Dive Centre,,True,True,2,underwater restaurant; sunset cruise; sandbank trip; in-villa dining; romantic dinner; sandbank party; candlelit dinner; romantic candle lit dinner; dinner under the stars; floating breakfast,0,True,,,,booking@youandmemaldives.com,,+960 658 1000,https://www.neoscapesmaldives.com/wp-content/uploads/GB-_-You-_-Me-Maldives-_-Fact-Sheet-2026.pdf,https://cdnm.heyzine.com/files/uploaded/ad6cddf745cb8d5aca3c2e28c2beece656b9b68f.pdf,,8,events/MICE document; fact: villa categories; fact: kids club
169,Banyan Tree Maldives Vabbinfaru,,https://www.banyantree.com/maldives/vabbinfaru,ok,Banyan Tree,North Malé Atoll,,opened 2004,5-star,"speedboat, seaplane, domestic flight, yacht",25,25,,48,10,15,"AI, Dine Around, BB, HB, FB",Spa,Dive Centre,"Golf
In-Room Dining
Kids Club",True,True,0,beach bbq; destination dining; sunset cruise; in-villa bbq; anniversary celebration; beach barbecue; floating breakfast; beach dinner; romantic beach dinner; candlelit dinner; private dining; wine dinner; romantic dinner; in-villa dining; in-villa barbecue; private chef,0,,,600,True,reservations-vabbinfaru@banyantree.com,,+960 664 3147,https://www.neoscapesmaldives.com/wp-content/uploads/Factsheet-Banyan-Tree-Vabbinfaru-compressed.pdf,,https://www.banyantree.com/assets/2022-06/mice-bt-shanghai.pdf,27,wedding brochure
170,Cocogiri Island Resort,,https://cocogiri.com/,ok,Coco,,,,,,,,,,0,1,,,,,,,0,,0,,https://cocogiri.com/wp-content/uploads/2025/04/Candlelight-Dining-Menu.pdf,,,,,,https://cocogiri.com/wp-content/uploads/2025/04/COCOGIRI-ISLAND-FACTSHEET.pdf,,,11,wedding brochure; events/MICE document; fact: villas.total; fact: villa categories; fact: transfer; fact: atoll; fact: spa; fact: dive operator; fact: kids club; fact: weddings; fact: contacts
171,Velaa Private Island Maldives,,https://www.velaaprivateisland.com/,ok,Velaa,Noonu Atoll,,,,"seaplane, yacht",45,,20 ha,1,30,5,,"Spa
Spa",Dive Centre,"Kids Club
Kids Club",True,,0,private chef; destination dining; in-villa dining; wine dinner; anniversary celebration; sunset cruise,0,,,,True,info@velaaisland.com,,+960 6565 000,https://neoscapesmaldives.com/wp-content/uploads/Velaa-Private-Island-Fact-Sheet.pdf,,,59,wedding brochure; events/MICE document
172,Mirihi Island Resort,,https://www.mirihi.com/,ok,,Ari Atoll,"Mirihi
Welcome",,,"yacht, seaplane",30,,,36,0,0,"BB, HB, FB","Internet
Resort Facilities
Spa",Ocean Pro,,,,0,romantic dining; private dining; sunset cruise; sandbank picnic; sandbank experience,1,True,,,,,,,https://sales.crownandchamparesorts.com/wp-content/uploads/2018/04/mirihi_fact_sheet.pdf,,,8,wedding brochure; events/MICE document; fact: villa categories; fact: dining; fact: kids club; fact: weddings; fact: contacts
173,Kurumba Maldives,,https://www.nivakurumba.com,ok,Kurumba,Ari Atoll,Vihamanafushi,opened 1972,4-star,"seaplane, speedboat",,75,,180,12,25,"AI, FB",Spa,Dive Centre,Bageecha Kids Club,True,True,6,private dining; sunset cruise; private chef; sandbank picnic; beach dinner; sunset dinner; dinner under the stars; sandbank dinner; romantic dinner,0,True,https://document-tc.galaxy.tf/wdpdf-3tpo10ggoy9g0srcocm84to7b/_cms-document.pdf,,,info@neoscapesmaldives.com,events@nivakurumba.com,+960 736 5425,https://www.nivakurumba.com/wp-content/uploads/2026/02/Kuramathi-Fact-Sheet.pdf,https://www.nivakurumba.com/wp-content/uploads/2026/01/ROV.pdf,https://www.nivakurumba.com/wp-content/uploads/2025/11/Conference-hall-and-VIP-Lounge.pdf,89,
174,Vilamendhoo Island Resort,,https://www.vilamendhoo.com/,ok,,Kaafu Atoll,,opened 2026,5-star,"seaplane, yacht",25,,,184,9,12,"FB, AI, Dine Around",Duniye Spa,Euro-Divers,Kids Club,True,True,2,sunset cruise; beach bbq; private chef; romantic beach dinner; lobster dinner; beach dinner; in-villa dining; candlelit dinner; romantic dinner; private dining; romantic private dinner,1,,https://dra0pipbd8ype.cloudfront.net/2025/07/Vilamendhoo-Candle-Light-Dinner-Menu-010725.pdf,18,,reservations@vilamendhoo.com,,+960 668 0637,https://img.crownandchamparesorts.com/vlm/VilamendhooFactsheet151126103127Rev050626.pdf,https://dra0pipbd8ype.cloudfront.net/2025/06/HoneymoonGuestInfoRatesVilamendhooVer020525.pdf,,108,events/MICE document
175,Villa Nautica Paradise Island,Paradise Island Resort,https://villaresorts.com/villa-nautica/,ok,Villa,South Malé Atoll,Lankanfinolhu,opened 1994,,"speedboat, yacht, domestic flight, seaplane",35,20,1000 m x 230 m,282,23,24,"AI, FB",Araamu Spa,DiveOceanus,Wavy Navy Kids Club,True,True,2,sunset cruise; private dining; romantic beach dinner; sandbank picnic; lagoon lunch; candlelit dinner; beach dinner; sunset dinner; treetop dining; beach barbecue; destination dining; floating breakfast; dine under the stars; romantic sunset dinner; private chef; romantic dining; in-villa dining; romantic dinner; romantic candlelit dinner; underwater restaurant; in villa dining,3,True,,14,,hello@villaresorts.com,,+960 33 44 777,https://d7h9v39iheghu.cloudfront.net/previews/42de57ca-7efe-4d5a-8d86-d9172148eacf/34aa3ec0-d630-4957-8cbf-a4261e08f6c2/185648f3-aab7-4610-b45f-077bc50842e3?Policy=eyJTdGF0ZW1lbnQiOiBbeyJSZXNvdXJjZSI6Imh0dHBzOi8vZDdoOXYzOWloZWdodS5jbG91ZGZyb250Lm5ldC9wcmV2aWV3cy80MmRlNTdjYS03ZWZlLTRkNWEtOGQ4Ni1kOTE3MjE0OGVhY2YqIiwiQ29uZGl0aW9uIjp7IkRhdGVMZXNzVGhhbiI6eyJBV1M6RXBvY2hUaW1lIjoxNzkzNjk2OTU2fX19XX0_&Signature=Vzs-zJl8tl5ac3bWITSsHUZQxqBbKumCntqITMi707QlgNawp35AYETVu1lHU6NlchvstDJ4ejGVpVOhrU-oyvcxqwRXcMBCp7gUdjvEIB7VYeYEz4xQfg2V14KAKWS4NIz4SlHdXWdqmlhoi2S0VtUKbJPqjYa95uNR2ltFKIDtBc5oDkrafWTKW4gIvesGI-rVf79HGAyP4qx871btzz2MdWwRRFNK5Od7jBPE25tRZSgCkrdsNMC6h0PaRFrpAUN4WSxvO4b93M2vvjFy-By6Rw27FQAVU3YHu~jhZ0RH0m-gTjcs4SVkM2Dd6IZ8K0g4UkB5mZwvYClMwvtn1Q__&Key-Pair-Id=APKAJXJN6VNR3OLZJXJA,https://link.assetfile.io/7BzPFO2yqv4Xg3GX5igc4B/Villa+Nautica+-+Weddings+-+Menu.pdf,https://link.assetfile.io/5mM1mCnBIDWvfTyEaE52r7/Villa+Nautica+-+Meetings+and+Events+-+June+2023.pdf,31,
176,Villa Park Sun Island,,https://villaresorts.com/villa-park/,ok,Villa,Ari Atoll,Lankanfinolhu,,,"speedboat, domestic flight, seaplane, yacht",35,120,,460,8,14,"AI, FB",Araamu Spa,DiveOceanus,Kids Club,True,True,2,sandbank trip; romantic dinner; private dining; lagoon lunch; floating breakfast; beach dinner; sunset dinner; candlelit dinner; treetop dining; beach barbecue; destination dining; dine under the stars; sandbank picnic; romantic sunset dinner; private chef; sunset cruise; romantic dining; romantic beach dinner; in-villa dining,1,True,,14,,hello@villaresorts.com,,+960 33 44 777,https://d7h9v39iheghu.cloudfront.net/previews/42de57ca-7efe-4d5a-8d86-d9172148eacf/712f206d-41a8-4b34-9995-3943d4414af0/712f206d-41a8-4b34-9995-3943d4414af0?Policy=eyJTdGF0ZW1lbnQiOiBbeyJSZXNvdXJjZSI6Imh0dHBzOi8vZDdoOXYzOWloZWdodS5jbG91ZGZyb250Lm5ldC9wcmV2aWV3cy80MmRlNTdjYS03ZWZlLTRkNWEtOGQ4Ni1kOTE3MjE0OGVhY2YqIiwiQ29uZGl0aW9uIjp7IkRhdGVMZXNzVGhhbiI6eyJBV1M6RXBvY2hUaW1lIjoxNzkzNjk2OTU2fX19XX0_&Signature=Vzs-zJl8tl5ac3bWITSsHUZQxqBbKumCntqITMi707QlgNawp35AYETVu1lHU6NlchvstDJ4ejGVpVOhrU-oyvcxqwRXcMBCp7gUdjvEIB7VYeYEz4xQfg2V14KAKWS4NIz4SlHdXWdqmlhoi2S0VtUKbJPqjYa95uNR2ltFKIDtBc5oDkrafWTKW4gIvesGI-rVf79HGAyP4qx871btzz2MdWwRRFNK5Od7jBPE25tRZSgCkrdsNMC6h0PaRFrpAUN4WSxvO4b93M2vvjFy-By6Rw27FQAVU3YHu~jhZ0RH0m-gTjcs4SVkM2Dd6IZ8K0g4UkB5mZwvYClMwvtn1Q__&Key-Pair-Id=APKAJXJN6VNR3OLZJXJA,,https://link.assetfile.io/3VHQAkKs9LVEglOEYEH45Y/Villa+Park+-+MICE.pdf,17,wedding brochure
177,Royal Island Resort and Spa,,https://villaresorts.com/royal-island/,ok,,Baa Atoll,Lankanfinolhu,opened 2001,,"speedboat, domestic flight, yacht, seaplane",35,20,800 m x 220 m,152,9,16,"AI, FB",Araamu Spa,DiveOceanus,Kids Club,True,True,0,private dining; sunset cruise; romantic dinner; sandbank picnic; sandbank trip; floating breakfast; beach dinner; sunset dinner; candlelit dinner; treetop dining; beach barbecue; destination dining; dine under the stars; lagoon lunch; in-villa dining,0,True,,14,,hello@villaresorts.com,,+960 33 44 777,https://d7h9v39iheghu.cloudfront.net/previews/42de57ca-7efe-4d5a-8d86-d9172148eacf/20af4d23-8283-4d93-8324-afc58428a875/8ef05306-025c-4c59-ade0-6c4b5eac4b00?Policy=eyJTdGF0ZW1lbnQiOiBbeyJSZXNvdXJjZSI6Imh0dHBzOi8vZDdoOXYzOWloZWdodS5jbG91ZGZyb250Lm5ldC9wcmV2aWV3cy80MmRlNTdjYS03ZWZlLTRkNWEtOGQ4Ni1kOTE3MjE0OGVhY2YqIiwiQ29uZGl0aW9uIjp7IkRhdGVMZXNzVGhhbiI6eyJBV1M6RXBvY2hUaW1lIjoxNzkzNjk2OTU2fX19XX0_&Signature=Vzs-zJl8tl5ac3bWITSsHUZQxqBbKumCntqITMi707QlgNawp35AYETVu1lHU6NlchvstDJ4ejGVpVOhrU-oyvcxqwRXcMBCp7gUdjvEIB7VYeYEz4xQfg2V14KAKWS4NIz4SlHdXWdqmlhoi2S0VtUKbJPqjYa95uNR2ltFKIDtBc5oDkrafWTKW4gIvesGI-rVf79HGAyP4qx871btzz2MdWwRRFNK5Od7jBPE25tRZSgCkrdsNMC6h0PaRFrpAUN4WSxvO4b93M2vvjFy-By6Rw27FQAVU3YHu~jhZ0RH0m-gTjcs4SVkM2Dd6IZ8K0g4UkB5mZwvYClMwvtn1Q__&Key-Pair-Id=APKAJXJN6VNR3OLZJXJA,https://d7h9v39iheghu.cloudfront.net/previews/42de57ca-7efe-4d5a-8d86-d9172148eacf/a04cfb91-3093-47ad-959e-c293d7ec08a0/a04cfb91-3093-47ad-959e-c293d7ec08a0?Policy=eyJTdGF0ZW1lbnQiOiBbeyJSZXNvdXJjZSI6Imh0dHBzOi8vZDdoOXYzOWloZWdodS5jbG91ZGZyb250Lm5ldC9wcmV2aWV3cy80MmRlNTdjYS03ZWZlLTRkNWEtOGQ4Ni1kOTE3MjE0OGVhY2YqIiwiQ29uZGl0aW9uIjp7IkRhdGVMZXNzVGhhbiI6eyJBV1M6RXBvY2hUaW1lIjoxNzkzNjk2OTU2fX19XX0_&Signature=Vzs-zJl8tl5ac3bWITSsHUZQxqBbKumCntqITMi707QlgNawp35AYETVu1lHU6NlchvstDJ4ejGVpVOhrU-oyvcxqwRXcMBCp7gUdjvEIB7VYeYEz4xQfg2V14KAKWS4NIz4SlHdXWdqmlhoi2S0VtUKbJPqjYa95uNR2ltFKIDtBc5oDkrafWTKW4gIvesGI-rVf79HGAyP4qx871btzz2MdWwRRFNK5Od7jBPE25tRZSgCkrdsNMC6h0PaRFrpAUN4WSxvO4b93M2vvjFy-By6Rw27FQAVU3YHu~jhZ0RH0m-gTjcs4SVkM2Dd6IZ8K0g4UkB5mZwvYClMwvtn1Q__&Key-Pair-Id=APKAJXJN6VNR3OLZJXJA,,18,events/MICE document
178,Diamonds Athuruga Beach & Water Villas,,https://www.diamondsresorts.com/en/diamonds-athuruga,ok,Villa,Dhaalu Atoll,Zanzibar,,,"seaplane, domestic flight",25,,639 ha,49,6,24,"AI, BB",Mvua Spa,,Teens Club,True,,0,private dining; sunset cruise; teppanyaki dinner; romantic dinner; beach dinner,0,,,600,,reservations@planhotel.com,,+960 736 5425,https://d1vp8nomjxwyf1.cloudfront.net/wp-content/uploads/sites/544/2022/10/27105422/Diamonds-Leisure-Beach-Golf-Resort-Fact-Sheet-2026.pdf,,,14,wedding brochure; events/MICE document; fact: dive operator
179,Siyam World Maldives,,https://www.sunsiyam.com/siyam-world/,ok,Siyam World,Noonu Atoll,,,,"seaplane, speedboat, domestic flight",40,15,54 ha,23,8,19,"AI, Premium AI",Veyo Spa,Dive Centre,Kids Club,True,True,0,private dining; wine pairing; floating breakfast; romantic beach dinner; sunset cruise; chef's table; honeymoon dinner,0,,,,,info@siyamworld.com,,+960 656 7777,https://www.sunsiyam.com/media/ofahluyo/factsheet-siyam-world-2026.pdf,https://www.sunsiyam.com/media/grbf53ce/ultimate-honeymoon-sw.pdf,,8,events/MICE document
180,"Lux* South Ari Atoll, Maldives",,https://www.luxresorts.com/en/maldives/hotel/luxsouthariatoll,unreachable,LUX*,Ari Atoll,Dhidhoofinolhu,,,seaplane,25,,1500 m x 90 m,193,1,6,,Me Spa,Dive Centre,Kids Club,True,True,0,private dining; in-villa dining; sunset cruise,0,,,,,info@neoscapesmaldives.com,,+960 736 5425,https://www.neoscapesmaldives.com/wp-content/uploads/LUX_-South-Ari-Atoll-Factsheet-ENG.pdf,,,4,wedding brochure; events/MICE document
181,Yash Nature Resort,,https://yashnatureresort.com/,unreachable,,,,,,,,,,,0,0,,,,,,,0,,0,,,,,,,,,,,0,factsheet; wedding brochure; events/MICE document; destination dining (romantic/sandbank dinners); fact: villas.total; fact: villa categories; fact: dining; fact: transfer; fact: atoll; fact: spa; fact: dive operator; fact: kids club; fact: weddings; fact: contacts; no documents or pages collected
182,Kuredhivaru Resort and Spa,,https://www.kuredhivaru.com/,ok,VARU,Noonu Atoll,,,,seaplane,45,,,,1,0,,Spa,,Kids Club,True,,0,dinner under the stars; wine pairing; romantic dinner; sunset dinner; destination dining; lagoon lunch; floating breakfast,0,,,,,info@neoscapesmaldives.com,,+960 736 5425,https://www.neoscapesmaldives.com/wp-content/uploads/Kuredhivaru-Resort-And-Spa-Factsheet-ENG.pdf,,,2,wedding brochure; events/MICE document; fact: villas.total; fact: dining; fact: dive operator
